birth_navi_id,item,cost_text,cost_yen
10001,無痛分娩（初産・経産問わず）,"100,000円",100000
10002,計画無痛分娩,120000,120000
10003,硬膜外麻酔（クラス受講）,160000,160000
10003,硬膜外麻酔（クラス未受講）,200000,200000
10006,無痛分娩費用,"150,000円",150000
10009,経産婦無痛分娩,"100,000円",100000
10010,経産婦無痛分娩(前回の分娩で異常を指摘されなかった方）,"80,000円",80000
10014,計画無痛分娩,"60,000円",60000
10014,陣痛発生後に希望された場合,"120,000円",120000
10015,,"100,000円",100000
10020,初産婦,"130,000円~170,000円",130000
10020,経産婦,"110,000円~130,000円",110000
10021,夜間・休日無痛分娩,"71,500円",71500
10021,平日日中無痛分娩,"55,000円",55000
10022,計画分娩としている無痛分娩,"100,000円",100000
10023,,"108,000円",108000
10027,無痛分娩,"150,000円",150000
10028,,"100,000円",100000
10029,和痛分娩,"110,000円",110000
10029,和痛分娩前検査,"10,000円",10000
10030,無痛分娩,"30,000円",30000
10031,無痛分べん料,"1回につき172,470円",1
10037,無痛分娩,"132,000円",132000
10041,無痛分娩管理料,"150,000円",150000
10044,,"100,000円",100000
10047,1、初産,"150,000円",150000
10047,1、経産,"100,000円",100000
10050,無痛分娩は、一律１０万円,"ただし、硬膜外チューブを設置するも、薬剤の投与ができなかった場合は、処置費用として30,000円",30000
10053,,"120,000円",120000
10054,無痛分娩,"100,000円",100000
10056,予定の場合,"100,000円",100000
10056,緊急など予定外の場合,"150,000円",150000
10057,和痛分娩（硬膜外無痛分娩）,"100,000円",100000
10057,和痛分娩（硬膜外無痛分娩） プロウペス腟用錠を用いた場合,"120,000円",120000
10059,無痛分娩料,100000,100000
10059,麻酔科外来費用,"約20,000",20000
10062,1．初産婦,"130,000円",130000
10062,1．経産婦,"100,000円",100000
10064,,"100,000円",100000
10069,無痛費用,100000,100000
10071,無痛分娩加算,"20,000円",20000
10076,無痛分娩,120000,120000
10077,初産婦・経産婦問わず無痛分娩,100000,100000
10078,無痛分娩費用＋機械薬剤料,"150,000円",150000
10080,無痛分娩,"100,000円",100000
10082,無痛分娩,"120,000円",120000
10084,初産婦休日深夜無痛分娩,"680,000円~",680000
10084,初産婦時間外無痛分娩,"640,000円~",640000
10084,初産婦深夜無痛分娩,"660,000円~",660000
10084,初産婦無痛分娩,"610,000円~",610000
10084,経産婦休日深夜無痛分娩,"650,000円~",650000
10084,経産婦時間外無痛分娩,"610,000円~",610000
10084,経産婦深夜無痛分娩,"630,000円~",630000
10084,経産婦無痛分娩,"580,000円~",580000
10088,無痛分娩,"120,000円",120000
10090,初産婦無痛分娩,"150,000円",150000
10090,経産婦無痛分娩,"100,000円",100000
10091,事前申込,"120,000円",120000
10091,事前申込（夜間）,"140,000円",140000
10091,入院後申込,"140,000円",140000
10091,入院後申込（夜間）,"160,000円",160000
10095,経産婦無痛分娩,100000,100000
10096,初産婦無痛分娩,"150,000円",150000
10096,経産婦無痛分娩,"120,000円",120000
10096,緊急無痛（分娩当日に実施可能と判断された場合に限る）,"30,000円",30000
10096,過体重管理料（BMI30以上）,"30,000円",30000
10097,無痛分娩,"100,000円",100000
10097,無痛分娩 　開始より12時間毎に薬剤料1万円追加,"110,000円",110000
10097,無痛分娩　非妊時BMI28以上、分娩時BMI30以上、医師によるハイリスク診断,"120,000円",120000
10106,分娩費に追加される無痛分娩費用,"140,000円",140000
10109,経産婦無痛分娩,"100,000円",100000
10110,無痛分娩,"160,000円",160000
10110,無痛分娩（2日目で至らなかった場合）,"50,000円",50000
10110,無痛分娩（2日目）,"200,000円",200000
10111,経産婦無痛分娩,"60,000円",60000
10124,通常の分娩費用に追加して,"100,000円",100000
10125,24時間超えた場合,プラス　5000,5000
10125,無痛分娩（休日・時間外）,100000,100000
10125,無痛分娩（時間内）,80000,80000
10126,経産婦無痛分娩,"132,000円(+前日入院17,800円)",132000
10126,経産婦無痛分娩(2日目に至った場合),"132,000円(+前日入院17,800円)+33,000円",132000
10130,時間内,64000,64000
10133,A) 平日日中の麻酔導入 → 17時までのお産,100000,100000
10133,B) 平日日中の麻酔導入 → 17時以降のお産,120000,120000
10133,C) 平日夜間の麻酔導入,140000,140000
10133,D) 土日祝日・日中の麻酔導入,140000,140000
10133,E) 土日祝日・夜間の麻酔導入,160000,160000
10133,F) 無痛麻酔後に帝王切開へ移行,70000,70000
10134,通常分娩費用に下記金額を加算,120000,120000
10135,無痛分娩（硬膜外麻酔、脊椎麻酔併用）,"170,000円",170000
10135,無痛分娩（硬膜外麻酔）,"140,000円",140000
10136,麻酔分娩Ⅰ-1（麻酔薬注入3回まで）,"70,000円",70000
10136,麻酔分娩Ⅰ-2（麻酔薬注入4回以上）,"100,000円",100000
10136,麻酔分娩Ⅰ-3（麻酔が2日間以上にわたる）,"120,000円",120000
10137,,"630,000円~650,000円",630000
10138,,"100,000円",100000
10139,8:30～18:00,"100,000円",100000
10139,休日・時間外,"120,000円",120000
10140,夜間無痛分娩,50000,50000
10140,無痛分娩,40000,40000
10149,経産婦　計画分娩,"20,000円",20000
10153,無痛分娩費用（麻酔回数や脊髄麻酔、神経ブロック併用による追加費用なし。初産、経産婦による追加費用なし。時間帯(夜間や祝日)による追加費用なし）,"80,000円",80000
10154,無痛分娩,"150,000円",150000
10160,一律,"150,000円",150000
10162,無痛分娩を選択した場合、通常の分娩費用に加えて以下の料金がかかる,"150,000円",150000
10164,初産婦,"150,000円",150000
10164,経産婦,"100,000円",100000
10172,無痛分娩,"100,000円",100000
10173,分娩費用に下記の無痛分娩費用を加算,"150,000円",150000
10175,,"100,000円",100000
10181,無痛分娩,100000,100000
10182,,"100,000円",100000
10184,無痛分娩料,"100,000円",100000
10187,36週までの無痛分娩希望者,"100,000円",100000
10187,37週以降の急遽の無痛分娩希望者,"120,000円",120000
10190,"120,000円",,
10191,初産婦無痛分娩,"100,000円",100000
10191,経産婦無痛分娩,"80,000円",80000
10191,計画無痛分娩　無痛管理費1日につき,"10,000円追加",10000
10192,経産婦無痛分娩,110000,110000
10194,緊急無痛加算,"25,000円",25000
10194,計画無痛,"150,000円",150000
10194,陣発後無痛,"99,000円",99000
10195,初産婦無痛分娩,"200,000円",200000
10195,経産婦無痛分娩,"150,000円",150000
10197,時間外無痛分娩（休日を含む）,150000,150000
10197,通常時間内無痛分娩（8：30～16：30）,100000,100000
10200,休診日無痛分娩,"150,000円",150000
10200,休診日無痛分娩・予約外,"200,000円",200000
10200,基本料金（予約外）,"180,000円",180000
10200,基本料金（予約）,"130,000円",130000
10200,時間外無痛分娩,"150,000円",150000
10200,時間外無痛分娩・予約外,"200,000円",200000
10200,深夜無痛分娩,"160,000円",160000
10200,深夜無痛分娩・予約外,"210,000円",210000
10203,22時～翌日6時まで無痛分娩(深夜加算),"20,000円",20000
10203,無痛分娩料,"70,000円",70000
10205,,"150,000円",150000
10207,無痛分娩予約あり,55000,55000
10207,無痛分娩予約なし,71000,71000
10208,深夜,53000,53000
10209,"無痛分娩
※時間外（深夜を除く）の場合は20,000円を、休日または深夜の場合は30,000円を加算","100,000円",100000
10209,無痛分娩（休日または深夜）,"130,000円",130000
10209,無痛分娩（時間外）,"120,000円",120000
10210,1.名目：無痛分べん料（医学的適応によるもの）,"50,000円を分べん介助料に追加",50000
10210,1.名目：無痛分べん料（患者の希望によるもの）,"120,000円を分べん介助料に追加",120000
10213,経産婦無痛分娩,"165,000円",165000
10215,,"160,000円",160000
10217,診療時間内　無痛分娩,"120,000円",120000
10217,診療時間外　無痛分娩,"150,000円",150000
10219,無痛分娩（一律）,"150,000円",150000
10222,初産,100000,100000
10222,経産,80000,80000
10224,無痛分娩加算料,"112,900円+検査料",112900
10229,休日深夜処置,"100,000円",100000
10229,時間内処置,"80,000円",80000
10229,時間外処置,"90,000円",90000
10235,無痛分娩,"120,000円",120000
10238,医学的適応がある場合（母体心疾患など）,"50,000円",50000
10238,患者希望,"100,000円",100000
10246,100000,,
10247,経産婦　12時間以上,100000,100000
10247,経産婦　12時間未満,80000,80000
10249,,"150,000円",150000
10266,分娩費用に加算,160000,160000
10268,無痛分娩としての加算,"50,000円",50000
10270,無痛分娩費用,"200,000円",200000
10272,無痛分娩一律,150000,150000
10276,"無痛分娩（6時間以上12時間未満）
7日間入院","400,000円~500,000円",400000
10276,"無痛分娩（6時間未満）
7日間入院","400,000円",400000
10277,無痛分娩,"120,000円",120000
10277,緊急無痛分娩,"170,000円",170000
10282,,"120,000円",120000
10283,無痛分娩（硬膜外穿刺）をおこなった場合,"110,000円",110000
10290,経産婦無痛分娩,15万円,15
10291,初産婦,"130,000円",130000
10291,経産婦,"100,000円",100000
10295,,"51,930円",51930
10298,,"100,000円",100000
10299,一律,"100,000円",100000
10302,初産婦・経産婦,"100,000円",100000
10302,夜間・休日無痛分娩,"120,000円",120000
10305,無痛分娩,"70,000円",70000
10307,予定,"50,000円",50000
10307,緊急,"100,000円",100000
10308,和痛分娩,"120,000円",120000
10309,"１.無痛分娩加算
（一般の分娩に加算として上乗せ）","100,000円
※初産婦・経産婦での値段の違いなし",100000
10310,1.無痛分娩費用は一律(初産、経産、夜間休日関係なく一律料金）,"120,000円",120000
10315,医学的適応による無痛分娩,"50,000円~(麻酔実施時間により加算)",50000
10315,無痛分娩,"180,000円",180000
10317,無痛分娩料,150000,150000
10334,予約外での無痛分娩,"150,000円",150000
10334,無痛分娩(硬膜外カテーテル+薬),"150,000円",150000
10336,一律,"100,000円",100000
10337,初産婦無痛分娩・休日深夜,"170,000円",170000
10337,初産婦無痛分娩・時間内,"150,000円",150000
10337,初産婦無痛分娩・時間外,"160,000円",160000
10337,経産婦無痛分娩・休日深夜,"120,000円",120000
10337,経産婦無痛分娩・時間内,"100,000円",100000
10337,経産婦無痛分娩・時間外,"110,000円",110000
10348,産痛緩和法,"100,000円",100000
10350,経産婦無痛分娩,120000,120000
10352,無痛分娩（硬膜外麻酔2日目以降）,"30,000円",30000
10352,無痛分娩（硬膜外麻酔初日）,"120,000円",120000
10353,無痛分娩取扱料,"120,000円",120000
10355,初産婦無痛分娩,"137,000円",137000
10355,無痛分娩が完遂しなかった場合,"20,000円",20000
10355,無痛分娩自費採血（凝固系）,700円,700
10355,無痛分娩診察料,"3,000円",3000
10355,経産婦無痛分娩,"127,000円",127000
10359,お産費用　+　12万円（無痛分娩費用）,,
10360,無痛分娩,"通常の分娩費用に加え100,000円",100000
10365,麻酔分娩,150000,150000
10367,,"・60,000円  ・120,000円",60000
10368,無痛分娩,"165,000円(消費税込み)",165000
10379,,直接問い合わせください,
10380,和痛分娩,100000,100000
10387,無痛分娩管理料,150000,150000
10389,分娩麻酔管理料,"105,070円",105070
10390,,"100,000円",100000
10392,無痛分娩,"650,000円",650000
10394,1．名目：和痛分娩加算,"100,000円",100000
10394,１．名目：麻酔前評価検査,"20,000円~30,000円",20000
10399,休日時間外無痛分娩,"140,000円",140000
10399,休日深夜無痛分娩,"150,000円",150000
10399,時間内無痛分娩,"110,000円",110000
10399,時間外無痛分娩,"120,000円",120000
10399,深夜無痛分娩・休日時間内無痛分娩,"130,000円",130000
10401,初産婦,"100,000円",100000
10401,当院で二人目以上,"50,000円",50000
10401,経産婦,"75,000円",75000
10405,無痛分娩,85000,85000
10407,医学的適応のある妊婦,保険診療,
10407,和痛分娩を希望する経産婦,"150,000円",150000
10411,無痛分娩（硬膜外カテーテル留置のみで薬剤挿入せず出産した場合）,80000,80000
10411,無痛分娩（術前検査のみで無痛分娩にならなかった場合）,20000,20000
10411,無痛分娩（鎮痛下で分娩した場合）,150000,150000
10412,分娩時間10時間以下,"約120,000円",120000
10412,分娩時間10時間越え,"約150,000円",150000
10413,"1.名目：経産婦無痛分娩
2.価格：10万円",,
10415,初産婦,17万円,17
10415,経産婦,12万円,12
10418,※夜間・休日は対応していません,,
10418,"名目：患者希望による無痛分娩
　　　(初産・経産の区別なし)","約900,000円",900000
10425,計画分娩,"88,000円",88000
10426,,"130,000円",130000
10427,初産婦無痛分娩（市内）,"350,000円",350000
10427,初産婦無痛分娩（市外）,"370,000円",370000
10427,時間外初産婦無痛分娩（市内）,"360,000円",360000
10427,時間外初産婦無痛分娩（市外）,"380,000円",380000
10427,時間外経産婦無痛分娩（市内）,"350,000円",350000
10427,時間外経産婦無痛分娩（市外）,"370,000円",370000
10427,経産婦無痛分娩（市内）,"340,000円",340000
10427,経産婦無痛分娩（市外）,"360,000円",360000
10428,無痛分娩について,"150,000円",150000
10429,無痛分娩,"100,000円",100000
10432,経産婦計画無痛分娩,"88,000～",88000
10433,無痛分娩管理料,"250,000円",250000
10433,無痛分娩管理料（2回目）,"28,000円",28000
10434,麻酔分娩,"200,000円",200000
10436,休日分娩加算,"200,000円",200000
10436,休日無痛麻酔加算,"380,000円",380000
10436,分娩料,"550,000円",550000
10436,時間外分娩加算,"150,000円",150000
10436,時間外無痛麻酔加算,"350,000円",350000
10436,深夜分娩加算,"200,000円",200000
10436,深夜無痛麻酔加算,"380,000円",380000
10436,無痛麻酔加算,"280,000円",280000
10437,分娩・麻酔管理加算（分娩まで麻酔管理を要するため、分娩まで１日延長する毎に加算されます。）,"10,000円",10000
10437,無痛分娩　基本料金,"12,000円",12000
10437,肥満加算（「BMI 30以上、34.9以下」の方は麻酔により高度な技術が必要です。「BMI 35以上」の方は、医学的リスクが高いため当院では行っておりません）,"20,000円",20000
10437,臨時加算（無痛分娩予定日前に分娩が開始した場合に臨時で麻酔するため、加算されます。この場合、分娩に至るまでの時間が短い場合が多いです。休日や時間外の対応はできません。）,"10,000円",10000
10444,処置代70000円＋使用薬剤代,"70,000円",70000
10449,初産婦,195000,195000
10449,経産婦,155000,155000
10452,経産婦無痛分娩,15万,15
10455,初産婦・経産婦無痛分娩,"100,000円",100000
10457,一律、無痛分娩費用として追加,"150,000円",150000
10458,初産婦,"200,000円",200000
10458,経産婦,"150,000円",150000
10465,無痛分娩（初産・経産）,"120,000円",120000
10475,無痛分娩,"100,000円",100000
10477,無痛分娩一律,"110,000円",110000
10478,上記期間の医学的適応無痛,"50,000円",50000
10478,中期中絶、中期流産,"50,000円",50000
10478,後期早産期・満期の経腟分娩における希望無痛,"100,000円",100000
10487,無痛分娩費用,150000,150000
10488,無痛分娩（初産婦・経産婦）,"150,000円",150000
10490,無痛分娩,"100,000円",100000
10493,経腟分娩（保険適用外）（入院期間：出産後 4～5日）,"970,000円",970000
10494,無痛分娩加算,"150,000円",150000
10499,無痛分娩,100000,100000
10500,経腟分娩,"100,000円",100000
10500,麻酔分娩中に帝王切開に移行した場合,"50,000円",50000
10504,夜間無痛分娩,"660,000円",660000
10504,無痛分娩,"640,000円",640000
10507,休日・深夜加算費用,"20,000円",20000
10507,初産婦無痛分娩（麻酔と分娩の費用）,"452,000円",452000
10507,平日・土曜日時間外加算費用,"10,000円",10000
10507,経産婦無痛分娩（麻酔と分娩の費用）,"432,000円",432000
10508,初産婦無痛分娩(2026年4月から）,150000,150000
10508,無痛分娩管理料（硬膜外カテーテル留置のみ）（別途費用負担あり）,30000,30000
10508,経産婦無痛分娩管理料（別途費用負担あり）,100000,100000
10508,胎児エコー外来（+4Dエコー）,14000,14000
10514,無痛分娩費用,"150,000円",150000
10516,和痛分娩費,"100,000円",100000
10520,無痛分娩,"80,000円",80000
10522,無痛（和痛）分娩,"およそ750,000円(和痛分としては内150,000円)",750000
10526,無痛分娩,"100,000円",100000
10527,保険診療に準ずる,,
10528,4人床に入室の場合の無痛分娩,"950,000～1,000,000",950000
10528,個室に入室の場合の無痛分娩,"1,000,000～1,050,000",1000000
10534,硬膜外鎮痛（+脊髄くも膜下鎮痛）,"150,000円",150000
10534,硬膜外鎮痛（+脊髄くも膜下麻酔）を開始したが、帝王切開となった場合,"120,000円",120000
10534,脊髄くも膜下鎮痛のみ,"75,000円",75000
10536,無痛分娩,"150,000円",150000
10537,無痛分娩（一律）,50000,50000
10539,経産婦・初産の無痛分娩（事前希望）,"836,000円",836000
10539,経産婦・初産の無痛分娩（事前希望）,"866,000円",866000
10541,経産婦・初産婦ともに,"130,000円",130000
10542,無痛分娩（入院費・分娩費別）,"150,000円",150000
10548,"麻酔外来術前検査のみ
※無痛分娩とならなかった場合に返金なし","15,000円",15000
10548,麻酔外来術前検査・無痛分娩料,"100,000円",100000
10549,無痛分娩,"88,000円",88000
10550,無痛分娩,100000,100000
10553,休日・時間外無痛分娩(初産婦、経産婦とも同一料金）,411000,411000
10553,深夜無痛分娩(初産婦、経産婦とも同一料金）,432000,432000
10553,無痛分娩(初産婦、経産婦とも同一料金）,390000,390000
10557,無痛分娩を中断した場合,"30,000円",30000
10557,無痛分娩を実施した場合,"100,000円",100000
10561,和痛分娩費,"100,000円",100000
10571,無痛分娩,"100,000円",100000
10577,無痛分娩,"100,000円",100000
10578,1.名目：初産婦無痛分娩,"790,000円",790000
10578,1.名目：経産婦無痛分娩,"740,000円",740000
10581,無痛分娩,"150,000円",150000
10581,無痛分娩（硬膜外留置のみ）,"20,000円",20000
10588,硬膜外分娩,"100,000円",100000
10590,無痛分娩,"160,000円",160000
10595,初産婦・経産婦,100000,100000
10597,無痛分娩,"150,000円",150000
10603,硬膜外麻酔　休日夜間特別料金なし,"100,000円",100000
10603,腰椎麻酔　休日夜間特別料金なし,"100,000円",100000
10611,夜間・休日無痛分娩,120000,120000
10611,無痛分娩,100000,100000
10614,麻酔を投与する時間が５時間以上,120000,120000
10614,麻酔を投与する時間が５時間以内,100000,100000
10616,無痛分娩（別途、分娩介助料が掛かります）,"106,000円",106000
10619,正常分娩（入院６日）,"約920,000円",920000
10622,無痛分娩麻酔管理料,180000,180000
10624,経産婦無痛分娩,"分娩料金+150,000円",150000
10625,診療報酬点数×10円,"15,000円",15000
10628,予定外無痛分娩,80000,80000
10628,無痛分娩,70000,70000
10632,無痛分娩処置料,"100,000円",100000
10635,"※ケース1～9共通事項
特別療養環境室（個室、3人部屋）利用の場合は、別途利用料金が加算されます。",,
10635,無痛分娩（経膣）：時間内（8：00～18：00）：10時間以上,"467,000円~",467000
10635,無痛分娩（経膣）：時間内（8：00～18：00）：5時間まで,"417,000円~",417000
10635,無痛分娩（経膣）：時間内（8：00～18：00）：5～10時間まで,"442,000円~",442000
10635,無痛分娩（経膣）：時間外（6：00～8：00、18：00～22：00）：10時間以上,"487,000円~",487000
10635,無痛分娩（経膣）：時間外（6：00～8：00、18：00～22：00）：5時間まで,"437,000円~",437000
10635,無痛分娩（経膣）：時間外（6：00～8：00、18：00～22：00）：5～10時間まで,"462,000円~",462000
10635,無痛分娩（経膣）：深夜（22：00～6：00）・休日：10時間以上,"507,000円~",507000
10635,無痛分娩（経膣）：深夜（22：00～6：00）・休日：5時間まで,"457,000円~",457000
10635,無痛分娩（経膣）：深夜（22：00～6：00）・休日：5～10時間まで,"482,000円~",482000
10636,休日、深夜　無痛分娩開始から4時間以内に分娩,"120,000円",120000
10636,休日、深夜　無痛分娩開始から4～7時間以内で分娩,"149,000円",149000
10636,休日、深夜　無痛分娩開始から7時間以上で分娩,"192,000円",192000
10636,平日　無痛分娩開始から4～7時間以内で分娩,"102,000円",102000
10636,平日　無痛分娩開始から7時間以上で分娩,"126,000円",126000
10636,平日無痛開始から4時間以内に分娩,"86,000円",86000
10636,時間外　無痛分娩開始から4時間以内に分娩,"103,000円",103000
10636,時間外　無痛分娩開始から4～7時間以内で分娩,"126,000円",126000
10636,時間外　無痛分娩開始から7時間以上で分娩,"159,000円",159000
10638,無痛分娩,100000,100000
10642,休日無痛分娩,"173,000円",173000
10642,無痛分娩,"143,000円",143000
10650,無痛分娩加算,"100,000円",100000
10655,時間内無痛分娩加算,130000,130000
10658,経産婦無痛分娩,"無痛分娩料:120,000円
無痛分娩入院料(1日につき):10,000円
無痛分娩術前検査:30,000円",120000
10660,麻酔分娩費用,"通常の分娩費用にプラス150,000円",150000
10661,初産婦、経産婦,"150,000円",150000
10662,無痛分娩,88000,88000
10664,無痛分娩加算（計画無痛分娩に限る。）,"120,000円",120000
10666,分娩・入院料に加算されます,150000,150000
10670,1.名目：無痛分娩（当面は経産婦のみ）,"120,000円",120000
10673,分娩料金に加えて、麻酔料金として頂いています。,"120,000円",120000
10674,初産婦無痛分娩,"264,000円",264000
10674,経産婦無痛分娩,"259,000円",259000
10675,無痛分娩管理料,"100,000円",100000
10675,無痛前検査,"30,000円",30000
10679,"通常の分娩費用に加え、以下の費用がかかります。
無痛分娩料（50,000円）＋無痛分娩管理料（100,000円）",,
10688,無痛分娩,"80,000円",80000
10691,無痛分娩,"110,000円",110000
10692,分娩時硬膜外麻酔管理料,"140,000円",140000
10697,希望者は一律,100000,100000
10698,無痛分娩,"100,000円",100000
10700,無痛分娩料,"50,000円",50000
10701,日中の計画無痛分娩,"100,000円",100000
10701,計画外の緊急無痛分娩,"150,000円",150000
10702,初産婦無痛分娩,"319,000円",319000
10702,夜間・休日無痛分娩,"356,000円",356000
10702,経産婦無痛分娩,"319,000円",319000
10703,医学的適応,"100,000円",100000
10703,希望,"150,000円",150000
10707,分娩費用約50万円＋15万円,,
10711,,"150,000円",150000
10715,分娩介助料 （無痛分娩）硬膜外麻酔,"95,970円",95970
10715,分娩介助料 （無痛分娩）硬膜外麻酔（緊急）,"130,050円",130050
10715,分娩介助料 （無痛分娩）静脈麻酔（緊急）,"92,820円",92820
10715,分娩介助料（無痛分娩）静脈麻酔,"58,740円",58740
10716,医学的適応のある無痛分娩（時間内）,"420,000円",420000
10716,医学的適応のある無痛分娩（時間外）,"460,000円",460000
10716,医学的適応のない無痛分娩（時間内）,"470,000円",470000
10716,医学的適応のない無痛分娩（時間外）,"510,000円",510000
10724,和痛分娩,"180,000円",180000
10725,無痛分べん料,"100,000円",100000
10730,和痛分娩,"128,000円",128000
10731,13万円,,
10735,無痛分娩料,"70,000円",70000
10740,無痛分娩,"100,000円",100000
10742,無痛分娩,"90,000円",90000
10743,経産婦無痛分娩,120000,120000
10747,計画無痛分娩,140000,140000
10748,経産婦無痛分娩,"150,000円",150000
10750,分娩時鎮痛,30000,30000
10750,計画分娩,100000,100000
10752,,"145,000円",145000
10754,初産婦,"200,000円",200000
10754,当院経産婦,"180,000円",180000
10755,無痛分娩（一律）,"80,000円",80000
10756,経産婦計画無痛分娩,120000,120000
10760,カテーテル挿入したが薬剤を投与せず出産した場合,"60,000円",60000
10760,保健入院中で分娩した場合,"90,000円",90000
10760,計画通り分娩した場合,"130,000円",130000
10761,無痛分娩,"50,000円",50000
10764,無痛分べん加算（無痛分べん基本料）1回につき,"50,000円",50000
10764,無痛分べん加算（管理料・10時間を超える場合）,"35,000円",35000
10764,無痛分べん加算（管理料・10時間以内）1回につき,"25,000円",25000
10764,無痛分べん加算（管理料・5時間以内）1回につき,"15,000円",15000
10766,1.無痛分娩に関する費用（非課税）,"100,000円",100000
10767,無痛分娩費用,130000,130000
10773,分娩に至らなかった場合,"60,000円",60000
10773,無痛分娩,"160,000円",160000
10774,計画分娩,"90,000(非課税）",90000
10775,和痛分娩（一律）,"88,000円",88000
10777,手技料（薬剤含む）,"70,000円",70000
10780,経産婦無痛分娩,120000,120000
10782,夜間,"140,000円",140000
10782,昼間,"120,000円",120000
10782,深夜,"150,000円",150000
10787,無痛分娩,120000,120000
10795,無痛分娩,"80,000円",80000
10797,初産婦無痛分娩,"150,000円",150000
10797,経産婦無痛分娩,"130,000円",130000
10799,無痛分娩（事前検査込）,"125,000円",125000
10800,無痛分娩,100000,100000
10802,無痛分娩,100000,100000
10803,,"100,000円",100000
10804,麻酔分娩費（初産・経産問わず）,150000,150000
10808,経産婦無痛分娩,"約100,000",100000
10811,無痛分娩料,"100,000円",100000
10811,無痛分娩料（チュービングのみ）,"40,000円",40000
10814,夜間,"120,000円",120000
10814,平日・昼間,"100,000円",100000
10814,深夜,"130,000円",130000
10815,無痛（和痛）分娩,"48,000円",48000
10822,無痛分娩,"150,000円",150000
10823,無痛分娩,"100,000円",100000
10827,無痛分娩,"100,000円",100000
10828,経産婦の無痛分娩,16万,16
10829,無痛分娩料,"225,000円",225000
10831,無痛分娩,"100,000円",100000
10832,硬膜外無痛分娩管理費用（2日目以降/一日あたり）,"20,000円",20000
10832,硬膜外無痛分娩管理費用（１日）,"120,000円",120000
10832,硬膜外無痛前検査・麻酔科外来費用,"10,000円",10000
10833,無痛分娩麻酔管理料,"172,500円",172500
10836,初産婦追加料金,190000,190000
10836,経産婦追加料金,150000,150000
10843,経産婦無痛分娩,"150,000円",150000
10845,無痛分娩,"100,000円",100000
10849,計画無痛分娩（分娩料金に上乗せ）,"130,000円",130000
10855,非公表,,
10859,,"150,000円",150000
10863,経産婦　計画分娩,"100,000円",100000
10869,無痛分娩,123000,123000
10885,無痛分娩,"100,000円",100000
10889,無痛分娩処置費用,"100,000円",100000
10892,全例,"20,000円",20000
10893,,"130,000円",130000
10901,無痛分娩（緊急・麻酔外来未済）,"150,000円",150000
10901,無痛分娩（緊急・麻酔外来済）,"130,000円",130000
10901,無痛分娩（通常）,"100,000円",100000
10902,,"100,000円",100000
10903,無痛分娩薬（麻薬）の筋肉注射,"20,000円",20000
10903,追加の注射,"10,000円",10000
10906,無痛（和痛）分娩,100000,100000
10908,無痛分娩,70000,70000
10912,,"100,000円",100000
10915,初産婦　経産婦　一律,"88,000円",88000
10917,予定外で急遽、無痛分娩になった場合(夜間、休日）,"155,000円",155000
10917,予定外で急遽、無痛分娩になった場合(平日）,"127,000円",127000
10917,計画無痛分娩(基本),"105,000円",105000
10922,無痛,"45,000円",45000
10922,計画無痛,"55,000円",55000
10927,初産・経産婦無痛分娩,"100,000円",100000
10927,夜間・休日無痛分娩「,"120,000円",120000
10928,,"普通分娩費用+100,000円",100000
10933,時間内無痛分娩；80000円,,
10938,予定計画無痛,100000,100000
10938,緊急無痛,120000,120000
10940,無痛分娩,"120,000円",120000
10940,緊急無痛分娩（事前予約無しの場合）,"180,000円",180000
10941,院長が麻酔を行った場合,77000,77000
10941,麻酔科専門医が麻酔を行った場合（穿刺が困難な場合）,110000,110000
10943,緊急無痛分娩,"130,000円",130000
10943,計画無痛分娩,"90,000円",90000
10944,経産婦無痛分娩,"420,000円",420000
10947,無痛管理加算,"150,000円",150000
10948,無痛分娩,"150,000円",150000
10950,無痛分娩加算はありません,0円,0
10952,硬膜外麻酔による無痛分娩,"80,000円",80000
10957,,"100,000円",100000
10958,鎮痛分娩,"100,000円",100000
10965,初産婦追加料金,"180,000円",180000
10965,経産婦追加料金,"140,000円",140000
10973,事前予約あり,60000,60000
10973,事前予約なし,90000,90000
10976,休日・夜間の無痛処置,"115,000円",115000
10976,無痛処置,"85,000円",85000
10978,無痛分娩（13時間以上）,140000,140000
10978,無痛分娩（6時間以内）,100000,100000
10978,無痛分娩（7～12時間以内）,120000,120000
10978,硬膜外麻酔管理料（2026年2月1日以降に分娩予約をした方）,120000,120000
10986,初産婦緊急無痛分娩（計画日程前）,"850,000円",850000
10986,初産婦緊急無痛分娩（陣痛発来後）,"880,000円",880000
10986,初産婦計画無痛分娩,"840,000円",840000
10986,経産婦緊急無痛分娩（陣痛発来後）,"820,000円",820000
10986,経産婦緊急睦分娩（計画日程前）,"790,000円",790000
10986,経産婦計画無痛分娩,"780,000円",780000
10990,無痛分娩全般,100000,100000
10993,初産の通常分娩の金額に下記の金額が加算されます,130000,130000
10993,経産の分娩の金額に下記の金額が加算されます,110000,110000
11000,無痛分娩,"100,000円",100000
11004,無痛分娩（平日時間内）,"105,000円",105000
11004,無痛分娩（時間外・休日）,"115,000円",115000
11005,通常の麻酔,"80,000円",80000
11012,和痛分娩費用,"78,000円",78000
11023,通常の費用に＋,"100,000円",100000
11024,夜間・休日無痛分娩,"80,000円+10,000円~20,000円",80000
11024,感染症妊婦の無痛分娩,"80,000円+70,000円",80000
11024,無痛分娩,"80,000円",80000
11026,経産婦無痛分娩,"140,000円",140000
11029,,"100,000円",100000
11030,無痛分娩（税込）,"99,000円",99000
11033,無痛分娩,50000,50000
11033,無痛分娩　時間外（休日、深夜等）,60000,60000
11038,夜間・休日は加算あり,"20,000円~",20000
11038,深夜帯入院、深夜帯出産以外は可能な限り対応している,,
11038,通常料金,"80,000円",80000
11040,初産婦無痛分娩,"100,000円",100000
11040,経産婦無痛分娩,"100,000円",100000
11044,初産婦,"追加が約50,000円",50000
11044,経産婦,"追加が約40,000円",40000
11049,分娩予約の際に希望して保証金を納めた場合,"70,000円",70000
11052,経産婦無痛分娩,"100,000円",100000
11054,無痛分娩,"60,000円",60000
11057,予約,"70,000円",70000
11057,予約外,"100,000円",100000
11061,無痛分娩,"100,000円",100000
11063,休日,"395,500円",395500
11063,休日・深夜,"415,500円",415500
11063,夜間・予定外（無痛分娩の日程決定後，予定日より前かつ夜間に出産）,"395,500円",395500
11063,夜間（20～0時）,"385,500円",385500
11063,深夜（0～8時）,"395,500円",395500
11063,診療時間内,"375,500円",375500
11064,,"100,000円",100000
11067,初産婦無痛分娩,150000,150000
11067,経産婦無痛分娩,120000,120000
11069,現在経産婦のみ対応,"120,000円前後",120000
11070,,"30,000円",30000
11070,,"100,000円",100000
11071,麻酔分娩,"100,000円",100000
11079,時間外無痛分娩加算,"20,000円",20000
11079,無痛分娩,"50,000円",50000
11079,無痛分娩（PCAポンプ）,"60,000円",60000
11079,計画分娩料,"20,000円",20000
11079,麻薬加算,"10,000円",10000
11080,無痛分娩,"100,000円",100000
11086,無痛分娩加算,"100,000円",100000
11086,計画分娩加算,"15,000円/日",15000
11090,無痛分娩,"100,000円",100000
11090,緊急無痛分娩,"120,000円",120000
11093,休日・深夜,"75,000円",75000
11093,平日時間内,"60,000円",60000
11093,平日時間外,"68,000円",68000
11093,陣痛に耐えられず予定外の無痛分娩希望,"上記にプラス20,000円",20000
11096,,"60,000円",60000
11097,1.休日、夜間（時間外）,"80,000円~100,000円",80000
11097,1.平日（時間内）,"50,000円~80,000円",50000
11103,無痛分娩費用,"40,000円",40000
11107,無痛分娩麻酔代,"105,000円",105000
11109,無痛分娩前検査,7000,7000
11109,無痛分娩実施加算,85000,85000
11110,無痛分娩(初産婦・経産婦)※東京都無痛分娩助成対象医療機関,"150,000円",150000
11116,夜間・休日無痛分娩,230000,230000
11116,夜間・休日無痛分娩,300000,300000
11116,計画無痛分娩,180000,180000
11116,陣発無痛分娩,250000,250000
11118,,"100,000円",100000
11123,休日・深夜(22:00〜6:00 ),"150,000円~",150000
11123,"時間外(18:00〜22:00, 6:00 〜9:00)","100,000円~",100000
11123,診療時間内,"80,000円~",80000
11127,,"600,000円",600000
11129,初産婦無痛分娩,"1,350,000円",1350000
11129,初産婦無痛分娩（夜間）,"1,470,000円",1470000
11129,初産婦無痛分娩（時間外）,"1,410,000円",1410000
11129,経産婦無痛分娩,"1,280,000円",1280000
11129,経産婦無痛分娩（夜間）,"1,400,000円",1400000
11129,経産婦無痛分娩（時間外）,"1,340,000円",1340000
11134,無痛分娩,"100,000円",100000
11135,初産婦無痛分娩　個室　5日目退院,"1,040,000円",1040000
11135,初産婦無痛分娩　多床室　5日目退院,"960,000円",960000
11135,初産婦無痛分娩　特別室　5日目退院,"1,180,000円",1180000
11135,経産婦無痛分娩　個室　４日目退院,"980,000円",980000
11135,経産婦無痛分娩　特別室　４日目退院,"1,100,000円",1100000
11135,経産婦無痛分娩コース　3日目退院,"718,000円",718000
11138,経産婦のみ実施,"110,000円",110000
11140,夜間無痛分娩,"90,000円~110,000円",90000
11140,無痛分娩,"80,000円~100,000円",80000
11141,経産婦無痛分娩,120000,120000
11142,初産婦・経産婦無痛分娩,"150,000円",150000
11143,,"80,000円",80000
11145,,"110,000円",110000
11154,経産婦のみ実施,100000,100000
11155,無痛分娩,"100,000円",100000
11159,無痛分娩料,"30,000円",30000
11159,自然分娩→無痛分娩へ変更希望,"40,000円",40000
11164,休日無痛分娩,720000,720000
11164,初産婦無痛分娩,680000,680000
11164,経産婦無痛分娩,680000,680000
11170,医学的無痛分娩,"65,000円",65000
11170,無痛分娩希望,"80,000円",80000
11180,,"80,000円",80000
11182,経産婦無痛分娩,"100,000円",100000
11189,休日分娩加算,"200,000円",200000
11189,休日無痛麻酔加算,"380,000円",380000
11189,分娩料,"550,000円",550000
11189,時間外分娩加算,"150,000円",150000
11189,時間外無痛麻酔加算,"350,000円",350000
11189,深夜分娩加算,"200,000円",200000
11189,深夜無痛麻酔加算,"380,000円",380000
11189,無痛麻酔加算,"280,000円",280000
11193,無痛分娩費用,"100,000円",100000
11198,35週0日までのお申し込みの場合,"100,000円",100000
11198,35週1日以降にお申し込みの場合,"150,000円",150000
11212,,"103,500円+薬剤代 1回3,500円",103500
11225,計画無痛分娩,"100,000円",100000
11227,,"100,000円",100000
11228,初・経産婦問わず麻酔が成立した場合,"120,000円",120000
11230,初産婦無痛分娩,130000,130000
11230,経産婦無痛分娩,120000,120000
11236,初産婦無痛分娩,"498,000円",498000
11236,経産婦無痛分娩,"478,000円",478000
11236,緊急無痛分娩,"528,000円",528000
11238,無痛分娩,"50,000円",50000
11243,経産婦無痛分娩,"150,000円",150000
11249,,"120,000円",120000
11253,一律,"60,000円",60000
11254,緊急無痛分娩（本人の意思で急遽無痛に変更）,"120,000円",120000
11254,計画無痛分娩,"100,000円",100000
11254,陣痛が来てからの無痛分娩,"60,000円",60000
11267,脊髄くも膜下麻酔,"40,000円",40000
11267,陰部神経ブロック麻酔,"20,000円",20000
11272,基本料金,"100,000円",100000
11272,材料費,"25,000円",25000
11272,緊急無痛分娩基本料,"150,000円",150000
11278,1.名目（和痛分娩）　2.価格（80000：円）,,
11280,,"70,000円",70000
11282,無痛分娩費,"120,000円",120000
11286,日祭日加算,20000,20000
11286,硬膜外麻酔用チューブ挿入などの基本処置,55000,55000
11286,麻酔薬追加やブレンド含めた概算合計金額,60000~80000,60000
11290,無痛分娩,"40,000円",40000
11294,夜間、計画外,"110,000円",110000
11294,通常：日中の計画分娩,"90,000円",90000
11297,初産・経産,"110,000円",110000
11298,計画無痛分娩,140000,140000
11306,硬膜外麻酔分娩,"100,000円",100000
11309,初産婦オンデマンド,"150,000円",150000
11309,経産婦,"100,000円",100000
11312,無痛分娩費用（追加費用）,50000,50000
11313,硬膜外麻酔による産痛緩和,100000,100000
11320,初産婦・経産婦・時間帯にかかわらず,"90,000円",90000
11326,"100,000円",,
11326,休日及び深夜,125000,125000
11328,,"88,000円",88000
11330,麻酔費用,"120,000円",120000
11334,初産婦/経産婦　無痛分娩,"760,000円~",760000
11334,初産婦/経産婦　自然分娩,"640,000円~",640000
11334,夜間・休日無痛分娩,"790,000円~",790000
11343,祝日や缶などの緊急で無痛分娩,150000,150000
11343,緊急で無痛分娩,140000,140000
11343,計画分娩1日で出産,120000,120000
11343,計画分娩で2日,140000,140000
11343,計画分娩で3日,160000,160000
11345,夜勤帯無痛分娩,"30,000円",30000
11345,日勤帯無痛分娩,"20,000円",20000
11349,初産婦　無痛分娩,"120,000円",120000
11349,無痛分娩　エピカテチューブのみ挿入になった場合,"30,000円",30000
11349,無痛分娩　エピカテチューブを入れて和痛分娩をした場合,"30,000円 + 30,000円",30000
11349,無痛分娩　エピカテチューブを入れて帝王切開になった場合,"30,000円 + 手術費用",30000
11349,無痛分娩　エピカテチューブを入れ和痛分娩したが帝王切開になった場合,"30,000円 + 30,000円 +手術費用",30000
11349,無痛分娩　麻酔したが帝王切開になった場合,"70,000円 + 手術費用",70000
11349,無痛分娩　麻酔せず帝王切開になった場合,手術費用 + 処置費用,
11349,経産婦　無痛分娩,"100,000円",100000
11362,無痛分娩　1日目,100000,100000
11362,無痛分娩　2日目以後（1日につき）,50000,50000
11364,,"100,000円",100000
11364,R8年4月ご出産から,"140,000円",140000
11366,緊急無痛　休日・夜間,"140,000円",140000
11366,計画分娩 当日,"100,000円",100000
11366,計画分娩　翌日,"120,000円",120000
11372,無痛分娩,"620,000円",620000
11376,36週までの予約,"50,000円",50000
11376,予約なし,"80,000円",80000
11385,,"100,000円",100000
11395,無痛分娩,10万,10
11403,休日料金,"105,000円",105000
11403,平日料金,"85,000円",85000
11403,時間外料金,"95,000円",95000
11403,深夜料金,"115,000円",115000
11405,休日無痛分娩,"30,000円",30000
11405,時間外無痛分娩,"30,000円",30000
11405,深夜無痛分娩,"40,000円",40000
11405,計画無痛分娩（日中）,"100,000円",100000
11411,硬膜外麻酔,"80,000円",80000
11412,100000円（税別）,,
11428,予定ない場合の緊急無痛分娩加算,10000,10000
11428,夜間対応加算,10000,10000
11428,無痛分娩,100000,100000
11429,平日日中,100000,100000
11429,時間外、深夜、日祝日,150000,150000
11430,初産婦無痛分娩,"121,000円",121000
11430,経産婦無痛分娩,"88,000円",88000
11431,,"80,000円",80000
11435,一律,"70,000円",70000
11436,初産婦無痛分娩,"80,000円",80000
11436,経産婦無痛分娩,"50,000円",50000
11438,夜間・休日　無痛分娩,120000,120000
11438,無痛分娩（平日、時間内）,100000,100000
11439,一律,80000,80000
11443,計画無痛分娩,"100,000円",100000
11443,途中から無痛分娩に切り替える場合や医学的適応により無痛分娩となる場合,"120,000円",120000
11446,経産婦無痛分娩,"80,000円",80000
11453,初産婦無痛分娩の場合,80000,80000
11453,無痛開始時の時間外加算,"10,000～30,000",10000
11453,経産婦無痛分娩の場合,70000,70000
11457,無痛分娩,"100,000円",100000
11457,緊急無痛分娩,"130,000円",130000
11461,,"115,000円",115000
11462,予約外の無痛分娩,"120,000円",120000
11462,計画無痛分娩,"100,000円",100000
11466,無痛分娩,"70,000円",70000
11470,無痛分娩,50000,50000
11470,計画無痛分娩,70000,70000
11475,時間外無痛分娩,"170,000円~",170000
11475,無痛分娩,"150,000円",150000
11478,,要確認,
11480,無痛分娩,"120,000円",120000
11483,初産婦無痛分娩,"100,000円",100000
11483,経産婦無痛分娩,"100,000円",100000
11484,適応なる場合,50000,50000
11489,無痛分娩費用,"160,000円",160000
11491,初産婦無痛分娩,70000,70000
11491,経産婦無痛分娩,70000,70000
11504,,"初産およそ880,000円",880000
11504,経産状況により分娩後４日目退院可能　　　およそ830000,,
11509,初産婦無痛分娩,"180,000円",180000
11509,夜間・休日無痛分娩,"各料金+30,000円",30000
11509,無痛学級未受講者（初産・経産問わず),"200,000円",200000
11509,経産婦無痛分娩,"150,000円",150000
11510,,"44,000円",44000
11510,分娩が24時間以上長引いた際は薬剤料+管理料として,"22,000円",22000
11511,無痛分娩,"80,000円",80000
11513,無痛分娩費用,"105,000円",105000
11513,緊急無痛分娩,"150,000円",150000
11514,経産婦無痛分娩,"620,000円",620000
11523,初産婦・経産婦無痛分娩,"70,000円",70000
11523,夜間・休日無痛分娩,"85,000円",85000
11532,入院時以降に申し出あり,"150,000円",150000
11532,出産前に申し出あり,"130,000円",130000
11544,ダブルカテーテル管理料,"20,000円",20000
11544,初産婦基本料金,"130,000円",130000
11544,経産婦基本料金,"120,000円",120000
11550,休日　深夜,"90,000円",90000
11550,時間内,"70,000円",70000
11550,時間外,"80,000円",80000
11551,入院費+10万～18万（時間帯・日・祝日によって変動あり）,,
11552,,"65,000円",65000
11553,和痛穿刺料,"8,500円",8500
11553,和痛管理料,"6,600円",6600
11556,初産婦無痛分娩,"150,000円",150000
11556,経産婦無痛分娩,"75,000円",75000
11561,予約外時間内無痛分娩,120000,120000
11561,予約外時間外無痛分娩,150000～,150000
11561,時間内無痛分娩,100000,100000
11561,時間外無痛分娩,130000～,130000
11562,初産婦無痛分娩,お問合せ下さい,
11562,経産婦無痛分娩,お問合せ下さい,
11566,1.名目：無痛分娩（基本）,"80,000円",80000
11566,1.名目：無痛分娩（日曜・祝日に麻酔導入）,"90,000円",90000
11566,1.名目：無痛分娩（深夜［22時～5時］に麻酔導入）,"90,000円",90000
11566,1.名目：無痛分娩（無痛分娩教室未受講）,"100,000円~110,000円(ケース1・2・3に20,000円加算)",100000
11567,夜間、休日、緊急無痛分娩,"120,000円",120000
11567,計画無痛分娩,"100,000円",100000
11569,一律,"50,000円",50000
11571,初産婦無痛誘発分娩,110000,110000
11571,経産婦無痛誘発分娩,100000,100000
11573,,"110,000円",110000
11574,無痛分娩時間内（平日9:00～17:59）,130000,130000
11574,無痛分娩時間外（それ以外の時間）,150000,150000
11579,経産婦無痛分娩,"150,000円",150000
11585,経産婦無痛分娩,80000,80000
11586,初経産・時間にかかわらず一定。,"35,000円",35000
11588,経産婦無痛分娩,"100,000円",100000
11590,和痛分娩（ペチロルファン筋注）1日あたり,20000,20000
11590,硬膜外麻酔,130000,130000
11602,計画分娩を含む無痛分娩(平均額),"(普通分娩費用に加えて)150,000",150000
11602,計画分娩を含む無痛分娩(最少額),"(普通分娩費用に加えて)140,000",140000
11602,計画分娩を含む無痛分娩(最高額),"(普通分娩費用に加えて)180,000",180000
11604,初産・経産婦ともに,100000,100000
11611,無痛分娩（時間内）,150000,150000
11611,無痛分娩（時間外）,200000,200000
11628,初産婦、経産婦、曜日、時間、方法に関わらず一律,"150,000円",150000
11633,,"110,000円",110000
11634,手技料,80000,80000
11634,管理料/日,5000,5000
11634,薬剤料,600～,600
11634,計画分娩加算,20000,20000
11636,経産婦無痛分娩,80000,80000
11642,,"100,000円",100000
11646,休日・深夜分娩,"390,000円",390000
11646,時間内分娩,"370,000円",370000
11646,時間外分娩,"380,000円",380000
11648,無痛分娩,"30,000円",30000
11651,夜間無痛分娩,"140,000円",140000
11651,無痛分娩,"120,000円",120000
11651,自然分娩希望からの無痛分娩切り替え,"140,000円",140000
11652,夜間無痛分娩,"140,000円",140000
11652,無痛分娩,"120,000円",120000
11652,自然分娩希望からの無痛分娩切り替え,"140,000円",140000
11655,無痛分娩,"50,000円~100,000円",50000
11665,時間外･深夜･休診日加算,"20,000円",20000
11687,※状況により変動,,
11970,無痛分娩,"100,000円",100000
11972,計画無痛分娩,100000,100000
11975,医学的適応の場合,"10,000円",10000
11975,希望による無痛分娩は経産婦かつ当院での無痛分娩経験者に限る,"30,000円",30000
11999,無痛分娩,"80,000円",80000
11999,無痛分娩（休日及び時間外）,"100,000円",100000
12001,無痛加算,7000,7000
12003,無痛分娩,"100,000円",100000
12006,無痛分娩,"90,000円",90000
12008,陣痛誘発剤などの薬剤・母体管理料を含む,"80,000円~100,000円",80000
12014,,"約700,000円",700000
12018,経産婦予約無痛分娩,"80,000円",80000
12018,経産婦緊急無痛分娩,"120,000円",120000
12025,計画無痛分娩によらない,"60,000円",60000
12025,計画無痛分娩による,"50,000円",50000
12028,,"33,000円",33000
12029,無痛分娩費用は一律4万,"効果不良の時は20,000円",20000
12030,初産婦,"150,000円",150000
12030,初産婦（突然の申し入れの場合）,"180,000円",180000
12030,経産婦,"120,000円",120000
12030,経産婦（突然の申し入れの場合）,"150,000円",150000
12032,初産婦、ケース1以外の経産婦,"70,000円",70000
12032,妊娠判明時のBMIが23未満で、なおかつ分娩時の体重体重増加を12㎏未満に抑えた経産婦,"40,000円",40000
12035,初産婦,"160,000円",160000
12035,経産婦,"140,000円",140000
12089,初産計画無痛分娩,,
12089,経産婦計画無痛分娩,,
12094,無痛分娩セット,"100,000円",100000
12094,無痛分娩セット（2回目）,"50,000円",50000
12094,無痛薬剤セット,"1,770円",1770
12097,ペチロルファン,"10,000円",10000
12097,初産硬膜外麻酔分娩,"80,000円",80000
12097,楽々フューザー,"20,000円",20000
12097,経産硬膜外麻酔分娩,"50,000円",50000
12099,無痛分娩（初産婦・経産婦）,７３万～８３万,
12107,初産婦無痛分娩,"120,000円",120000
12107,経産婦無痛分娩,"100,000円",100000
12107,緊急無痛分娩,"150,000円",150000
12117,,"97,000円",97000
12119,無痛分娩,"100,000円",100000
12121,"無痛分娩7日間・Bタイプ（1日13,800円）の場合",870000,870000
12125,オンデマンド無痛分娩,110000,110000
12125,計画無痛分娩,110000,110000
12127,無痛分娩料,"120,000円",120000
12131,初回処置代　１０万円　追加費用３万,"130,000円",130000
12131,初回処置代１０万円追加費用６万（2回分）,"160,000円",160000
12132,名目:無痛分娩,"約200,000",200000
12134,経産婦無痛分娩,"90,000円",90000
12140,無痛分娩麻酔費用,"120,000円",120000
12141,自然陣発での無痛分娩,"約120,000円~",120000
12141,計画無痛分娩,"約100,000円~",100000
12148,無痛分娩費用,"100,000円",100000
12150,1.名目：休日・深夜,"36,000円",36000
12150,1.名目：時間外,"28,000円",28000
12150,1.名目：診療時間内,"20,000円",20000
12151,予定外による無痛分娩（麻酔科医呼び出し）,"110,000円~",110000
12151,計画無痛分娩費用,"740,000円~",740000
12152,,"70,000円~100,000円",70000
12158,夜間・休日無痛分娩,"710,000円~750,000円",710000
12158,通常無痛分娩,"630,000円~680,000円",630000
12170,夜間・休日,"130,000円",130000
12170,無痛分娩,"110,000円",110000
12181,無痛分娩料,"130,000円",130000
12196,オンデマンド無痛分娩,"150,000円",150000
12196,計画無痛分娩,"100,000円",100000
12203,無痛分娩,100000,100000
12245,入院後分娩前日までの日数の室料金と誘発分娩の保険診療が実費,"200,000円前後",200000
12245,無痛分娩の処置代・麻酔代,"100,000円",100000
12252,"無痛分娩管理料（10時間まで）
※10時間を超えた場合、1時間を増すごとに13000円加算","125,000円(分娩料別)",125000
15412,初産婦追加料金,180000,180000
15412,経産婦追加料金,140000,140000
15414,オンデマンド無痛分娩,120000,120000
15414,計画無痛分娩,100000,100000
