birth_navi_id,pregnancy_checkup_type,total_cost_text,total_cost_yen,item_type_codes
10001,1,,,2
10001,2,,,2
10002,1,4000,4000,2
10002,2,4000,4000,2
10003,1,7000,7000,1;2
10003,2,5500,5500,2
10006,1,"5,000円~6,000円",5000,1;2
10007,1,6000,6000,1;2
10007,2,3500,3500,2
10009,1,"9,080円",9080,1;2
10009,2,"6,590円",6590,2
10010,1,"8,380円",8380,2
10010,2,"6,080円",6080,2
10014,1,"6,000円",6000,1;2
10014,2,"3,500円",3500,2
10015,1,,,2
10015,2,,,2
10018,1,"9,500円",9500,1;2
10018,2,"5,500円",5500,2
10020,1,"6,000円",6000,1;2
10020,2,,,2
10021,1,,,2
10021,2,,,2
10023,1,"8,500円",8500,1;2
10023,2,"4,000円",4000,2
10024,1,"3,000円",3000,2
10024,2,"1,100円",1100,2
10025,1,2490,2490,
10026,1,"30,100円
※R8.6から、診療報酬改定により変更予定",30100,1;2
10026,2,"5,000円~14,530円(週により変わる)
※R8.6から、診療報酬改定により変更予定",5000,2
10027,1,"12,000円",12000,
10027,2,"4,000円",4000,
10028,1,"3,000円",3000,2
10028,2,"3,000円",3000,2
10029,1,"10,280円",10280,1;2
10029,2,"6,090円",6090,2
10030,1,"2,390円",2390,1;2
10030,2,"1,500円",1500,2
10031,1,"16,390円",16390,2
10031,2,"5,840円",5840,2
10033,1,2370,2370,
10033,2,1680,1680,
10037,1,"12,000円",12000,1;2
10037,2,"7,000円",7000,2
10038,1,"3,440円",3440,1
10039,1,"6,890円",6890,2
10039,2,"6,000円",6000,2
10041,1,7000,7000,1;2
10041,2,6000,6000,
10044,1,"2,000円",2000,2
10044,2,"2,000円",2000,2
10053,2,"1,790円",1790,2
10054,1,"16,830円",16830,1;2
10054,2,"6,050円",6050,2
10056,1,"約10,000円",10000,2
10056,2,"約7,300円",7300,2
10057,1,"6,000円",6000,1;2
10057,2,"4,000円",4000,2
10058,1,"9,600円",9600,1;2
10058,2,"6,000円",6000,2
10059,1,1590,1590,2
10059,2,1590,1590,2
10061,1,,,1;2
10061,2,,,2;3;3;3
10062,1,"12,000円",12000,2;3
10062,2,"6,000円",6000,2
10064,1,"7,000円~8,000円",7000,1;2;3
10064,2,"2,500円",2500,2
10066,1,,,1;2
10066,2,,,2
10067,1,,,2
10067,2,,,2
10069,1,9000,9000,1;2
10069,2,5500,5500,2;3
10070,1,"6,060円",6060,1;2
10070,2,"1,780円",1780,2
10071,1,"尿検査260円、経膣超音波検査2,000円",260,1;2
10071,2,"2,000円",2000,2
10074,1,,,1;2;3;3;3
10074,2,,,2;3;3
10078,1,"1,850円",1850,1;2;3
10078,2,"1,590円",1590,2
10080,1,"9,000円",9000,1;2
10080,2,"7,000円",7000,2
10084,1,"4,590円",4590,1;2
10084,2,"1,660円",1660,2
10087,1,,,1;2
10087,2,,,2
10088,1,"5,000円",5000,2
10088,2,"5,000円",5000,2
10089,1,,,1;2;3
10089,2,,,2;3
10090,1,"7,310円",7310,1;2;3
10090,2,"2,950円",2950,2
10091,1,,,2
10091,2,,,2
10092,1,9800,9800,1;2
10092,2,6300,6300,2
10095,1,9000,9000,
10095,2,900,900,
10096,1,,,1;2
10096,2,,,2
10097,1,10000,10000,1;2
10097,2,6000,6000,2
10098,1,"6,500円",6500,2
10098,2,"4,000円",4000,2
10100,1,,,2
10100,2,,,2
10101,1,"8,000円",8000,2
10101,2,"6,500円",6500,2
10105,1,"5,500円",5500,1
10105,2,"4,500円",4500,
10109,1,,,1
10109,2,,,2
10110,1,,,1;2
10111,1,,,1;2
10111,2,,,2
10112,1,"30,000円",30000,1;2
10112,2,"8,000円",8000,2
10114,1,,,1;2
10114,2,,,2
10117,1,"30,000円",30000,1;2
10117,2,"10,000円",10000,2
10119,1,,,2
10122,1,"5,000円",5000,1;2
10122,2,"2,500円",2500,2
10123,1,"8,630円",8630,1;2
10123,2,"6,070円",6070,2
10124,1,"5,000円",5000,1;2
10124,2,"5,000円",5000,2
10125,1,,,1;2
10125,2,,,2
10126,1,,,1;2
10126,2,,,2
10128,1,8390,8390,2
10128,2,6090,6090,2
10130,1,"2,990円",2990,1
10131,1,"8,650円",8650,1;2
10133,1,4430,4430,
10133,2,2800,2800,
10135,1,"11,730円",11730,1;2
10135,2,"7,250円",7250,2
10136,1,"2,000円",2000,1;2
10136,2,"5,300円",5300,2
10137,1,"9,270円",9270,2
10137,2,"6,240円",6240,2
10138,1,"11,180円",11180,1;2
10138,2,"3,400円",3400,2
10139,1,"12,020円",12020,1;2;3;3
10139,2,"5,540円",5540,2
10140,1,1000,1000,1;2
10140,2,"2,000円",2000,2;3
10142,1,"5,000円",5000,1;2
10142,2,"2,000円",2000,2
10149,1,"妊娠反応や予定日前初診 3,910円",3910,1;2
10149,2,"予定日決定前の再診 1,760円",1760,2
10152,1,"6,200円",6200,1;2
10152,2,"1,800円",1800,2
10153,1,"6,700円ー9,000円程度(尿検査不要な場合が多いため7,000円前後のことが多いです)",6700,1;2
10153,2,"2,000円程度",2000,2
10154,1,"7,000円",7000,1;2
10154,2,"3,000円",3000,2
10155,1,"6,320円",6320,2
10155,2,"28,900円",28900,2
10157,1,"5,000円",5000,1;2
10157,2,"2,770円",2770,2
10160,1,8800,8800,1;2
10160,2,3580,3580,2
10162,1,"31,390円(初診料6,400円、初期検査19,690円、超音波検査5,300円)",31390,2
10162,2,"再診4,570円、中期7,360円、後期14,530円、超音波検査5,300円(ほぼ毎回実施)、NST1,500円",4570,
10164,1,"29,000円",29000,2
10164,2,"10,000円",10000,2
10165,1,"2,600円",2600,1;2
10165,2,"1,800円",1800,
10167,1,"25,380円",25380,1;2
10167,2,"6,100円",6100,2
10168,1,,,2
10172,1,,,1;2
10172,2,,,2
10173,1,,,1;2
10173,2,,,2
10174,1,28000,28000,1
10174,2,"3,770～14,000",3770,2
10175,1,"3,310円",3310,1;2
10175,2,"1,820円",1820,2
10176,1,10500,10500,
10176,2,6000,6000,
10182,1,"7,000円",7000,2
10182,2,"3,000円",3000,2
10184,1,"6,000円",6000,1;2
10184,2,"4,000円",4000,
10185,1,"8,500円",8500,1;2
10185,2,"6,000円",6000,2
10186,1,"10,000円",10000,1;2
10186,2,要確認,,
10187,1,"3,200円",3200,1;2
10187,2,"1,820円",1820,2
10190,1,,,1;2
10190,2,,,2
10191,1,"4,000円",4000,1;2
10191,2,"4,000円",4000,
10192,1,"2,000円",2000,2
10192,2,"2,000円",2000,2
10193,1,"7,000円(神戸市内) 
8,400円(神戸市外) ",7000,1;2
10193,2,"3,000円(神戸市内) 
3,600円(神戸市外) ",3000,2
10194,1,"10,000円",10000,1;2
10194,2,"8,000円",8000,2
10195,1,"8,500円",8500,2
10195,2,"4,500円",4500,2
10196,1,16930,16930,1;2
10196,2,9630,9630,2
10197,1,"11,500円",11500,1;2
10197,2,"5,000円",5000,2
10198,1,,,1;2
10199,1,"5,000円",5000,2
10199,2,"4,000円",4000,2
10200,1,"2,470円",2470,2
10200,2,"1,820円",1820,2
10205,1,"8,500円",8500,1;2
10205,2,"8,500円",8500,2
10207,1,5100,5100,1;2
10207,2,2000,2000,2
10208,1,5460,5460,1;2
10208,2,3700,3700,2
10209,1,"18,490円",18490,1;2
10209,2,"5,000円~15,880円",5000,2
10211,1,"1,000円",1000,2
10211,2,"1,000円",1000,2
10212,1,"6,000円",6000,1;2
10212,2,"5,000円",5000,2
10213,1,"5,000円",5000,2;3
10213,2,"2,000円",2000,2
10216,1,9000,9000,1;2
10216,2,4000,4000,2
10217,1,"2,500円",2500,1;2
10217,2,"1,800円",1800,2
10219,1,"4,700円",4700,1;2
10221,1,,,2
10221,2,,,2
10224,1,"6,000円",6000,2
10224,2,"6,000円",6000,2
10229,1,"8,000円",8000,1;2
10229,2,"4,500円",4500,2
10231,1,"5,500円",5500,2
10231,2,"4,500円",4500,2
10232,1,"9,990円",9990,1
10235,1,"8,370円",8370,2
10235,2,"6,090円",6090,2
10237,1,"8,370円",8370,2
10237,2,"6,070円",6070,2
10238,1,"8,000円",8000,2
10238,2,"3,500円",3500,2
10239,1,"10,120円",10120,1;2
10239,2,"6,090円",6090,2
10245,1,"3,920円",3920,2
10245,2,"1,820円",1820,2
10246,1,5000,5000,1;2
10246,2,3000,3000,2
10247,1,10000,10000,1;2;3;3
10247,2,17000,17000,2;3
10249,1,"3,500円~4,000円(保険診療の自己負担)",3500,1;2;3
10249,2,妊婦健診の第1回として行う場合は自己負担は無料(市町村からの助成の範囲内),1,2;3
10252,1,"6,320円",6320,1
10260,1,,,1;2
10260,2,,,2
10265,1,5000,5000,
10265,2,5000,5000,
10268,1,"5,070円",5070,2
10268,2,"2,760円",2760,2
10269,1,"7,200円",7200,1;2
10269,2,"3,700円",3700,2
10270,1,1990,1990,1;2
10270,2,1990,1990,2
10271,1,"2,910円",2910,2;3
10271,2,"2,270円",2270,2
10273,1,,,1;2
10273,2,,,2
10275,1,"2,750円",2750,1;2
10275,2,"2,750円",2750,2
10277,1,,,1;2
10277,2,,,2
10278,1,"4,550円",4550,2
10278,2,"2,550円",2550,2
10279,1,"4,500円",4500,1;2
10279,2,"3,000円",3000,2
10280,1,,,1;2
10280,2,,,2
10282,1,"34,680円",34680,1;2
10282,2,"4,000円",4000,2
10283,1,"8,500円",8500,1;2
10283,2,"6,000円",6000,2
10290,1,約1万円,1,1;2
10290,2,約5千円,5,2
10291,1,"8,940円",8940,1
10291,2,"6,670円",6670,
10293,1,"24,720円",24720,2
10293,2,"3,760円~9,430円",3760,2
10294,1,10940,10940,1;2
10294,2,6170,6170,2
10295,1,4730,4730,1;2
10295,2,1830,1830,2
10296,1,"5,500円",5500,1;2
10296,2,"5,000円",5000,2
10302,1,"約15,000円",15000,1;2
10302,2,"約6,500円",6500,
10304,1,"6,150円+選定療養費7,700円",6150,2
10304,2,"3,860円",3860,2
10305,1,"4,000円",4000,2
10305,2,"5,000円",5000,2
10307,1,"6,460円",6460,1;2
10307,2,"2,380円",2380,2
10308,1,"5,000円",5000,2
10308,2,"5,000円",5000,2
10309,1,"3,500円",3500,1;2
10309,2,"3,500円",3500,2
10310,1,,,2
10310,2,,,2
10312,1,800円,800,1
10317,1,"約10,000",10000,
10317,2,"約6,000",6000,
10319,1,"7,000円",7000,1;2
10319,2,"6,500円",6500,2
10321,1,"6,500円",6500,2;3
10321,2,"5,000円",5000,2
10326,1,"7,000円",7000,1;2
10326,2,"7,000円",7000,2
10329,1,"補助なし 30,500円",30500,1;2
10329,2,"補助なし 6,590円(一般)
補助なし 13,050円(検査あり)",6590,2
10330,1,場合により料金に差異あり,,1;2
10330,2,場合により料金に差異あり,,2
10331,1,"8,650円",8650,2;3
10331,2,"6,350円",6350,2;3
10334,1,"6,000円(初診料3,000円含む)",6000,2
10334,2,"5,000円(再診料2,000円含む)",5000,2
10338,1,"4,760円",4760,1;2
10338,2,"3,500円",3500,2
10340,1,"5,000円",5000,2;3
10340,2,"4,000円",4000,2
10346,1,,,1;2
10346,2,,,2
10350,1,5800,5800,1;2
10350,2,"5,800～",5800,2
10352,1,8500,8500,1;2
10352,2,8150,8150,2
10353,1,"6,000円",6000,2
10353,2,"3,000円",3000,2
10355,1,"6,000円",6000,1;2
10355,2,"3,000円",3000,2
10357,1,"2,910円",2910,2
10357,2,760円,760,2
10360,1,患者によって大きく異なるため例示不可,,1;2
10360,2,同上,,
10362,1,6000,6000,
10362,2,6000,6000,
10366,1,"8,928円",8928,1;2
10366,2,"5,600円",5600,2
10367,1,"13,000円",13000,1;2
10367,2,"7,000円",7000,2;3
10369,1,"尿検査(必要時)  10,780円         経膣超音波検査のみ 8,390円",10780,1;2
10369,2,"6,070円",6070,2
10372,1,"11,490円",11490,1;2
10373,1,"7,040円",7040,3
10373,2,"2,730円",2730,2
10374,1,,,1;2
10374,2,,,2
10378,1,"5,000円",5000,1;2
10378,2,"5,000円",5000,2
10379,1,直接問い合わせください,,2
10379,2,,,2
10380,1,6460,6460,2
10380,2,3190,3190,2
10382,1,2460,2460,2
10382,2,6666,6666,2
10385,1,"5,530円",5530,1;2
10385,2,"5,000円",5000,2
10386,1,"5,300円",5300,1;2
10386,2,800円,800,2
10387,1,7050,7050,1;2
10387,2,4770,4770,2
10389,1,,,2
10389,2,,,2
10390,1,"8,810円",8810,1;2
10390,2,"3,000円",3000,2
10391,1,"6,000円",6000,1;2
10391,2,"5,000円",5000,
10392,1,"3,000円
超音波検査以外の妊婦健診代を含む
自費診療として算出した金額",3000,2
10393,1,"7,000円",7000,1;2
10393,2,"3,000円",3000,2
10395,1,,,1;2
10395,2,,,2
10396,1,"5,910円",5910,2
10397,1,"3,470円",3470,1;2
10397,2,"23,550円",23550,2
10399,1,,,1;2
10399,2,,,2
10400,1,"9,800円",9800,1;2
10400,2,"6,300円",6300,2
10401,1,,,1;2
10401,2,,,2
10402,1,"8,000円",8000,1;2
10402,2,"9,000円",9000,2
10405,1,7000,7000,2
10405,2,6000,6000,2
10408,1,"3,000円",3000,2
10408,2,"1,500円",1500,2
10412,1,,,2
10412,2,,,2
10413,1,"7,000円~10,000円",7000,2;3
10413,2,"約6,000円",6000,2
10415,1,"13,280～40,000",13280,
10415,2,2000,2000,
10418,1,"6,500円",6500,1;2
10418,2,"5,000円~10,000円",5000,2
10419,1,"11,470円",11470,1;2;3
10419,2,"2,000円",2000,2
10420,1,"8,500円",8500,2
10420,2,"6,500円",6500,2
10421,1,2600,2600,1;2
10421,2,1820,1820,2
10422,1,"5,370円",5370,2
10422,2,"2,280円",2280,2
10423,1,"8,800円",8800,1;2
10423,2,"1,820円",1820,2
10424,1,"5,000円",5000,2
10424,2,"3,200円",3200,2
10425,1,,,1;2
10425,2,,,2
10426,1,6000,6000,2
10426,2,3000,3000,2
10428,1,10000,10000,1;2
10428,2,6000,6000,2
10429,1,,,1;2
10429,2,,,2
10431,1,"5,000円",5000,2
10431,2,"3,000円",3000,2
10432,1,4500,4500,2
10432,2,4500,4500,2
10435,1,12034,12034,1;2
10437,1,"29,420円",29420,1;2
10437,2,"126,320円",126320,2
10438,1,"14,000円(紹介状なし)",14000,2
10438,2,"2回目:初回助成券使用(23,500円分)+実費2,530円
3回目以降:助成券使用",2,2
10439,1,"尿検査(尿蛋白・尿糖)・超音波検査・血液検査(感染症・血液型など)・子宮頸がん検査実施:総額23,300円(妊婦健診受診票(1回目))使用にて10,850円を減額)",23300,2
10439,2,"尿検査(尿蛋白・尿糖)・超音波検査・クラミジア検査:総額10,680円(妊婦健診受診票(2回目)使用にて5,070円を減額)",10680,2
10440,1,"2,000円",2000,1
10441,1,6000,6000,1;2
10441,2,3000,3000,2
10444,1,"9,070円",9070,2
10447,1,,,2
10447,2,,,2
10450,1,10450,10450,
10450,2,6140,6140,
10452,1,"4,500円~5,500円",4500,1;2
10452,2,"3,000円",3000,2
10455,1,"7,000円",7000,2
10457,1,"35,000円(助成券を使用した場合は、5,500円)",35000,1;2
10457,2,"6,000円~13,500円(助成券を使用した場合、1,000円~6,000円)",6000,2
10458,1,"12,500円(里帰り妊婦は14,500円)",12500,2;3;3;3
10458,2,"8,500円",8500,2;3;3
10459,1,"3,570円",3570,1;2
10459,2,"1,670円",1670,2
10461,1,"12,000円",12000,1;2
10461,2,"7,000円",7000,2
10465,1,"3,000円",3000,1;2
10465,2,"1,500円",1500,2
10468,1,"5,550～7,550",5550,2;1;3
10468,2,2360,2360,2
10469,1,,,2
10469,2,,,2
10470,1,9050,9050,1;2
10471,1,"8,340円",8340,1;2;3
10471,2,"6,070円",6070,2;3
10472,1,,,1;2;3
10472,2,,,2;3;3
10477,1,"1,000円",1000,1
10478,1,,,1;2;3
10478,2,,,2
10479,1,保険適応,,1;2
10479,2,保険適応,,2
10481,1,11000,11000,
10481,2,1500,1500,
10487,1,"12,000円",12000,2
10487,2,"11,000円",11000,2
10488,1,"8,000円",8000,1;2
10489,1,"8,380円",8380,2
10489,2,"6,080円",6080,2
10490,1,3680,3680,1;2
10490,2,1820,1820,2
10491,1,"3,900円",3900,2
10491,2,"1,800円",1800,2
10493,1,"7,000円",7000,1
10493,2,"7,000円",7000,2
10494,1,"21,000円",21000,1;2
10494,2,"7,000円",7000,2
10496,1,,,1;2
10496,2,,,2
10497,1,"5,490円",5490,1;2
10497,2,"6,080円",6080,2
10499,1,8000,8000,
10499,2,6980,6980,
10500,1,"7,730円",7730,1;2
10500,2,"3,100円",3100,2
10506,1,,,1;2
10506,2,,,2
10507,1,"4,800円",4800,1;2
10507,2,"3,000円",3000,2
10508,1,"6,500円",6500,2;3
10508,2,"6,500円",6500,2;3
10511,1,"6,000円",6000,1;2
10513,1,3900,3900,2
10513,2,5000,5000,2
10515,1,"20,110円",20110,2
10515,2,"5,850円~11,150円",5850,2
10516,1,"10,000円",10000,1;2
10516,2,"7,000円",7000,2
10520,1,"3,500円",3500,1;2
10520,2,,,2
10521,1,"8,650円",8650,1;2
10521,2,"6,500円",6500,2
10522,1,,,1;2
10522,2,,,2
10523,1,,,2
10523,2,,,2
10525,1,"8,210円",8210,2
10525,2,"6,060円",6060,2
10527,1,"12,000円 (概算)",12000,1;2
10527,2,"6,800円 (概算)",6800,2
10528,1,"6,000円",6000,1;2
10528,2,"5,000円",5000,2
10529,1,,,1;2
10529,2,,,2
10530,1,"8,390円",8390,2
10530,2,"6,090円",6090,2
10531,1,"44,760円",44760,3
10531,2,"10,760円",10760,2;3
10532,1,"約12,000円",12000,1;2
10532,2,"約4,700円",4700,2
10533,1,"8,380円",8380,2
10533,2,"8,380円",8380,2
10534,1,9000,9000,
10534,2,8000,8000,
10536,1,"6,000円",6000,1;2
10536,2,"3,770円",3770,2;3
10537,1,4500,4500,1;2
10537,2,2500,2500,2
10538,1,,,2
10538,2,,,2
10539,1,"8,500円",8500,1;2
10539,2,"6,000円",6000,2
10541,1,5050,5050,2
10541,2,1850,1850,2
10542,1,"9,000円",9000,1;2
10542,2,"7,000円~27,835円",7000,2
10543,1,"7,800円",7800,1;2
10543,2,"3,380円",3380,
10544,1,"5,000円",5000,1;2
10544,2,"2,000円",2000,2
10545,1,"1,500円",1500,1
10548,1,"2,920円",2920,2
10548,2,"2,240円",2240,2
10549,1,"9,500円",9500,1;2
10549,2,"4,200円",4200,2
10552,1,"初診時：2,500円
再診時：1,800円",2500,1;2
10552,2,1800,1800,2
10555,1,,,1;2
10555,2,,,2
10557,1,"20,000円",20000,2
10557,2,"10,000円",10000,2;3;3
10558,1,"6,970円",6970,1;2
10558,2,"3,030円",3030,2;3
10560,1,,,2
10561,1,"4,910円",4910,2
10562,1,"5,000円",5000,1;2
10562,2,"5,000円",5000,2
10565,1,,,1;2
10565,2,,,2
10571,1,"5,070円",5070,2
10571,2,"2,780円",2780,2
10573,1,,,2
10573,2,,,2
10576,1,"20,200円",20200,1;2
10576,2,"2,290円",2290,2
10577,1,"2,000円",2000,1
10578,1,"7,050円",7050,1;2
10578,2,"5,500円",5500,2
10579,1,"7,000円",7000,2
10579,2,"2,380円",2380,2
10580,1,6000,6000,
10581,1,,,1;2
10581,2,,,2
10584,1,"13,220円",13220,1;2
10584,2,"2,920円",2920,2;3
10585,1,"5,560円",5560,1;2
10585,2,"3,170円",3170,2;3
10587,1,"8,300円",8300,2
10587,2,"3,500円",3500,2
10588,1,"5,410円",5410,2
10588,2,"3,250円",3250,2
10590,1,"2,510円",2510,2;3
10590,2,"1,820円",1820,2;3
10591,1,,,2
10591,2,,,2
10595,1,8550,8550,2
10595,2,6170,6170,2
10597,1,"11,960円",11960,1;2
10597,2,"4,560円",4560,2
10603,1,"4,000円",4000,2
10603,2,,,2
10605,1,"2,690円",2690,2
10605,2,"1,830円",1830,2
10606,1,550円,550,1
10611,1,,,1;2
10617,1,"5,500円",5500,1;2
10617,2,"2,200円",2200,2
10619,1,"8,175円",8175,1;2
10621,1,"5,000円",5000,1;2
10621,2,"4,000円",4000,2;3
10622,1,10000,10000,1;2
10622,2,7000,7000,2;3
10623,1,"8,500円",8500,1;2
10623,2,"5,000円",5000,2
10624,1,0円,0,1;2
10624,2,0円,0,2
10625,1,"3,500円",3500,1;2
10625,2,"5,300円",5300,2
10627,1,"27,000円",27000,1;2
10627,2,"4,000円",4000,2
10628,1,3000,3000,
10628,2,2500,2500,
10631,1,"11,160円",11160,1;2
10631,2,"8,320円",8320,2;3
10636,1,"3,240円",3240,1;2
10636,2,"1,670円",1670,2
10637,1,10000,10000,1;2
10637,2,5000,5000,2
10639,1,5149,5149,1
10640,1,,,1;2
10640,2,,,2
10641,1,"5,000円",5000,2
10641,2,0円,0,2
10648,1,"2,880円",2880,2
10648,2,"1,250円",1250,2
10649,1,,,1;2
10649,2,,,2
10650,1,"2,000円",2000,1
10651,1,"8,580円",8580,1;2
10651,2,"6,080円",6080,2
10653,1,1590,1590,2
10653,2,1430,1430,2
10656,1,"5,500円",5500,1;2
10656,2,"5,500円",5500,2;3
10658,1,"33,300円",33300,1;2
10658,2,"10,000円~14,000円",10000,2;3;3;3
10659,1,"5,655円",5655,1;2
10661,1,"11,280円",11280,1;2
10661,2,"5,280円",5280,2
10662,1,960,960,
10662,2,420,420,
10665,1,"7,690円",7690,1;2
10665,2,"5,300円",5300,2
10670,1,"5,390円",5390,1;2
10670,2,"3,000円",3000,2
10671,1,"6,810円",6810,1;2
10671,2,"6,050円",6050,
10672,1,"8,210円",8210,2
10672,2,"5,520円",5520,2
10673,1,"9,620円",9620,2
10673,2,"1,820円",1820,2
10674,1,"5,606円",5606,1;2
10674,2,"3,426円",3426,2
10675,1,"15,570円",15570,1;2
10675,2,"7,660円",7660,2
10679,1,"23,560円",23560,1;2
10679,2,"40,220円",40220,2
10688,1,"30,000円",30000,1;2
10688,2,"10,000円~15,000円",10000,2
10691,1,"26,800円",26800,1;2
10691,2,"5,560円",5560,2
10692,1,"10,790円",10790,1;2
10692,2,"6,090円",6090,2
10697,1,"4,500円",4500,2;1
10697,2,"4,500円",4500,2
10698,1,"11,180円",11180,1;2
10698,2,"6,090円",6090,2
10700,1,"9,170円",9170,2
10700,2,"1,850円",1850,2
10702,1,"9,240円",9240,2
10702,2,"6,090円",6090,2
10707,1,,,2
10707,2,,,2
10711,1,"5,000円",5000,2
10711,2,"3,000円",3000,2
10714,1,,,2
10714,2,,,2
10715,1,"6,410円(紹介状が無い場合は+7,700円)",6410,2
10715,2,"4,260円",4260,2
10716,1,"約10,000円",10000,2
10716,2,"約8,000円",8000,2
10719,1,"5,090円",5090,2
10719,2,"2,780円",2780,2
10724,1,,,1;2
10724,2,,,2
10725,1,"5,300円",5300,2
10725,2,"5,300円",5300,2
10728,1,,,1;2
10728,2,,,2
10730,1,16480,16480,2
10730,2,5270,5270,2
10731,1,,,1;2
10731,2,,,2
10732,1,"6,688円",6688,2
10732,2,"6,688円",6688,2
10733,1,"3,600円",3600,3
10733,2,"1,320円",1320,3
10735,1,"2,510円",2510,1;2
10735,2,"1,670円",1670,2
10736,1,4810,4810,2
10736,2,2350,2350,2
10739,1,"12,683円",12683,1;2
10740,1,"5,160円",5160,2
10740,2,"4,160円",4160,2
10741,1,"11,180円",11180,2
10741,2,"4,410円",4410,2
10742,1,"1: 2,660円
2: 3,300円",1,1;2
10742,2,"1: 2,030円",1,2
10743,1,26000,26000,2
10743,2,"5,000～10,000",5000,2
10745,1,,,2
10745,2,,,2
10747,1,個人による(選定療養費の有無等),,1;2
10747,2,個人による(選定療養費の有無等),,2
10748,1,10000,10000,1;2
10748,2,6000,6000,2
10750,1,"5,000円",5000,2
10750,2,"3,050円",3050,2
10752,1,"23,280円",23280,2
10752,2,"10,372円",10372,2
10754,1,"5,000円",5000,2
10754,2,"5,000円",5000,2
10755,1,"6,000～10,000",6000,1;2
10755,2,"2,000～3,000",2000,2
10756,1,"初診料：3,630
経腟超音波：4,780
ゴナビスライド：2,930",3630,1;2
10756,2,"再診料：1,120
経腟超音波：4,780",1120,2
10760,1,"25,380円",25380,1;2
10760,2,"6,000円",6000,2
10761,1,6080,6080,1;2
10761,2,2280,2280,2
10763,1,"4,200円",4200,2
10763,2,"2,000円",2000,2
10764,1,"超音波検査 5,300円+初診料若しくは再診料",5300,2
10765,1,"4,140円",4140,1;2
10765,2,"1,000円",1000,2
10766,1,"6,365円",6365,2
10766,2,"3,287円",3287,2
10767,1,,,1;2
10768,1,"約10,000円",10000,1;2
10768,2,"約3,000円",3000,2
10771,1,"6,440円",6440,1;2
10771,2,"1,780円",1780,2
10773,1,0円,0,1;2
10773,2,0円,0,2
10775,1,"初診料+経腟超音波検査:8,360円
尿検査(尿中hCG)を追加で実施する場合は3,540円追加。",8360,1;2
10775,2,"外来診療料+経腟超音波検査：6,090円",6090,2
10777,1,,,1;2
10777,2,,,2;3
10780,1,8000,8000,2
10780,2,8000,8000,2
10782,1,"8,400円",8400,2
10782,2,"6,090円",6090,2
10783,1,"8,800円",8800,1;2
10783,2,"3,800円",3800,2
10787,1,6500,6500,1;2
10787,2,3500,3500,2
10788,1,,,1;2
10788,2,,,2
10790,1,"9,760円",9760,1;2
10790,2,"7,350円",7350,2
10791,1,"8,800円",8800,2
10791,2,"4,419円",4419,
10794,1,"6,080円",6080,1;2
10794,2,"3,780円",3780,2
10795,1,"4,170円",4170,1
10796,1,,,1;2
10796,2,,,2
10797,1,7200,7200,1;2
10797,2,2800,2800,2
10798,1,-,,2;3;1
10798,2,-,,2
10799,1,"2,778円",2778,1;2
10799,2,"1,450円",1450,2;3
10800,1,"紹介状あり、保険使用し2,500円",2500,1;2
10800,2,"2回目が妊婦検診の場合 約24,000円
2回目が妊婦検診ではない場合 保険使用し約2,500円",2,2
10802,1,"28,000円",28000,1;2
10802,2,"約13,000円",13000,2
10803,1,"約4,000円",4000,2
10803,2,診察内容による,,2
10806,1,"5,000円",5000,2
10806,2,"5,000円",5000,2
10807,1,"6,280円",6280,1;2
10807,2,"5,080円",5080,2
10808,1,,,1;2
10808,2,,,2
10809,1,,,1;2
10809,2,,,2
10811,1,"17,120円",17120,1;2
10811,2,"9,120円",9120,2
10812,1,,,2
10812,2,,,2
10813,1,"7,500円",7500,1;2
10813,2,"2,000円",2000,2
10814,1,"10,870円",10870,1;2
10814,2,"6,000円",6000,2
10818,1,,,1;2
10818,2,,,2
10819,1,"6,080円",6080,2
10819,2,"6,080円",6080,2
10821,1,3960,3960,1;2;3
10821,2,2026,2026,2
10822,1,"15,260円",15260,1;2
10822,2,"7,000円",7000,2
10823,1,"11,490円",11490,1;2
10823,2,"9,210円",9210,2
10824,1,12020,12020,
10824,2,5620,5620,
10828,1,"2,000円~2,520円",2000,1;2
10828,2,"2,000円",2000,2
10829,1,"7,400円",7400,1;2
10829,2,"5,000円",5000,2
10830,1,"尿検査あり10,000
尿検査なし8,000",10000,1;2
10830,2,2500,2500,2
10831,1,"10,000円",10000,1;2
10831,2,"7,000円",7000,2
10832,1,"3,000円",3000,1;2
10832,2,"2,000円",2000,2
10833,1,"10,760円",10760,1;2
10833,2,"6,080円",6080,2
10836,1,3000,3000,1;2
10836,2,3000,3000,2
10838,1,,,2
10838,2,,,2
10839,1,"10,760円
血清hCG実施した場合 12,460円",10760,1;2;3
10839,2,"6,090円",6090,2
10840,1,"5,100円",5100,1;2
10840,2,"4,100円",4100,2
10843,1,8500,8500,2;1
10843,2,3000,3000,3;2
10847,1,6550,6550,1;2
10847,2,4700,4700,2
10849,1,"6,000円
",6000,1;2
10849,2,"7,000円",7000,2
10850,1,"4,000円~5,000円",4000,1;2
10850,2,"4,400円~5,000円",4400,2
10855,1,,,1;2
10855,2,,,2
10857,1,"11,900円",11900,1;2
10857,2,"6,090円",6090,2
10859,1,"18,370円",18370,2
10859,2,"13,376円",13376,2
10860,1,"11,160円",11160,1;2
10860,2,"6,000円",6000,2
10861,1,"3,600円",3600,2
10861,2,"1,176円",1176,2
10863,1,"30,000円
再診料 28,000円",30000,1;2;3;3;3
10863,2,"6,700円",6700,2;3
10865,1,"6,400円",6400,1;2
10865,2,"2,780円",2780,2
10867,1,"5,000円",5000,1;2
10867,2,"1,850円",1850,2
10869,1,13000,13000,1;2
10869,2,7000,7000,2
10874,1,"1,800円",1800,1
10878,1,"4,500円",4500,1;2
10878,2,"4,500円",4500,2
10879,1,"4,480円",4480,1;2
10880,1,"10,780円",10780,1;2
10880,2,"6,080円",6080,2
10881,1,"3,000円",3000,1;2
10881,2,"2,000円",2000,2
10885,1,"5,400円",5400,1;2
10885,2,"3,700円",3700,2
10886,1,3300,3300,1;2
10886,2,1500,1500,2
10889,1,"17,000円",17000,2;3;3;3
10889,2,"4,000円",4000,2
10890,1,"4,860円",4860,1;2
10890,2,"2,410円",2410,2
10893,1,"30,000円",30000,1;2
10893,2,"6,000円",6000,2
10895,1,9000,9000,
10895,2,5000,5000,
10897,1,"5,000円",5000,2
10897,2,"再診料2,000円
超音波検査1,500円
自費クラミジア検査3,380円",2000,2;3
10898,1,,,2
10898,2,,,2
10901,1,"7,000円",7000,1;2
10901,2,"3,000円",3000,2
10902,1,,,1;2
10902,2,,,2
10903,1,,,1
10905,1,"3,450円",3450,1;2;3
10905,2,"2,780円",2780,2
10906,1,5500,5500,1;2
10906,2,2000～5500,2000,2
10907,1,7070,7070,1;2
10907,2,3460,3460,2
10908,1,1430,1430,
10912,1,6000,6000,1;2
10912,2,3000,3000,2
10916,1,"7,000円",7000,1;2
10916,2,"2,000円",2000,2;3
10917,1,"6,100円",6100,
10917,2,,,2
10918,1,"4,000円",4000,1;2
10918,2,"3,000円",3000,2
10920,1,"5,620円",5620,1;2
10920,2,"1,420円",1420,2
10921,1,"5,000円",5000,1;2
10921,2,"5,000円",5000,2
10928,1,"7,620円",7620,1;2
10928,2,"8,300円",8300,2;3;3
10929,1,"7,500円",7500,1;2
10929,2,"7,000円",7000,2
10933,1,6000,6000,
10933,2,3500⇒2500,3500,
10935,1,,,1;2
10935,2,,,2
10938,1,8970,8970,
10938,2,2000,2000,
10940,1,9000,9000,2;1
10940,2,5000,5000,2
10941,1,6000,6000,1;2;3;3
10941,2,4000,4000,2
10942,1,"6,000円",6000,2
10942,2,"3,000円",3000,2
10943,1,,,1;2
10943,2,,,2
10944,1,,,1;2
10944,2,,,2
10946,1,"5,500円",5500,1;2;3;3
10946,2,"4,500円",4500,2;3
10947,1,10000,10000,2
10947,2,8000,8000,2
10950,1,"7,000円",7000,1;2
10950,2,"6,000円",6000,2
10952,1,"8,470円",8470,2
10952,2,"2,360円",2360,2
10956,1,"5,000円~9,000円",5000,1;2
10956,2,"3,000円~7,000円",3000,2
10958,1,"7,000円",7000,1;2
10958,2,"5,000円",5000,2
10960,1,"2,490円 (保険料分の3割負担)",2490,2
10960,2,"1,830円",1830,2
10961,1,"6,160円",6160,1;2
10961,2,"5,060円",5060,2
10965,1,5300,5300,1;2
10965,2,1500,1500,2
10966,1,"7,000円",7000,1;2
10966,2,"5,000円",5000,2
10969,1,,,1;2
10969,2,,,2
10975,1,"4,200円~6,200円",4200,1;2;3;3;3
10975,2,"3,700円~4,500円",3700,2
10976,1,"3,000円",3000,1;2
10976,2,"2,000円",2000,2
10978,1,"7,000円",7000,2
10978,2,"5,000円",5000,2
10980,1,4060,4060,
10980,2,3460,3460,
10983,1,"6,000円",6000,1;2
10983,2,"3,000円",3000,2
10986,1,"9,500円",9500,1;2
10986,2,"2,500円",2500,2;3
10987,1,"10,000円",10000,2
10987,2,"4,000円",4000,2
10989,1,"5,830円",5830,1;2
10989,2,"4,250円",4250,2
10991,1,"4,500円",4500,1;2
10991,2,0円,0,2
10995,1,"7,000円",7000,1;2
10995,2,"5,000円",5000,2
10997,1,"4,000円",4000,1;2
10997,2,"2,000円~4,000円",2000,2;3
11000,1,"7,000円",7000,1;2
11000,2,"5,000円",5000,2
11004,1,"5,400円",5400,1;2
11004,2,"3,100円",3100,2
11005,1,"5,500円",5500,1;2
11005,2,"3,500円",3500,2
11008,1,"7,500円",7500,1;3
11008,2,"5,000円",5000,3
11009,1,"4,500円
県外の方+1,000円",4500,2
11009,2,"2,500円
県外の方+1,000円",2500,2
11010,1,"8,000円(妊娠9週まで)          8,500円(妊娠10週以降)",8000,1;2
11010,2,"3,300円",3300,2
11012,1,"5,000円",5000,1;2
11012,2,"65,000円",65000,2
11013,1,,,2
11013,2,,,2
11015,1,9900,9900,
11015,2,5300,5300,
11017,1,,,1;2
11017,2,,,2
11019,1,3500,3500,1;2
11019,2,2500,2500,2
11023,1,"10,000円",10000,1;2
11023,2,"7,000円",7000,2
11024,1,,,1;2
11024,2,,,2
11025,1,,,2;3;3
11025,2,,,2
11029,1,"5,000円",5000,2
11029,2,"5,000円",5000,2
11030,1,"5,000円",5000,1
11030,2,"2,000円",2000,2
11032,1,,,2
11032,2,,,2
11033,1,5000,5000,
11033,2,2500,2500,
11034,1,"3,000円",3000,1;2
11034,2,"5,000円",5000,2
11035,1,"2,500円",2500,1;2
11035,2,"2,000円",2000,2
11038,1,"5,910円",5910,1;2
11038,2,760円,760,2
11040,1,5000,5000,1;2;3;3;3
11040,2,5000,5000,2;3;3;3
11041,1,"6,000円",6000,1;2
11041,2,"4,500円",4500,2
11042,1,"8,000円",8000,1;2
11042,2,"6,000円",6000,2
11043,1,"約6,500円",6500,1;2
11043,2,"約2,400円",2400,2
11044,1,"約5,000円",5000,1;2;3
11044,2,"約3,000円",3000,2;3
11045,1,,,1
11047,1,"6,000円",6000,1;2
11047,2,"3,310円",3310,2
11049,1,"4,500円",4500,2
11049,2,"3,000円",3000,2
11052,1,"8,600円",8600,1;2
11052,2,"1,600円",1600,2
11054,1,"6,310円",6310,1;2
11054,2,"5,780円",5780,2
11055,1,1500~3000,1500,2;3;1
11055,2,2200,2200,2;3
11057,1,"5,000円",5000,1;2
11057,2,"2,000円",2000,2
11059,1,"8,000円",8000,2
11059,2,"4,000円",4000,2
11061,1,,,1;2
11061,2,,,2
11062,1,"3,000円",3000,1;2
11062,2,"2,000円",2000,2
11063,1,"5,500円",5500,1;2
11063,2,"3,500円",3500,2;3
11067,1,5000,5000,
11067,2,2500,2500,
11068,1,5000,5000,1
11068,2,3500,3500,2
11069,1,"12,000円",12000,1;2
11070,1,"10,000円",10000,1;2
11070,2,"6,000円",6000,2
11071,1,5000,5000,2
11071,2,2000,2000,2
11079,1,"10,000円",10000,2
11079,2,"7,000円",7000,2
11080,1,"10,000円",10000,1;2
11080,2,"7,000円",7000,2
11085,1,6000,6000,
11085,2,2500,2500,
11086,1,"8,000円",8000,2
11086,2,"5,000円",5000,2
11090,2,"6,050円",6050,2
11093,1,"7,000円",7000,1;2
11093,2,"2,500円",2500,2
11096,1,"超音波6,500円 
土曜午後7,500円
妊娠反応した場合2,600円",6500,1;2
11096,2,"3,500円",3500,2
11097,1,6000,6000,1;2
11097,2,2000,2000,2
11100,1,"3,200円",3200,2
11100,2,"2,000円",2000,2
11103,1,"3,000円",3000,1;2
11103,2,"2,000円",2000,2
11105,1,"5,000円",5000,1;2
11105,2,"4,000円",4000,2
11106,1,お電話でお問合せください,,1;2
11106,2,お電話でお問合せください,,2;3
11107,1,"約5,000円",5000,1;2
11107,2,"約3,000円",3000,2
11109,1,6000,6000,2
11109,2,3500,3500,2
11110,1,"6,000円",6000,1;2
11110,2,"4,000円",4000,2
11112,1,"3,300円",3300,2
11112,2,"2,200円",2200,2
11116,1,"4,000
3,000",4000,1;2
11116,2,"4,000
3,000",4000,2
11117,1,"8,500円",8500,1;2
11117,2,"5,500円",5500,2
11118,1,"6,500円",6500,1;2
11118,2,"6,500円",6500,2
11120,1,"5,000円",5000,1;2
11120,2,"3,000円",3000,2
11123,1,,,1;2
11123,2,,,2
11124,1,"5,000円",5000,1;2
11124,2,0円,0,2
11125,1,6000,6000,
11125,2,3500,3500,
11126,1,"10,000円",10000,1;2
11126,2,"4,300円",4300,2
11127,1,"7,000円",7000,1;2
11127,2,"5,000円",5000,2
11129,1,"15,580円",15580,1;2
11129,2,"12,580円",12580,2;3
11131,1,"9,750円",9750,2;3
11131,2,"5,700円",5700,2;3
11133,1,"6,000円",6000,1;2
11133,2,"3,000円",3000,2
11134,1,"8,000円~9,000円",8000,1;2
11134,2,"6,000円",6000,2
11137,1,"4,500円",4500,2
11137,2,"4,000円",4000,2
11140,1,"5,500円",5500,2
11140,2,"2,000円",2000,2
11141,1,,,1;2
11141,2,,,2
11145,1,"初診3,000円  再診2,500円",3000,1;2
11145,2,"2,000円",2000,2
11148,1,,,1;2
11148,2,,,2
11152,1,900円,900,1;2
11152,2,230円,230,2
11155,1,"9,000円",9000,1
11155,2,"30,000円",30000,2
11159,1,"3,500円",3500,1;2
11159,2,"2,500円",2500,2
11163,1,"8,500円",8500,1;2
11163,2,"6,000円",6000,2
11164,1,"10,000～15,000",10000,
11164,2,"10,000～15,000                    　　　　　 3回目以降は補助券が使用できます。",10000,
11166,1,,,1;2
11166,2,,,2
11167,1,"4,890円",4890,1;2
11167,2,"3,250円",3250,2
11168,1,"6,500円",6500,1;2
11168,2,"6,500円",6500,2
11170,1,"5,000円",5000,1;2;3;3
11170,2,"1,500円",1500,2;3;3
11177,1,6500,6500,
11177,2,3440,3440,
11178,1,"8,920円",8920,1;2
11178,2,"4,120円",4120,2
11180,1,"6,000円",6000,1;2
11180,2,"4,000円",4000,
11182,1,"2,800円",2800,1;2
11182,2,"2,000円",2000,2
11188,1,4000,4000,1;2
11188,2,4000,4000,2
11191,1,8500,8500,
11191,2,6230,6230,
11193,1,"14,500円",14500,1;2
11193,2,"9,500円",9500,2
11194,1,"8,500円",8500,1;2
11194,2,"6,000円",6000,2
11195,1,"6,000円",6000,1;2
11195,2,"2,790円",2790,2
11197,1,"3,000円",3000,1;2
11197,2,"2,000円",2000,
11198,1,"7,470円",7470,1;2
11198,2,"1,880円",1880,2;3
11199,1,"4,490円~5,120円",4490,1;2
11199,2,"1,840円~4,380円",1840,2
11204,1,"6,000円",6000,2;3;3
11204,2,"5,500円",5500,2
11205,1,"4,000円",4000,1;2
11205,2,"3,000円",3000,2
11211,1,7000,7000,
11212,1,"8,500円",8500,1;2
11212,2,"6,500円",6500,2
11215,1,"5,590円",5590,1;2
11215,2,"1,400円",1400,2
11218,1,"3,000円",3000,1;2
11218,2,"2,000円",2000,2
11225,1,"8,000円",8000,1;2
11225,2,"6,500円",6500,2
11227,1,"5,050円",5050,1;2
11227,2,"2,000円",2000,2
11228,1,,,1;2
11228,2,,,2
11230,1,10000,10000,1;2
11230,2,3900,3900,2
11231,1,"8,000円",8000,1;2
11231,2,"5,000円",5000,
11232,1,"8,000円",8000,1;2
11232,2,"3,000円",3000,2
11233,1,5500,5500,2
11233,2,2500,2500,2
11235,1,"3,000円~",3000,1;2
11235,2,"3,000円~",3000,2
11236,1,"10,000円",10000,1;2;3;3
11238,1,"12,000円",12000,1;2
11238,2,"6,000円",6000,2
11240,1,"7,120円",7120,1;2;3;3
11240,2,"6,120円",6120,2;3
11245,1,"1,500円",1500,1;2
11245,2,"1,500円",1500,2
11246,1,"5,500円",5500,2
11246,2,"5,500円",5500,2
11248,1,"6,000円",6000,1;2
11248,2,"6,000円",6000,2
11249,1,"検査のみで5,000円",5000,2
11249,2,"自費診療で4,000円",4000,2
11250,1,"約12,000",12000,1;2
11250,2,"約6,900",6900,2
11253,1,"8,000円",8000,1;2
11253,2,"5,000円",5000,2
11254,1,"6,000円",6000,2
11254,2,"3,000円",3000,2
11258,1,"6,000円",6000,1;2
11258,2,,,2
11263,1,5500,5500,
11263,2,4500,4500,
11266,1,,,2;3
11266,2,,,2
11267,1,"11,500円",11500,1;2
11267,2,"9,500円",9500,2
11268,1,"10,360円",10360,1;2
11268,2,"6,140円",6140,2
11272,1,"7,000円",7000,1;2
11272,2,"6,000円~7,000円",6000,2;3;3
11274,1,"5,560円",5560,1;2
11274,2,"3,800円",3800,2
11277,1,5000,5000,
11277,2,4000,4000,
11278,1,"5,000円~10,000円",5000,1;2
11278,2,"2,000円~5,000円",2000,2
11280,1,"6,000円",6000,1;2
11280,2,"4,000円",4000,2
11281,1,"6,310円",6310,1;2
11281,2,"3,540円",3540,2
11282,1,"8,000円",8000,1;2
11282,2,"6,000円",6000,2
11283,1,"8,000円",8000,2
11283,2,"7,000円",7000,2
11285,1,5300,5300,
11285,2,5300,5300,
11289,1,"9,000円~15,000円",9000,1;2
11289,2,"2,000円~6,000円",2000,2
11290,1,"8,000円",8000,1;2
11290,2,"6,000円",6000,2
11294,1,,,1;2
11294,2,,,2
11296,1,,,1;2
11296,2,,,2
11297,1,,,1;2
11297,2,,,2
11298,1,"6,600円",6600,2;1
11298,2,"4,400円",4400,2
11300,1,"3,500円~6,000円",3500,1;2
11300,2,"2,500円~6,000円",2500,2
11306,1,"5,000円",5000,1;2
11306,2,"3,700円",3700,2
11307,1,"5,680円",5680,1;2
11307,2,"2,030円",2030,2
11308,1,"5,580円",5580,2
11308,2,"9,960円",9960,2;3;3
11309,1,,,1;2
11309,2,,,2
11311,1,"6,500円",6500,1;2
11311,2,"2,800円",2800,2
11312,1,"3,590（保険適用ありの自己負担分）",3590,
11312,2,"1,430（保険適用ありの自己負担分）",1430,
11313,1,6000,6000,1;2
11313,2,3500,3500,2
11317,1,5500,5500,
11317,2,3850,3850,
11320,1,"6,600円",6600,1
11320,2,"3,850円",3850,2
11323,1,"9,000円",9000,2
11323,2,"5,000円",5000,2
11324,1,,,1;2
11324,2,,,2
11325,1,10000,10000,
11325,2,"6,000～40,000",6000,
11328,1,"6,000円",6000,1;2
11328,2,"3,000円",3000,2
11330,1,,,1;2
11330,2,,,2
11332,1,4000,4000,
11332,2,3000,3000,
11334,1,"7,300円",7300,2;3
11334,2,"6,300円",6300,2
11335,1,"5,000円",5000,1;2
11335,2,"5,000円",5000,2
11337,1,6000,6000,
11337,2,5500,5500,
11340,1,"2,500円",2500,1;2
11340,2,"1,860円",1860,2
11341,1,,,2
11341,2,,,2
11344,1,,,1;2
11344,2,,,2
11345,1,"5,000円",5000,1;2
11345,2,"1,950円",1950,2
11349,1,"5,000円",5000,2
11349,2,"3,000円",3000,2
11355,1,5000,5000,
11355,2,3500,3500,
11356,1,"5,000円",5000,1;2
11356,2,"3,000円",3000,2
11359,1,,,2
11359,2,,,2
11361,1,"4,000円",4000,1;2
11361,2,"3,000円",3000,2
11364,1,"5,700円",5700,1;2
11364,2,"6,500円",6500,2
11370,1,"約3,000円",3000,1;2
11370,2,"約2,000円~5,000円",2000,2
11376,1,"2,470円",2470,1;2
11376,2,"1,670円",1670,2
11380,1,"7,700円",7700,1;2
11380,2,"5,500円",5500,2
11382,1,,,2;1
11382,2,,,2
11384,1,,,1;2
11385,1,5500,5500,3
11385,2,"2,510円",2510,3
11395,1,"3,000円",3000,1;2
11395,2,"2,000円",2000,2
11396,1,,,2
11396,2,,,2
11399,1,6500,6500,
11399,2,4500,4500,
11401,1,4000,4000,2
11401,2,2000,2000,2
11402,1,"7,000円",7000,1;2
11402,2,"4,000円",4000,2
11403,1,"7,270円",7270,1;2
11403,2,"6,780円",6780,2
11405,1,"8,000円.0",8000,1;2
11405,2,"6,000円",6000,2
11411,1,"4,500円",4500,1;2
11411,2,"1,500円~3,000円",1500,2
11412,1,"13,220円",13220,1;2
11412,2,,,2;3
11413,1,7000,7000,
11413,2,0～6600,0,
11416,1,"5,000円",5000,1;2
11416,2,"3,000円",3000,2
11417,1,5000,5000,
11417,2,4000,4000,
11419,1,7000,7000,
11419,2,4500,4500,
11424,1,"5,000円",5000,2;3;3;3
11424,2,"2,000円",2000,2;3;3;3
11426,1,"5,000円",5000,1;2;3
11426,2,"3,000円",3000,2;3
11427,1,"8,000円",8000,1;2
11427,2,"5,000円",5000,2
11430,1,"8,000円",8000,1;2
11430,2,"5,000円",5000,2
11431,1,"10,000円",10000,1;2
11431,2,"3,000円",3000,2
11435,1,"8,500円",8500,1;2
11435,2,"5,500円",5500,2
11436,1,"3,200円",3200,1;2
11436,2,"2,000円",2000,2
11443,1,6000,6000,1;2
11443,2,3000,3000,2
11444,1,"5,000円",5000,1;2
11444,2,"5,000円",5000,2
11446,1,,,1;2
11446,2,,,2
11448,1,"初診1,700円、尿検査1,500円、超音波1,000円",1700,1;2
11448,2,"再診1,000円",1000,2
11451,1,"5,000円",5000,1;2
11451,2,"3,000円",3000,2
11453,1,7500,7500,1;2
11453,2,7000,7000,2
11456,1,"初診+エコー 2,480円",2480,1;2
11456,2,"再診+エコー 1,670円",1670,2
11457,1,"7,000円",7000,1;2
11457,2,"6,000円",6000,2;3
11458,1,"5,000円",5000,1;2
11458,2,"2,000円",2000,2
11460,1,"10,770円",10770,1;2
11460,2,"6,680円",6680,2
11461,1,"7,500円",7500,2
11461,2,"2,500円",2500,2
11462,1,"8,500円",8500,2;3
11462,2,"8,000円",8000,2;3
11465,1,5500,5500,2;1
11465,2,3500,3500,2
11466,1,"6,000円",6000,1;2
11467,1,8900,8900,
11467,2,3000,3000,
11470,1,5000,5000,1;2
11471,1,2500,2500,
11471,2,1850,1850,
11472,1,"7,000円",7000,2
11472,2,"6,000円",6000,2
11473,1,"約5,000円",5000,1;2
11473,2,"約2,000円",2000,2
11474,1,"5,000円~6,500円",5000,2
11474,2,"3,000円~4,500円",3000,3
11475,1,"2,770円",2770,
11475,2,"1,670円",1670,
11477,1,,,1;2
11477,2,,,2
11479,1,"5,800円",5800,1;2
11479,2,"4,300円",4300,2
11480,1,"2,680円",2680,1;2
11480,2,"1,680円",1680,2
11483,1,"7,500円",7500,1;2
11483,2,"5,500円",5500,2
11484,1,5900,5900,
11484,2,4700,4700,
11486,1,"7,800円",7800,1;2
11486,2,"2,000円",2000,2
11488,1,5000,5000,1;2
11488,2,3500,3500,2
11489,1,"4,500円",4500,1;2
11489,2,"2,000円",2000,2
11491,1,6500,6500,1;2
11491,2,2830,2830,2
11492,1,"7,000円",7000,2
11492,2,"6,000円",6000,2
11493,1,8000,8000,1;2;3;3;3
11493,2,7000,7000,2;3
11498,1,8500,8500,1;2
11498,2,3500,3500,2
11501,1,"2,570円",2570,1;2;3
11501,2,"1,750円",1750,2;3
11503,1,"8,900円",8900,1;2
11503,2,"6,500円",6500,2
11504,1,"8,000円",8000,1;2
11504,2,"5,000円",5000,2
11506,1,"8,000円",8000,2
11506,2,"6,000円",6000,2
11507,1,"9,000円",9000,1;2
11507,2,"6,000円",6000,2
11510,1,,,1;2;3
11510,2,,,2
11511,1,6260,6260,1;2;3
11511,2,4000,4000,2
11514,1,"6,000円",6000,1;2
11514,2,"5,000円",5000,2
11515,1,"8,000円",8000,2
11515,2,"6,500円",6500,2
11516,1,"5,500円",5500,1;2
11516,2,"5,500円",5500,2
11517,1,"8,000円",8000,2
11517,2,"6,500円",6500,2
11518,1,"妊娠初診（妊婦初診料＋超音波検査＋（尿中hCG）） 4,500円
 　妊婦健診初回　健診料＋超音波補助券＋初期検査一式＋追加検査一式 35,190円",4500,
11518,2,"1)通常の妊婦健診（健診料＋超音波検査） 6,780円　
2)24週50gGCT追加（健診料＋50gGCT＋超音波補助券） 12,310円　
3)30週血算追加（健診料＋血算＋超音波補助券） 12,420円　
4)36週血算・GBS・NST追加（健診料＋血算＋GBS検査＋NST＋超音波補助券） 16,720円　
5)37週助産師外来（健診料＋助産師外来費用） 7,780円　
6)",1,
11519,1,"8,000円",8000,2
11519,2,"6,500円",6500,2
11520,1,"8,000円",8000,2
11520,2,"6,500円",6500,2
11521,1,"8,000円",8000,2
11521,2,"6,500円",6500,2
11522,1,"5,000円",5000,1;2
11522,2,"2,500円",2500,2
11524,1,"8,000円",8000,2
11524,2,"6,500円",6500,2
11526,1,"8,000円",8000,2
11526,2,"6,500円",6500,2
11527,1,"8,000円",8000,2
11527,2,"6,500円",6500,2
11528,1,"8,000円",8000,2
11528,2,"6,500円",6500,2
11531,1,"8,000円",8000,2
11531,2,"6,500円",6500,2
11532,1,"9,000円",9000,2
11532,2,"2,500円",2500,2
11534,1,"8,000円",8000,2
11534,2,"6,500円",6500,2
11535,1,"8,000円",8000,2
11535,2,"6,500円",6500,2
11536,1,"8,000円",8000,2
11536,2,"6,500円",6500,2
11537,1,"8,000円",8000,2
11537,2,"6,500円",6500,2
11539,1,"8,000円",8000,2
11539,2,"7,260円",7260,2
11540,1,"8,000円",8000,2
11540,2,"6,500円",6500,2
11541,1,"2,630円",2630,1;2
11541,2,"1,840円",1840,2
11542,1,"8,000円",8000,2
11542,2,"7,700円",7700,2
11544,1,"8,000円",8000,2
11544,2,"6,000円",6000,2
11545,1,"8,690円(保険890円/自費2,500円/5,300円)",8690,1;2
11545,2,"1,840円(保険1,840円)
超音波自費の場合は2,000円
(保険410円/自費1,590円)",1840,2
11546,1,2630,2630,
11546,2,2630,2630,
11551,1,"約10,000円",10000,3;3;3
11551,2,"約5,000円",5000,
11552,1,"6,000円",6000,1;2
11552,2,"5,000円",5000,2
11553,1,"8,000円",8000,1;2
11553,2,"3,000円",3000,2
11555,1,,,2;1
11556,1,"5,000円",5000,1;2
11556,2,"4,000円",4000,2
11557,1,"3,000円",3000,2
11557,2,"2,000円",2000,2
11558,1,,,1;2
11558,2,,,2
11563,1,"10,000円",10000,1;2
11563,2,"6,000円",6000,
11564,1,"8,980円",8980,1;2
11564,2,"4,470円",4470,2
11566,1,8000,8000,1;2
11566,2,6500,6500,2
11567,1,,,2
11567,2,,,2
11568,1,"4,470円",4470,1;2;3
11568,2,"6,000円",6000,2
11569,1,"6,500円",6500,1;2
11569,2,"5,000円",5000,2
11571,1,7500,7500,1;2
11571,2,6000,6000,2
11573,1,,,2
11573,2,,,2
11574,1,"4,000円（初診+超音波）
1,500円（不妊治療中.再診料+尿）
4,140円（不妊治療中.再診料+血中hCG）",4000,1;2;3
11574,2,3000,3000,2
11575,1,"5,500円",5500,2
11575,2,"3,800円",3800,2
11577,1,"5,000円",5000,1;2
11577,2,"2,000円",2000,2
11578,1,,,1;2
11578,2,,,2
11579,1,"8,600円",8600,1;2
11579,2,"5,600円",5600,2;3
11580,1,"7,000円",7000,2
11580,2,"6,000円",6000,2
11582,1,,,2
11582,2,,,2
11583,1,4500,4500,2;3
11583,2,3000,3000,2
11585,1,9000,9000,
11586,1,"5,000円",5000,1;2
11586,2,"3,000円",3000,2
11588,1,平日：8800円　日曜日：9900円,8800,1;2
11588,2,平日：5500円　日曜日：6600円,5500,2
11590,1,,,1;2
11590,2,,,2
11591,1,10000,10000,
11591,2,5000,5000,
11592,1,"8,000円",8000,2
11592,2,"2,000円",2000,2
11597,1,"5,000円",5000,1;2
11597,2,"5,000円",5000,2
11598,1,7200,7200,2
11598,2,5200,5200,2
11601,1,"10,000円",10000,1;2
11601,2,"4,000円",4000,2
11602,1,7500,7500,
11602,2,5000,5000,
11604,1,35450,35450,
11604,2,9000,9000,
11605,1,"5,300円",5300,1;2
11605,2,"1,840円",1840,2
11616,1,"8,850円",8850,2
11616,2,"6,090円",6090,2
11618,1,,,1;2
11618,2,,,2
11619,1,0,0,
11619,2,0,0,
11621,1,9000,9000,1;2
11621,2,6500,6500,2
11623,1,,,1;2
11623,2,,,2
11628,1,"8,200円",8200,2
11628,2,"4,000円",4000,2
11629,1,"6,000円",6000,1;2
11629,2,"5,000円",5000,2
11631,1,,,1;2
11631,2,,,2
11632,1,"5,000円",5000,1;2
11632,2,"3,000円",3000,2
11633,1,"9,620円",9620,1;2
11633,2,"6,610円",6610,2
11634,1,9800,9800,
11634,2,5600,5600,
11636,1,6000,6000,
11636,2,3500,3500,
11641,1,7000,7000,1;2
11641,2,3500,3500,2
11642,1,"7,500円",7500,1;2
11642,2,"3,000円",3000,2
11646,1,"5,000円",5000,2
11646,2,"2,000円",2000,2
11648,1,,,1;2
11648,2,,,2
11650,1,"5,000円",5000,1;2
11650,2,"5,000円",5000,2
11651,1,"7,300円(初診料3,000円、超音波3,300円、HCG1,000円)",7300,1;2
11651,2,"4,300円(超音波3,300円、その他1,000円)",4300,2
11652,1,"7,300円(初診料3,000円、超音波3,300円、HCG1,000円)",7300,1;2
11652,2,"4,300円(超音波3,300円、その他1,000円)",4300,2
11654,1,5000,5000,
11654,2,5000,5000,
11655,1,"7,000円",7000,1;2
11655,2,"2,000円",2000,
11657,1,5000～7000,5000,
11657,2,4000,4000,
11662,1,"3,060円",3060,1;2
11662,2,"1,670円",1670,2
11667,1,,,1;2
11667,2,,,2
11685,1,"6,000円",6000,1;2
11685,2,"5,000円",5000,2
11710,1,0円,0,1
11710,2,0円,0,
11715,1,"5,000円",5000,3
11715,2,"2,000円",2000,3
11719,1,"2,000円",2000,2;3
11725,1,"5,000円",5000,2
11725,2,"5,000円",5000,2
11731,1,"10,000円",10000,1
11731,2,"5,000円~6,000円",5000,3
11734,1,"1,990円",1990,1;2
11734,2,"4,000円",4000,2
11746,1,"7,000円",7000,3
11746,2,"5,500円",5500,3
11762,2,,,3
11763,1,0円,0,1;3
11763,2,0円,0,3;3;3
11765,1,5000,5000,3
11765,2,3000,3000,3
11777,1,妊婦一般健康診査受診票以内,,1
11777,2,同上,,2
11779,1,"6,000円",6000,
11779,2,"5,000円",5000,
11780,1,"7,000円",7000,2
11780,2,"5,000円~8,000円",5000,2;3
11782,1,"3,500円",3500,3
11785,1,"2,000円",2000,3
11785,2,"2,000円",2000,3
11819,1,"7,000円",7000,3
11819,2,"5,000円",5000,
11884,1,検査費用は含まない(妊婦健診料のみ),,2
11884,2,検査費用は含まない(妊婦健診料のみ),,2
11922,1,6000,6000,
11922,2,5000,5000,
11927,1,1000,1000,
11927,2,1000,1000,
11935,1,7000,7000,
11935,2,"嘱託医療機関ポイント健診　初期17,960円　中期13,290円　後期　13,480円",17960,
11956,1,保険適応で尿検査や超音波検査を実施しています。,,
11956,2,保険適応で尿検査や超音波検査を実施しています。,,
11960,1,"6,000円",6000,2
11960,2,"5,000円",5000,2
11970,1,7000,7000,1;2;3
11970,2,3200,3200,2;3
11972,1,6000,6000,
11972,2,4000,4000,
11975,1,"8,290円",8290,1;2
11975,2,"5,550円",5550,2
11988,1,,,1;2
11988,2,,,2
11995,1,"7,000円",7000,2
11999,1,"8,170円",8170,1;2
11999,2,"3,000円",3000,2
12000,1,"9,500円",9500,1;2
12000,2,"6,000円",6000,2
12001,1,10000,10000,1;2
12001,2,6000,6000,2
12002,1,"8,300円",8300,2
12002,2,"6,800円",6800,2
12003,1,"6,000円",6000,1;2
12003,2,"4,630円",4630,2
12006,1,"7,000円",7000,1;2;3
12006,2,"5,000円",5000,2;3
12008,1,"5,500円",5500,1;2
12008,2,"5,500円",5500,2
12010,1,3000,3000,1;2
12010,2,2000,2000,2
12013,1,"約8,000円",8000,1;2
12013,2,"約4,000円",4000,2
12014,1,"約10,000円",10000,1;2
12014,2,"約8,000円",8000,2
12017,1,"7,000円",7000,1;2
12017,2,"6,500円",6500,2
12018,1,"27,000円",27000,1;2
12018,2,"20,000円",20000,2
12020,1,4800,4800,
12022,1,,,1;2
12022,2,,,2
12023,1,,,2
12023,2,,,2
12026,1,10000,10000,
12026,2,6000,6000,
12027,1,8000,8000,1;2;3
12027,2,6000,6000,2;3
12028,1,"3,000円~5,000円程度",3000,1;2;3
12028,2,"3,000円程度",3000,2
12029,1,"7,000円",7000,1;2
12029,2,"3,000円",3000,2
12032,1,"9,500円",9500,1;2
12032,2,,,2;3
12034,1,"5,000円",5000,1
12034,2,"2,000円",2000,
12035,1,8000,8000,1;2
12035,2,7500,7500,2
12038,1,,,1;2
12038,2,,,2
12042,1,"8,000円",8000,1;2
12042,2,"2,010円",2010,2
12044,1,"3,850円",3850,1;2
12044,2,"1,840円",1840,2
12057,1,,,1;2
12057,2,,,2
12089,1,8500,8500,
12089,2,6500,6500,
12090,1,"6,960円",6960,1;2
12090,2,"4,000円",4000,2
12092,1,"6,000円",6000,2
12092,2,"4,000円",4000,2
12093,1,"8,800円",8800,1;2
12093,2,"4,000円",4000,2
12094,1,,,1;2
12094,2,,,2;3
12095,1,"8,900円",8900,2
12095,2,"6,700円",6700,2
12096,1,"2,540円",2540,1;2
12096,2,"1,670円",1670,2
12097,1,"7,500円",7500,1;2
12097,2,"6,500円",6500,2
12098,1,"6,500円",6500,2
12098,2,"4,000円",4000,2
12099,1,5000,5000,1;2
12099,2,2500,2500,2
12100,1,,,1;2
12100,2,,,2
12103,1,,,1;2
12103,2,,,2
12107,1,"5,000円~6,000円",5000,1;2
12107,2,"3,000円",3000,2
12108,1,,,2
12114,1,"8,800円",8800,1;2
12114,2,"4,000円",4000,2
12116,1,"約6,000",6000,
12116,2,"約3,000",3000,
12117,1,"18,850円",18850,1
12117,2,"6,680円",6680,
12119,1,"14,000円",14000,1;2
12119,2,"7,000円",7000,2
12120,1,"8,250円",8250,2
12120,2,"2,750円",2750,2
12122,1,5010,5010,1;2
12122,2,5010,5010,2
12125,1,"8,000円",8000,1;2
12125,2,"3,600円",3600,2
12126,1,6000,6000,2
12126,2,3500,3500,2
12127,1,"7,500円",7500,1;2
12127,2,"2,000円",2000,2
12128,1,,,2
12128,2,,,2
12134,1,"5,000円",5000,2
12134,2,"3,500円",3500,
12136,1,"約10,000円",10000,1;2
12136,2,"約7,000円",7000,2
12139,1,"11,300円",11300,1;2
12139,2,"6,300円",6300,2
12140,1,,,1;2
12140,2,,,2
12141,1,"8,400円",8400,1;2
12141,2,"6,140円",6140,2
12144,1,,,1;2
12144,2,,,2
12148,1,"3割負担で3,090円",3,1;2
12148,2,"3割負担で1,940円",3,2
12149,1,,,1;2
12149,2,,,2
12150,1,"7,000円",7000,1;2
12150,2,"5,000円",5000,2
12151,1,"6,000円",6000,1;2
12151,2,"6,000円",6000,2
12152,1,"2,570円",2570,2
12152,2,"1,480円",1480,
12155,1,"6,000円",6000,1;2
12155,2,"5,000円",5000,2
12158,1,"28,200円",28200,1;2;3
12158,2,"5,000円",5000,2;3
12168,1,"5,800円",5800,1;2
12168,2,"5,800円",5800,2
12170,1,,,1;2
12170,2,,,2
12178,1,9300,9300,
12178,2,5500,5500,
12181,1,"4,000円",4000,2
12181,2,"2,000円",2000,2
12190,1,8000,8000,
12190,2,5000,5000,
12196,1,"13,300円",13300,1;2
12196,2,"10,580円",10580,2
12203,1,5500,5500,
12203,2,4000,4000,
12228,1,"5,700円",5700,1
12231,1,"4,000円",4000,1
12233,1,"3,500円",3500,1;2
12233,2,"2,700円",2700,2
12237,1,"6,670円",6670,2
12237,2,"6,590円",6590,2
12242,1,"5,100円",5100,2
12242,2,"2,790円",2790,2
12245,1,"5,000円",5000,1;2
12245,2,"6,000円",6000,2
12250,1,"7,900円",7900,1;2
12250,2,"5,000円",5000,2
12252,1,"8,000円~9,000円(紹介状があった場合)",8000,2
12252,2,"5,000円",5000,2
12253,1,"10,370円",10370,1;2
12253,2,"6,070円",6070,2
12254,1,"3,360円",3360,1;2
12254,2,"1,860円",1860,2
12255,1,クーポン利用時は0円,0,1;2
12255,2,"クーポン利用時は0円、それ以外は1,500円",0,2;3
12257,1,"17,410円",17410,1;2
12257,2,"7,390円",7390,2
12261,1,診療報酬の10割負担(再診料+超音波検査)(母子手帳交付後に実施する検査を含まず),10,1;2
12261,2,診療報酬の10割負担(再診料+超音波検査)(母子手帳交付後に実施する検査を含まず),10,2
12263,1,"5,300円",5300,1;2
12263,2,"3,500円",3500,2
12264,1,"10,960円",10960,1;2
12264,2,"6,050円",6050,2
12265,1,"9,750円",9750,1;2
12265,2,"5,970円",5970,2
12266,1,"4,160円",4160,1;2
12266,2,"2,610円",2610,2
12267,1,"5,000円",5000,1;2
12267,2,"4,000円",4000,2
12268,1,"11,720円",11720,1;2;3
12268,2,"11,350円",11350,2;3
12273,1,"4,000円",4000,1;2
12273,2,"3,000円",3000,2
12274,1,"3,130円",3130,1;2
12274,2,"1,850円",1850,2
12275,1,"10,000円",10000,1;3
12275,2,0円,0,2
12276,1,"7,000円",7000,1;2
12276,2,"6,000円",6000,2
12277,1,"5,000円",5000,2
12277,2,"3,000円",3000,2
12280,1,"11,590円",11590,1;2
12280,2,"6,000円",6000,2
12281,1,,,1;2
12281,2,,,2
12282,1,,,1;2
12282,2,,,2
12283,1,"6,000円",6000,1;2
12283,2,"4,000円",4000,2
12284,1,"8,900円",8900,1;2
12284,2,"2,600円",2600,2
12285,1,"8,900円",8900,1;2
12285,2,"6,700円",6700,2
12286,1,"8,000円",8000,1;2
12286,2,"4,000円",4000,2
12287,1,"約16,000円",16000,1;2;3;3
12287,2,"約7,000円",7000,2
12288,1,,,1;2
12288,2,,,2
12291,1,"6,420円",6420,1;2
12291,2,"2,700円",2700,2
12293,1,"約2,550円",2550,1;2;3
12293,2,"約1,900円",1900,2;3
12294,1,,,1;2
12294,2,,,2
12295,1,,,1;2
12295,2,,,2
12296,1,,,1;2
12297,1,"5,000円",5000,1;2
12297,2,"5,000円",5000,2
12298,1,"4,500円",4500,1;2
12298,2,"4,000円",4000,2
12300,1,,,1;2
12300,2,,,2
12301,1,"5,000円",5000,1;2
12301,2,"3,000円",3000,2
12303,1,"8,000円~10,000円",8000,1;2
12303,2,"5,510円~6,040円",5510,2
12305,1,"7,000円",7000,1;2
12305,2,"5,000円",5000,2
12307,1,"7,000円",7000,1;2
12307,2,"2,000円",2000,2
12308,1,"25,110円",25110,1;2
12308,2,"51,410円",51410,2
12309,1,"6,000円",6000,1;2
12309,2,"5,000円",5000,2
12310,1,"5,000円",5000,1;2
12310,2,"3,000円",3000,2
12312,1,,,1;2
12312,2,,,2
12313,1,"9,200円",9200,1;2
12313,2,"6,200円",6200,2
12314,1,,,1;2
12314,2,,,2
12316,1,"6,110円",6110,1;2
12316,2,"5,000円",5000,2
12317,1,"2,000円",2000,2
12317,2,"2,000円",2000,
12320,1,"7,700円",7700,1;2
12320,2,"3,850円",3850,2
12323,1,"5,200円",5200,1;2
12323,2,"3,800円",3800,2
12324,1,"7,000円",7000,1;2;3
12324,2,"5,000円",5000,2
12325,1,"9,500円",9500,1;2
12325,2,"5,500円",5500,2
12326,1,"6,600円",6600,1;2
12326,2,"3,300円",3300,2
12327,1,"6,000円",6000,1;2;3;3
12327,2,"5,000円",5000,2;3;3;3
12329,1,"10,400円",10400,2;3
12329,2,"5,500円",5500,2
12330,1,"20,000円",20000,2;3
12330,2,"10,000円",10000,2;3
12331,1,"5,300円",5300,1;2
12331,2,"5,300円",5300,2
12332,1,,,1;2
12332,2,,,2
12333,1,"6,600円",6600,1;2
12333,2,"6,050円",6050,2
12334,1,,,2
12334,2,,,2
12335,1,"12,500円",12500,1;2
12335,2,"8,000円",8000,2
12336,1,,,1;2
12336,2,,,2
12338,1,"妊娠判定まで2,200円+5,400円+1,000円=8,600円",2200,1;2
12338,2,"妊娠判定まで1,100円+5,400円=6,500円で妊婦健診からは3,200円+5,400円=8,600円",1100,2
12339,1,"5,200円",5200,1;2
12339,2,"5,200円",5200,2
12340,1,"9,000円",9000,2
12340,2,"7,000円",7000,2
12342,1,,,1;2
12342,2,,,2
12344,1,"8,000円",8000,1;2
12344,2,"6,000円",6000,2
12345,1,"7,900円",7900,1;2
12345,2,"6,000円",6000,2
12346,1,"10,000円",10000,1;2
12346,2,"7,300円",7300,2
12347,1,"8,800円",8800,1;2
12347,2,"5,500円",5500,2
12350,1,"3,000円",3000,3
12350,2,"6,600円",6600,2
12351,1,"10,000円",10000,1;2
12351,2,"4,500円",4500,2
12353,1,"6,600円",6600,1;2
12353,2,"5,500円",5500,2
12355,1,"2,520円",2520,1;2
12355,2,"1,830円",1830,2
12356,1,"5,000円",5000,1;2
12356,2,"5,000円",5000,2
12358,1,"6,000円~10,000円",6000,1;2
12358,2,"5,000円~8,000円",5000,2
12359,1,"6,600円",6600,1;2
12359,2,"2,200円",2200,2
12360,1,"8,000円",8000,1;2
12360,2,"6,500円",6500,2
12361,1,"10,300円",10300,2
12361,2,"6,030円",6030,2
12362,1,"5,500円",5500,2
12362,2,"5,500円",5500,2
12366,1,"10,000円",10000,1;2
12366,2,"7,000円",7000,2
12367,1,"10,000円",10000,1;2
12367,2,"6,900円",6900,2
12368,1,,,1;2
12368,2,,,2
12371,1,"5,500円",5500,2
12371,2,"5,500円",5500,2
12372,1,"受診料+エコー:7,700円、hCG:1,100円",7700,1;2
12372,2,"受診料+エコー:7,700円、hCG:1,100円",7700,2
12373,1,"8,000円",8000,2
12373,2,"4,000円",4000,2
12374,1,"5,500円(診察は当院で不妊治療後の方のみ)",5500,2;3
12374,2,"5,500円(診察は当院で不妊治療後の方のみ)",5500,2
12375,1,,,1;2
12375,2,,,2
12376,1,"8,800円",8800,1;2
12376,2,"4,400円",4400,2
12377,1,"6,270円",6270,1;2
12377,2,"4,070円",4070,2
12378,1,"8,000円",8000,1;2
12378,2,"6,000円",6000,2
12379,1,"4,000円",4000,1;2
12379,2,"3,000円",3000,2
12381,1,"35,000円",35000,2;3
12381,2,"10,000円",10000,2
12382,1,"9,000円",9000,1;2
12382,2,"7,000円",7000,2
12383,2,"5,500円",5500,3
12385,1,"8,500円",8500,1;2
12385,2,"4,500円",4500,2
12386,1,"8,900円",8900,1;2
12386,2,"6,700円",6700,2
12387,1,"6,200円",6200,1
12387,2,"4,500円",4500,2
12388,1,"2,500円位",2500,1;2
12388,2,"1,800円位",1800,2
12389,1,"4,500円",4500,1;2
12389,2,"4,000円",4000,2
12390,1,,,2
12390,2,,,2
12391,1,"9,500円",9500,1;2
12391,2,"5,000円",5000,2
12392,1,"6,000円",6000,1;2;3
12392,2,"4,000円",4000,2
12394,1,"5,500円",5500,2
12394,2,"2,000円",2000,2
12398,1,"8,800円",8800,1;2
12398,2,"5,300円",5300,2
12399,1,"9,900円",9900,1;2;3
12399,2,"4,070円",4070,2
12402,1,"21,800円",21800,1;2
12402,2,"6,700円",6700,2
12403,1,,,1;2
12403,2,,,2
12406,1,"9,200円",9200,1;2;3;3
12406,2,"6,700円",6700,2;3;3
12408,1,"約10,000円",10000,1;2
12408,2,"約7,000円",7000,2
12409,1,"10,930円",10930,1;2
12409,2,"5,750円",5750,2
12410,1,"9,800円",9800,1;2
12410,2,"6,000円",6000,2
12412,1,"5,700円",5700,2
12412,2,"3,700円",3700,2
12413,1,"5,000円~10,000円",5000,1;2
12413,2,"5,000円~10,000円",5000,2
12414,1,"8,600円",8600,1;2
12414,2,"4,800円",4800,2
12415,1,"3,110円",3110,1;2
12415,2,"1,830円",1830,
12417,1,"妊婦初診料5,500円
経腟超音波3,300円",5500,2
12417,2,,,2
12418,1,"11,000円",11000,1;2
12418,2,"6,500円",6500,2;3
12419,1,,,2
12419,2,,,2
12420,1,,,2
12420,2,,,2
12421,1,保険診療点数相当額,,2
12421,2,保険診療点数相当額,,2
12422,1,"4,500円",4500,1;2
12422,2,"1,500円",1500,2
12424,1,"3,000円",3000,1;2
12424,2,"2,000円",2000,2
12425,1,"11,220円",11220,1;2
12425,2,"5,000円",5000,2
12431,1,"3,500円",3500,1;2;3
12431,2,"1,700円",1700,2;3;3
12433,1,"10,000円",10000,2
12433,2,"5,000円",5000,2
12434,1,"9,000円",9000,2
12434,2,"7,000円",7000,2
12435,1,"5,000円",5000,1;2
12435,2,"3,000円",3000,2
12437,1,"5,500円",5500,1;2
12437,2,"3,300円",3300,2
12439,1,,,1;2
12439,2,,,2
12440,1,,,2
12440,2,,,2
12441,1,,,1;2
12441,2,,,2
12442,1,"8,800円",8800,1;2
12442,2,"5,500円",5500,2
12443,1,"6,600円",6600,1;2
12443,2,"6,600円",6600,2
12444,1,"11,120円",11120,1;2
12444,2,"6,070円",6070,2
12445,1,"2,100円",2100,1;2
12445,2,"3,000円",3000,2
12446,1,"9,000円",9000,1;2
12446,2,"4,400円",4400,2
12447,1,"9,180円",9180,1;2
12447,2,"6,800円",6800,2
12448,1,"6,000円",6000,2
12448,2,"4,000円",4000,2
12450,1,"7,000円",7000,1;2
12450,2,"5,500円",5500,2
12451,1,"5,500円",5500,1;2
12451,2,"5,500円",5500,2
12452,1,"6,000円",6000,1;2
12452,2,0円,0,2
12453,1,,,1;2
12453,2,,,2
12454,1,"4,800円",4800,1;2
12454,2,"2,880円",2880,2
12455,1,"6,500円",6500,1;2
12455,2,"1,500円~4,800円",1500,2
12456,1,"6,160円",6160,1;2
12456,2,"4,300円",4300,2
12457,1,"9,000円",9000,1;2
12457,2,"4,500円",4500,2
12459,1,"9,300円",9300,2
12459,2,"7,800円",7800,2
12462,1,"妊婦初診料3,000円+尿中hCG600円ないしは経膣超音波検査2,500円",3000,1;2;3
12462,2,"妊婦再診料1,800円+経膣超音波検査2,500円",1800,2
12464,1,"約11,000円",11000,1;2;3
12464,2,"約10,000円",10000,2;3
12465,1,,,2
12465,2,,,2
12466,1,"8,500円",8500,1;2
12466,2,"7,500円",7500,2
12467,1,"9,230円",9230,1;2;3
12467,2,"4,660円",4660,2;3
12468,1,"8,000円~10,000円",8000,1;2
12468,2,"3,000円",3000,2
12469,1,"5,410円",5410,2
12469,2,"3,250円",3250,2
12470,1,"10,500円",10500,2
12470,2,"5,200円",5200,2
12471,1,"5,300円",5300,1;2
12471,2,"4,770円",4770,2
12472,1,"3,500円",3500,1;2
12472,2,"1,580円",1580,2
12473,1,"尿中HCG(2,000円)
HCG定量(3,487円)",2000,1;3
12473,2,,,3
12474,1,"7,500円",7500,2
12474,2,"5,800円",5800,2
12475,1,"1,200円",1200,1;2;3
12475,2,"1,830円",1830,2
12477,1,,,1;2
12477,2,,,2
12478,1,"5,500円",5500,1;2
12478,2,"4,500円",4500,2
12479,1,"4,000円",4000,1;2
12479,2,"2,000円",2000,2
12480,1,"6,180円",6180,2
12480,2,"4,040円",4040,2
12481,1,"3,830円",3830,2
12481,2,"1,990円",1990,2
12485,1,"8,770円",8770,2
12485,2,"6,630円",6630,2
12487,1,"6,400円",6400,1;2;3
12487,2,"1,820円",1820,2
12488,1,"3,760円",3760,2
12488,2,"2,100円",2100,2
12492,1,"10,000円",10000,2
12492,2,"8,000円",8000,2
12495,1,不定,,2
12495,2,不定,,2
12496,1,"6,000円",6000,2
12496,2,"4,500円",4500,2
12497,1,"24,890円",24890,
12497,2,"4,100円",4100,2
12499,1,"29,000円",29000,2
12499,2,"6,000円",6000,2
12500,1,"4,300円",4300,1;2
12500,2,"2,500円",2500,2
12502,1,"12,250円",12250,1;2;3;3;3
12502,2,"10,250円",10250,2;3;3;3
12503,1,,,1;2
12503,2,,,2
12504,1,"5,000円前後",5000,1;2
12504,2,"2,000円前後",2000,2
12505,1,"5,000円",5000,1;2
12505,2,"3,000円",3000,2
12506,1,"6,600円",6600,1;2
12506,2,"4,950円",4950,2
12507,1,,,1;2
12507,2,,,2
12508,1,"2,630円",2630,1;2
12508,2,"1,990円",1990,2
12511,1,"9,550円",9550,1;2
12511,2,"6,000円",6000,2
12512,1,"3,280円",3280,1;2
12512,2,"1,990円",1990,2
12514,1,"8,000円",8000,1;2
12514,2,"2,000円",2000,2
12515,1,"6,600円",6600,1;2
12515,2,"4,400円",4400,2
12517,1,"3,500円",3500,2
12517,2,"3,500円",3500,2
12518,1,"3,500円",3500,1;2
12518,2,"1,800円",1800,2
12520,1,"2,480円",2480,2
12520,2,"1,820円",1820,2
12525,1,"7,000円",7000,1;2
12525,2,"5,000円",5000,2
12526,1,"5,000円",5000,1;2
12526,2,"5,000円",5000,2
12527,1,"4,000円",4000,1;2
12527,2,"2,000円",2000,2
12528,1,"5,500円",5500,1;2
12528,2,"3,000円",3000,2
12529,1,"12,000円",12000,2
12529,2,"6,000円",6000,2
12530,1,,,1
12531,1,840円,840,1
12532,1,"6,000円",6000,1;2
12532,2,"3,000円",3000,2
12533,1,"1,000円",1000,1
12534,1,"5,000円",5000,1;2
12534,2,"3,500円",3500,2
12536,1,"診察+超音波検査:5,500円
妊娠尿検査:1,210円",5500,1;2
12536,2,"診察+超音波検査:5,500円 ",5500,2
12537,1,,,1;2
12537,2,,,2
12539,1,"3,490円",3490,1;2
12539,2,"1,680円~1,840円",1680,2
12540,1,"4,000円~6,500円",4000,1;2
12540,2,"2,000円~4,000円",2000,2
12541,1,"6,000円",6000,1;2
12541,2,"5,000円",5000,2
12542,1,,,1;2
12542,2,,,2
12543,1,"5,510円",5510,1;2
12543,2,"2,270円",2270,2
12544,1,"3,130円",3130,1;2;3
12544,2,"1,850円",1850,2;3
12546,1,"5,000円",5000,2
12546,2,"4,000円",4000,2
12547,1,"6,000円",6000,1;2
12547,2,"6,000円",6000,2
12548,1,,,1;2
12548,2,,,2
12550,1,"7,000円",7000,1;2
12550,2,,,2
12551,1,"3,450円",3450,1;2
12551,2,"1,450円",1450,2
12552,1,"2,480円",2480,2
12552,2,"1,680円",1680,2
12553,1,"1,530円",1530,3
12553,2,"約3,000円",3000,2
12554,1,"3,430円",3430,1;2
12554,2,"2,170円",2170,2
12556,1,"3,500円",3500,1;2;3
12556,2,"2,800円",2800,2
12557,1,"6,000円~7,100円",6000,1;2
12557,2,"5,500円",5500,2
12558,1,,,1;2
12559,1,,,1;2
12559,2,,,2
12560,1,"3,000円もしくは4,900円",3000,1;2
12560,2,400円,400,2
12561,1,"3,300円",3300,1;2
12561,2,"2,200円",2200,2
12562,1,"10,000円",10000,1;2
12563,1,"6,000円",6000,1;2
12563,2,"5,000円",5000,2
12564,1,"12,000円",12000,1;2
12564,2,"6,500円",6500,2
12565,1,"8,210円",8210,2
12565,2,"6,050円",6050,2
12566,1,"6,600円",6600,2
12566,2,"5,500円",5500,2
12567,1,"10,000円",10000,2
12567,2,"5,000円",5000,
12568,1,"8,000円",8000,1;2
12568,2,"4,000円",4000,2
12569,1,"6,000円",6000,1;2
12569,2,"3,000円",3000,2
12570,1,"尿検査がない場合には約8,300円,尿検査をした場合には約10,000円。そもそも尿検査はご自身で検査してきたかどうかによって要不要が異なります。",8300,1;2
12570,2,"約6,000円",6000,2
12572,1,"11,000円",11000,1;2
12572,2,"5,500円",5500,2
12573,1,,,1;2
12573,2,,,2
12574,1,"6,500円",6500,1;2
12574,2,"4,500円",4500,2
12575,1,"1,340円",1340,2;3
12575,2,400円,400,2
12576,1,"5,500円",5500,1;2
12576,2,"5,500円",5500,2
12577,1,"7,500円",7500,1;2
12577,2,"3,500円",3500,2
12578,1,"9,770円",9770,1;2
12578,2,"6,050円",6050,2
12579,1,,,1;2
12579,2,,,2
12580,1,"10,000円",10000,1;2
12580,2,"2,000円",2000,2
12581,1,"7,000円",7000,1;2
12581,2,"3,500円",3500,
12583,1,"3,000円",3000,1;2
12583,2,"2,000円",2000,2
12585,1,"8,800円",8800,1;2;3
12585,2,"6,600円",6600,2;3
12587,1,,,1;2
12587,2,,,2
12588,1,"6,400円 (超音波検査料、尿中hCG検査料、初診料を含む、税込み)",6400,1;2
12588,2,"3,200円 (超音波検査料、再診料を含む、税込み)",3200,2
12589,1,"5,500円",5500,1;2
12589,2,"4,500円",4500,2
12593,1,"約5,000円",5000,1;2
12593,2,"約5,000円",5000,2
12594,1,"4,000円",4000,1;2
12594,2,"2,000円",2000,2
12595,1,,,1
12595,2,,,2
12597,1,,,1;2
12597,2,,,2
12598,1,,,1;2
12598,2,,,2
12601,1,,,1
15412,1,5300,5300,
15412,2,1500,1500,
