birth_navi_id,checkup_item,cost_text,cost_yen
10002,超音波検査（精密）,4000,4000
10002,４D超音波検査,4000,4000
10003,4D,2000,2000
10003,4D(他院出産）,3000,3000
10003,４D写真（２枚目以降）,200,200
10007,NSTモニター,2000,2000
10007,超音波検査,1500,1500
10009,4D超音波検査,"3,000円",3000
10014,胎児エコー,"3,500円",3500
10014,３Dエコー(当院患者4回目以降),"3,000円",3000
10021,サイトメガロウイルス抗体検査,"5,200円",5200
10021,トキソプラズマ抗体検査,"4,000円",4000
10021,胎児精密超音波検査（胎児ドック）,"8,800円",8800
10022,３D／４D超音波,"5,500円",5500
10023,胎児超音波検査(28週以降),"20,000円",20000
10023,胎児超音波検査(28週未満),"10,000円",10000
10023,３D4D超音波検査,"2,500円",2500
10030,胎児スクリーニング,"3,000円",3000
10037,4D超音波検査,"1,500円~3,000円",1500
10041,4D超音波検査,"2,000円~4,000円",2000
10047,4D超音波検査,3000,3000
10053,4D超音波検査だけの希望受診時,"3,300円",3300
10053,トキソプラズマIgGアビディティ,"22,000円",22000
10054,妊婦歯科検診,"費用は居住地により異なる。
(例)小田原市は500円",500
10054,胎児エコースクリーニング,"2,870円",2870
10054,胎児心エコースクリーニング,"8,000円",8000
10054,３D/４D超音波検査,"5,300円",5300
10056,妊婦簡易超音波検査(ファミリーエコー),"2,500円",2500
10062,3D/4Dエコー（2回目以降）,"2,750円",2750
10062,3D/4Dエコー（初回）,"3,850円",3850
10064,4D超音波検査　希望者のみ,"3,500円",3500
10068,胎児超音波検査１回目,"9,030円",9030
10068,胎児超音波検査２回目以降,"6,650円",6650
10069,4D超音波検査,1500,1500
10069,サイトメガロウイルス,2000,2000
10069,パルボウイルス,2000,2000
10069,水痘,2000,2000
10069,麻疹,2000,2000
10078,胎児ドック（中期）,"22,000円",22000
10078,胎児ドック（初期）,"33,000円",33000
10078,胎児心臓超音波検査（スクリーニング）,"6,000円",6000
10078,胎児心臓超音波検査（精査）,"4,280円",4280
10078,４D超音波検査,"2,000円",2000
10084,胎児超音波検査（スクリーニング）中期,"16,500円",16500
10084,胎児超音波検査（スクリーニング）後期,"16,500円",16500
10084,胎児超音波検査（スクリーニング）後期（当院にて中期を受けられた方）,"5,500円",5500
10088,4D超音波検査,"5,000円",5000
10090,エコー,"1,590円",1590
10090,淋,"1,160円",1160
10090,麻しん,"2,400円",2400
10096,3D/ 4D超音波検査,"5,000円~10,000円",5000
10096,胎児スクリーニング検査,"15,000円~18,000円",15000
10097,4D超音波検査,5000,5000
10097,サイトメガロウイルス抗体検査,5820,5820
10097,胎児超音波スクリーニング検査,8000,8000
10101,淋菌核酸同定検査,,
10106,３D/４D超音波検査,"4,000円",4000
10109,３Ｄ／４Ｄ超音波検査,0円,0
10111,3D／4D超音波検査（希望による）,,
10119,サイトメガロウィルスIgG,"2,060円",2060
10119,トキソプラズマIgG,930円,930
10119,甲状腺刺激ホルモン,"2,450円",2450
10119,胎児スクリーニング検査,"1回につき3,500円、希望により2回",1
10119,麻疹NT,790円,790
10125,胎児ｽｸﾘｰﾆﾝｸﾞ:単胎(他院通院中の方),10000,10000
10125,胎児ｽｸﾘｰﾆﾝｸﾞ:双胎(他院通院中の方),16000～20000,16000
10125,４Dエコー（他院通院の方）,5000,5000
10128,胎児ﾄﾞｯｸ,"10,000円",10000
10130,４D超音波検査,0円,0
10135,サイトメガロウイルス抗体,6500,6500
10135,トキソプラズマ抗体,4100,4100
10135,パルボウイルスB19抗体,6500,6500
10135,水痘・帯状疱疹ウイルス抗体,6500,6500
10135,流行性耳下腺炎ウイルス抗体,6500,6500
10135,麻疹ウイルス抗体,6500,6500
10136,胎児ドック(,"44,000円",44000
10139,トキソプラズマ抗体検査,"1,100円",1100
10139,栄養指導（管理栄養士）,"1,000円",1000
10142,サイトメガロウイルス抗体検査,"4,000円",4000
10142,トキソプラズマ抗体検査,"2,800円",2800
10147,3D/4D超音波検査,5500,5500
10149,妊婦健診時のエコー,"1,000円",1000
10153,トキソプラズマ抗体　血液検査,"2,570円",2570
10154,4D超音波,"6,000円",6000
10155,4D超音波検査加算,"2,000円",2000
10157,トキソプラズマ(IgG・IgM),"3,720円",3720
10160,サイトメガロ,790円,790
10160,トキソプラズマ,930円,930
10160,３D/４Ｄ超音波（2回目以降）,"6,000円",6000
10160,３D/４Ｄ超音波（初回）,"9,000円",9000
10164,サイトメガロウイルス,保険算定に準じる(10割負担),10
10164,トキソプラズマ,"3,500円",3500
10164,胎児超音波スクリーニング,"5,000円",5000
10169,４D超音波検査（単胎）,"3,000円",3000
10169,４D超音波検査（双胎）,"4,500円",4500
10173,4Dエコー実施料（加算）,"4,000円",4000
10173,カンジタ簡易培養検査,"2,000円",2000
10176,4D超音波検査,5500,5500
10189,胎児超音波スクリーニング検査,6400,6400
10190,サイトメガロウイルス検査,2500,2500
10190,トキソプラズマ抗体検査,2200,2200
10190,初期細菌検査,4700,4700
10190,甲状腺検査,5800,5800
10190,４D超音波検査,4000,4000
10191,サイトメガロ,"4,000円",4000
10191,トキソプラズマ（希望者）,"3,000円",3000
10193,4D超音波撮影,"3,300円",3300
10193,超音波検査（健診回数を超えて希望により実施する場合）,"3,300円",3300
10194,4Dエコー,"5,000円",5000
10195,トキソプラズマ抗体検査,"1,880円",1880
10195,ムンプス（おたふくかぜ）抗体検査,"2,000円",2000
10195,甲状腺機能検査,"2,190円",2190
10195,胎児超音波検査,"5,300円",5300
10195,麻疹抗体検査,"2,000円",2000
10196,トキソプラズマ,2280,2280
10196,胎児超音波検査,6040,6040
10198,エコー外来,"1,290円",1290
10199,4D（写真+ブルーレイ）,"3,300円",3300
10199,4D（写真のみ）,"2,200円",2200
10203,4D超音波,"3,000円",3000
10207,4D超音波検査＋妊婦健診,妊婦健診料に含む,
10207,胎児超音波スクリーニング検査,妊婦健診料に含む,
10208,３Ｄ／４Ｄ超音波検査（20週～29週）,500,500
10211,4D超音波検査,,
10212,4D超音波検査（2回目以降）,300円,300
10212,4D超音波検査（初回）,"3,000円",3000
10212,胎児心エコー検査,"3,000円",3000
10213,4D超音波検査,"3,300円",3300
10213,胎児精密超音波検査,"3,000円",3000
10226,サイトメガロIｇG,"2,230円",2230
10226,サイトメガロIｇM,"2,230円",2230
10226,４Ｄエコー,"5,000円",5000
10231,4Dエコー,"2,000円",2000
10231,サイトメガロウイルス抗体,"4,380円",4380
10231,トキソプラズマ抗体,"1,880円",1880
10231,水痘帯状疱疹ウイルス抗体,"2,190円",2190
10231,流行性耳下腺炎ウイルス抗体,"2,190円",2190
10231,麻疹ウイルス抗体,"2,190円",2190
10246,サイトメガロウイルス抗体検査,3000,3000
10246,トキソプラズマ検査,1000,1000
10246,ヒトハルボウイルス抗体検査,6800,6800
10246,胎児スクリーニング,4000,4000
10263,トキソプラズマ,930円,930
10264,胎児超音波検査,3300,3300
10268,3D/4D超音波検査,"2,000円",2000
10268,HPV検査,"5,940円",5940
10277,サイトメガロ（IGG）,"2,200円",2200
10277,サイトメガロ（IGM）,"2,200円",2200
10277,トキソプラズマ（IGG）,"1,023円",1023
10277,トキソプラズマ（IGM）,"1,045円",1045
10277,胎児エコー,"5,000円",5000
10282,4Ｄ超音波,"3,500円",3500
10282,胎児スクリーニング,"5,000円",5000
10283,超音波専門医による 胎児超音波検査(4D),"5,500円",5500
10290,4D超音波検査,"当院：3,500円　他院：8,000円",3500
10291,4D超音波検査,"1,000円",1000
10295,3D/4D超音波検査,0,0
10296,検査技師による胎児超音波（20週・30周）,"各2,000円",2000
10296,４D超音波検査,"5,000円",5000
10304,助産師３Dエコー（28～32週に２回まで）,0円,0
10307,水痘・帯状ヘルペスウイルスIgG抗体検査,"2,200円",2200
10307,麻疹IgG抗体検査,"4,800円",4800
10310,中期胎児形態スクリーニング超音波検査,"20,000円(別途、初診、再診料かかります)",20000
10310,初期精密超音波検査,"36,300円(別途、初診、再診料かかります)",36300
10310,３D4D超音波検査,"3,300円(初診料込み、録画は別途かかります)",3300
10315,妊娠20週胎児スクリーニング超音波検査,"5,300円",5300
10315,妊娠28週胎児スクリーニング超音波検査,"5,300円",5300
10332,胎児スクリーニング検査,"6,000円",6000
10340,サイトメガロウイルス抗体検査,"6,000円",6000
10340,トキソプラズマ抗体検査,"4,000円",4000
10340,ヒトパルボウイルスB19抗体検査,"8,200円",8200
10346,4D超音波検査,"初回0円 2回目以降3,500円",0
10353,4D超音波検査,"1,000円",1000
10353,胎児超音波検査,"4,000円",4000
10359,スクリーニング（胎児超音波検査）,"13,000円",13000
10359,トキソプラズマ抗体,930円,930
10359,麻疹,730円,730
10362,クアトロマーカー試験,17000,17000
10362,３D／４D超音波検査,0,0
10366,胎児超音波,"6,360円",6360
10367,サイトメガロウイルス,"2,000円",2000
10367,トキソプラズマ,"1,500円",1500
10372,4D超音波検査,"3,000円",3000
10373,甲状腺機能検査,2440,2440
10373,胎児超音波検査,2000,2000
10374,3D/4D超音波検査,3000,3000
10374,サイトメガロウイルス抗体検査,15000,15000
10382,胎児スクリーニング超音波検査,"5,500円",5500
10385,胎児超音波スクリーニング,"5,000円",5000
10393,胎児スクリーニング検査,"5,000円",5000
10401,4Dエコー（希望者のみ）,"6,600円",6600
10407,3D超音波検査,"6,080円",6080
10424,3D/4D超音波検査,"4,000円",4000
10424,胎児心エコー,"1,000円",1000
10425,超音波検査,2000,2000
10426,胎児スクリーニング,10000,10000
10426,胎児ハイリスクエコー,当院分娩10000円、他院分娩11000,10000
10431,サイトメガロウイルス抗体検査,"2,200円",2200
10431,トキソプラズマ抗体検査,"1,100円",1100
10431,胎児心エコー,"2,000円",2000
10433,トキソプラズマ抗体,"10,700円",10700
10433,周産期超音波外来（単胎）,"8,000円",8000
10433,周産期超音波外来（双胎）,"12,000円",12000
10436,初期スクリーニング超音波検査,"44,000円",44000
10436,３Ð/４Ð超音波検査,"22,000円",22000
10441,NST（40週以降　2回/週）,2100,2100
10441,トキソプラズマ検査（費用は概算）,3500,3500
10441,パルボウイルス（費用は概算）,4700,4700
10457,4Ｄ超音波検査,"2,500円",2500
10468,４D超音波検査,"5,000円",5000
10469,3D/4D超音波検査,"5,300円",5300
10469,トキソプラズマ抗体検査,"1,880円",1880
10470,トキソプラズマ,1880,1880
10475,4Ｄ超音波検査,"4,000円",4000
10477,超音波外来,"7,700円",7700
10478,中期形態超音波（超音波専門医実施/自費、要:事前遺伝カウンセリング）,"25,000円",25000
10478,初期形態超音波（超音波専門医実施/自費、要:事前遺伝カウンセリング）,"15,000円",15000
10478,希望者に対して技師エコーにて3D超音波,"2,500円",2500
10481,妊娠高血圧腎症スクリーニング検査,"16,000（ｺﾝﾊﾞｲﾝﾄﾞと同時の場合13,000）",16000
10483,4Dエコー検査,"5,000円",5000
10484,超音波検査,"3,000円",3000
10488,４Ｄ超音波検査,"8,250円",8250
10490,4D超音波検査,3000,3000
10490,退治心エコー,4000,4000
10492,トキソプラズマIgM、IgG,1880,1880
10492,胎児心エコー検査,3000,3000
10506,サイトメガロウイルス抗体検査,"2,230円",2230
10506,トキソプラズマ抗体検査 M・G,950円・930円,950
10507,サイトメガロウィルス抗体検査,"4,240円",4240
10507,トキソプラズマ抗体検査,"3,190円",3190
10508,胎児エコー外来　（費用は1胎児につき）,"30,000円",30000
10511,胎児超音波スクリーニング,"単胎:3,000円、双胎:6,000円",3000
10515,3D/4D超音波検査,0円,0
10518,3D/4D超音波検査（単胎）,9000,9000
10518,3D/4D超音波検査（双胎）,13500,13500
10518,胎児スクリーニング超音波検査（単胎）,8000,8000
10518,胎児スクリーニング超音波検査（双胎）,12000,12000
10521,サイトメガロ抗体,"2,000円",2000
10521,トキソプラズマ抗体,"1,880円",1880
10521,ムンプス抗体,790円,790
10521,水痘抗体,"2,000円",2000
10521,麻疹抗体,"2,000円",2000
10526,3D/4D超音波検査,"2,750円",2750
10527,サイトメガロウィルスIgG,"2,400円",2400
10527,パルボウィルスB19（リンゴ病）ウィルスIgG,"2,400円",2400
10527,ムンプス（おたふくかぜ）ウィルスIgG,"2,400円",2400
10527,水痘（みずぼうそう）ウィルスIgG,"2,400円",2400
10527,麻疹（はしか）ウィルスIgG,"2,400円",2400
10537,トキソプラズマ抗体検査,1500,1500
10539,サイトメガロウイルスIgG/IgM,"約3,000円",3000
10543,胎児エコー外来,"6,040円",6040
10567,超音波初期スクリーニング検査,3000,3000
10578,胎児心エコー（希望者のみ）,"10,000円/回",10000
10584,4Dエコー（単胎）,"2,500円",2500
10584,4Dエコー（双胎）,"5,000円",5000
10585,３Ｄ／４Ｄ超音波検査,"5,550円",5550
10590,胎児スクリーニングエコー検査,6080,6080
10611,トキソプラズマ IgG抗体アビディティ,19360,19360
10611,ヒトパルボウイルス B19 IgG,4840,4840
10611,胎児心拍数モニタリング料,2100,2100
10611,超音波検査料（妊婦健診時）,3000,3000
10616,３Ｄ／４Ｄ超音波検査,"3,000円",3000
10619,水痘ウイルス抗体検査,"4,550円",4550
10622,胎児心臓超音波スクリーニング,10000,10000
10622,胎児超音波スクリーニング,5000,5000
10624,淋菌検査,保険診療,
10625,3D/4D超音波,0円,0
10628,4D 超音波検査,1000,1000
10628,4D 超音波検査　他院通院中,2000,2000
10639,3D/4D超音波検査,1500,1500
10642,４Dｴｺｰ,"5,000円~",5000
10653,パルポウイルスB19検査,5676,5676
10653,麻しん検査,3679,3679
10658,4D超音波検査,"3,000円",3000
10658,健診時4D超音波オプション,"10,000円",10000
10658,経膣4D超音波,"1,000円",1000
10661,妊娠初期胎児形態超音波検査,"15,000円(税抜)",15000
10662,トキソプラズマ抗体検査,1580,1580
10666,4D超音波検査,6000,6000
10671,４Ｄエコー,"5,000円",5000
10672,ＴＳＨ、ＦＴ４,"4,430円",4430
10697,4D超音波検査,5830,5830
10703,３D／４Ｄ超音波検査,"5,000円",5000
10722,胎児超音波検査,"5,500円",5500
10735,4D,500円,500
10735,甲状腺,980円,980
10735,超音波,"1,000円",1000
10736,HPV検査,5610,5610
10747,トキソプラズマ抗体検査,2500,2500
10747,淋菌検査,4500,4500
10748,3D/4D超音波検査,2000（価格改定検討中）,2000
10755,胎児ハイリスク超音波,"1,500円",1500
10755,４D超音波検査,"4,000円",4000
10758,４D超音波検査,"6,180円",6180
10761,4Dエコー,"4,000円",4000
10762,トキソプラズマIgG,1200,1200
10762,トキソプラズマavidity,23100,23100
10762,先天性トキソプラズマIgM,3500,3500
10766,トキソプラズマ抗体,930円,930
10768,妊産婦超音波検査,"1,590円",1590
10774,サイトメガロlｇＧ,2000,2000
10775,胎児超音波スクリーニング,"5,300円",5300
10780,胎児超音波検査,2000,2000
10780,４D超音波検査,4200,4200
10785,サイトメガロウイルス検査,"4,000円",4000
10785,甲状腺検査,"3,000円",3000
10785,４Dエコー,"4,500円",4500
10787,サイトメガロウイルス抗体検査,"2,000円",2000
10797,4Ⅾ超音波検査,"5,000円",5000
10797,超音波検査,"2,000円",2000
10798,トキソプラズマ抗体検査,"1,023円",1023
10800,サイトメガロ検査,"68,200円",68200
10804,トキソプラズマ抗体検査,1880,1880
10804,水痘抗体検査,2060,2060
10804,麻疹抗体検査,2060,2060
10807,3D/4D超音波検査,0円(助産師外来で希望者に実施),0
10808,胎児精密超音波検査,"約50,000～100,000",50000
10811,胎児ドック　妊娠中期・後期,"25,000円",25000
10811,胎児ドック　妊娠初期,"50,000円",50000
10812,初回　HPV　自費,"4,000円",4000
10813,サイトメガロウイルス抗体検査,"3,670円",3670
10813,トキソプラズマ抗体検査,"4,760円",4760
10817,サイトメガロウイルス抗体検査,"2,000円",2000
10817,パルボウイルス,"2,000円",2000
10819,サイトメガロウイルス抗体検査,"790円(判断料・加算含むと2,630円)",790
10819,トキソプラズマ抗体検査,"930円(判断料・加算含むと\2,770円)",930
10824,トキソプラズマ抗体,1880,1880
10824,甲状腺ホルモン検査,2520,2520
10828,胎児超音波検査,"10,000円",10000
10836,トキソプラズマ抗体検査,2000,2000
10836,甲状腺機能検査,3000,3000
10843,3D/4D超音波検査,"7,000円",7000
10849,3D/4Dエコー　,"1,500円",1500
10850,4Dエコー,"6,400円",6400
10852,3D/4D超音波検査,サービス,
10863,助産師指導,1000,1000
10863,希望で超音波検査,5300,5300
10865,4Ｄ超音波検査,"3,300円",3300
10878,胎児エコー,"10,100円",10100
10880,"トキソプラズマ抗体検査
サイトメガロウイルス抗体検査","6,120円",6120
10881,4D,"2,000円",2000
10885,4D超音波検査,"3,850円",3850
10889,4D超音波（他院健診、出産の方）,"11,000円",11000
10889,トキソプラズマ抗体検査,500円,500
10890,4D超音波,0円,0
10895,トキソプラズマ,5000,5000
10901,4Dエコー,"5,000円",5000
10907,3D／4D超音波検査,（録画代）50,50
10908,トキソプラズマ,1023,1023
10917,サイトメガロウィルス抗体,"4,400円",4400
10917,胎児超音波検査,"21,000円",21000
10922,超初期胎児ドック,"15,000円",15000
10924,トキソプラズマ・サイトメガロウイルス抗体検査,"5,000円",5000
10933,4D画像（いい画像がとれた時のみ）,1回目2000円、2回目1000円,1
10933,超音波検査,1000円,1000
10933,麻疹抗体価検査,1000円,1000
10937,４Dエコー当院で分娩予定の方は無料,3300（他院にて分娩予定の方）,3300
10940,NIPT 結果開示,6600,6600
10940,前期保健指導,3000,3000
10940,後期保健指導,3000,3000
10940,胎児超音波検査,16500,16500
10941,40週以降の妊婦健診,3000,3000
10941,HPV簡易ゲノタイプ検査,1041（保険3割分）,1041
10941,パルボウィルス検査,2400,2400
10942,淋菌PCR,800円,800
10944,スクリーニング検査（4Dあり）,"5,000円",5000
10944,スクリーニング検査（4Dなし）,"4,000円",4000
10947,初期精密超音波検査,10000,10000
10947,周産期遺伝カウンセリング,"6,000/30分",6000
10947,確定検査　羊水染色体検査,140000,140000
10947,非確定検査　クワトロ検査,30000,30000
10956,4D 超音波検査,"8,800円",8800
10958,３D/４D超音波,0円,0
10960,3D4D超音波検査,"1,000円",1000
10960,カラードプラー（パルスドプラー）検査,"1,500円",1500
10960,"トキソプラズマigg,膣分泌物培養","3,500円",3500
10960,超音波検査　保険外のエコー,"3,000円",3000
10965,4D検査（初回）,"2,500円",2500
10965,胎児精密超音波検査,"14,000円",14000
10973,胎児超音波検査,"2,500円",2500
10975,4D超音波検査,500円,500
10980,４D超音波検査,5500,5500
10986,トキソプラズマ抗体,"4,500円",4500
10987,4D超音波検査,"11,000円",11000
10987,初期スクリーニング,"11,000円",11000
10989,4D超音波検査,"2,300円",2300
10993,サイトメガロウイルス検査,2000,2000
10993,採血,5000,5000
10993,３D超音波,3000,3000
10993,４D超音波,5000,5000
10995,3D/4D超音波検査,"3,000円",3000
11005,3D/4D超音波検査,0円,0
11008,4D超音波,"4,400円",4400
11009,トキソプラズマ・サイトメガロウイルス抗体価検査,"1項目1,000円、2項目で2,000円",1
11022,じっくりエコー,5500,5500
11024,サイトメガロ,"2,300円",2300
11024,トキソプラズマ,"3,000円",3000
11024,胎児心エコー,"8,000円",8000
11026,4D,"4,000円",4000
11030,4D超音波,"5,500円",5500
11041,4D　超音波,"3,000円",3000
11041,トキソプラズマ,"1,800円",1800
11042,3D/4D超音波検査,0円,0
11043,4D超音波検査(スクリーニング検査とセットのオプション）,3300,3300
11043,中期スクリーニング検査(他施設分娩予定の方）,11000,11000
11043,中期・後期スクリーニング検査(当院分娩予定の方）,11000,11000
11044,4D,1回 0円,1
11045,4D超音波検査,"110,000円",110000
11053,"●妊娠中期
　AST
　ALT
　ALP
　BUN
　TP
　ALB
　γGTP
　UA",1820,1820
11053,"●妊娠初期
　AST
　ALT
　ALP
　BUN
　TP
　ALB
　γGTP",1770,1770
11053,"●妊娠後期
　AST
　ALT
　ALP
　BUN
　TP
　ALB
　γGTP
　UA
　フェリチン",2220,2220
11053,エコー動画（超音波検査）,500,500
11055,3D/4D超音波検査,250（当院健診通院中の方）,250
11055,3D/4D超音波検査,5000（他院健診通院中の方）,5000
11055,胎児精密検査,4800,4800
11055,補助券がない回の超音波検査,1500,1500
11067,4Dエコー,5000,5000
11067,トキソプラズマ抗体検査,1500,1500
11069,胎児スクリーニング検査,"2,000円",2000
11070,他院通院中の方の4D超音波検査,"5,000円",5000
11071,４Ｄ超音波検査,"3,900円",3900
11072,胎児スクリーニング,"10,000円",10000
11076,サイトメガロ IgG IgM,"2,500円",2500
11076,トキソプラズマ,700円,700
11080,４D超音波検査,8000,8000
11090,3D/4D超音波検査,"1,000円",1000
11107,3D/4D超音波検査,"約1,100円",1100
11110,"3D,4D超音波検査","4,000円",4000
11110,サイトメガロウイルス検査,"4,000円",4000
11110,ヒトパルボウイルス検査,"2,000円",2000
11116,全身ドック,15000,15000
11116,初期ドック,35000,35000
11116,医師4D超音波検査,4000,4000
11116,心臓ドック,15000,15000
11116,最終ドック,15000,15000
11125,糖負荷試験（75gGCT),1460,1460
11126,トキソプラズマ,"3,300円",3300
11128,サイトメガロウイルス抗体検査,4000,4000
11128,トキソプラズマ抗体検査,4000,4000
11129,初期スクリーニング,"18,000円",18000
11134,サイトメガロ,800円,800
11134,胎児スクリーニング,"5,000円",5000
11135,4D超音波検査,"10,000円",10000
11135,初期精密超音波検査,"38,000円",38000
11140,トキソプラズマ検査,"1,500円",1500
11141,４D超音波,"2,750円",2750
11143,栄養指導,"2,600円",2600
11145,胎児スクリーニング/４D超音波検査,"4,000円",4000
11145,胎児心エコー検査,"8,000円 (他院で分娩の方は15,000円)",8000
11155,栄養指導　※必要時,"3,300円",3300
11155,胎児スクリーニング（中期）,"8,800円",8800
11155,胎児スクリーニング（初期）,"8,800円",8800
11155,胎児スクリーニング（後期）,"8,800円",8800
11164,3D/4D超音波検査,4500,4500
11167,4Ｄ検査,"6,000円",6000
11178,4D超音波検査,"2,000円",2000
11189,3D／4D超音波検査,"22,000円",22000
11191,サイトメガロウイルス,2630,2630
11191,トキソプラズマ,3320,3320
11191,パルボウイルス,3840,3840
11191,ムンプス,3840,3840
11191,水痘,2630,2630
11191,百日咳,2640,2640
11193,3D・4D超音波検査,"6,000円",6000
11197,4D超音波検査,,
11198,麻しん検査,"2,000円",2000
11198,４Ｄ超音波検査,"1,500円",1500
11211,FTS,25000,25000
11211,トキソプラズマ,2770,2770
11228,3D/4D超音波検査,"3,000円",3000
11230,4D超音波（当院分娩）,2000,2000
11235,サイトメガロウイルス抗体,"2,000円",2000
11235,トキソプラズマ抗体,950円,950
11236,3D/4D,"5,000円",5000
11240,STIC検査(胎児心臓検診),"3,000円",3000
11248,トキソプラズマ抗体検査,930円,930
11248,３D/4D超音波,"1,000円",1000
11249,２回目の超音波自費,"4,000円",4000
11250,胎児心臓超音波検査,6050,6050
11255,トキソプラズマ抗体,"1,200円",1200
11255,胎児診断超音波,"5,000円",5000
11255,４D超音波,"3,300円",3300
11263,3D超音波検査,550,550
11277,サイトメガロ,2500,2500
11277,トキソプラズマ抗体,1000,1000
11277,水痘,2500,2500
11277,麻疹,2500,2500
11277,３D/4D超音波,3500,3500
11277,３Ｄ超音波,3500,3500
11282,サイトメガロウイルスIgG・IgM検査,"6,100円",6100
11282,トキソプラズマIgM抗体検査,"2,790円",2790
11286,Oscar他院通院者検査,50000,50000
11286,Oscar院内通院者検査,37000,37000
11297,超音波検査,"2,000円",2000
11298,3D、4Dエコー,0円,0
11298,サイトメガロウイルス抗体検査,"3,000円",3000
11298,トキソブラズマ抗体検査,"3,500円",3500
11298,ヒトパルボウイルス抗体検査,,
11306,サイトメガロウイルス抗体,"4,000円",4000
11306,トキソプラズマ抗体,"4,000円",4000
11307,４Ｄ超音波,0円,0
11317,4D超音波検査,5000,5000
11320,トキソプラズマ,"1,000円",1000
11320,パルボウイルスB19,"2,500円",2500
11320,水痘ウイルス,"2,500円",2500
11320,淋菌,"3,000円",3000
11320,麻疹ウイルス,"4,500円",4500
11337,超音波検査,1800,1800
11340,3D/4D超音波写真,500円,500
11340,3D/4D超音波録画,500円,500
11340,オンライン助産師外来,330円,330
11340,対面助産師外来,500円,500
11340,胎児心臓超音波検査,"1,500円",1500
11343,3D/4Dエコー,0,0
11343,サイトメガロウイルスIgG,3840,3840
11343,トキソプラズマIgG,2770,2770
11343,胎児エコー,0,0
11345,本人希望のトキソプラズマ検査,"1,500円",1500
11355,3Dエコー,20000,20000
11355,エコー（本人に渡すため）,750,750
11362,3D/4D超音波検査（さくっと）,1500,1500
11362,3D/4D超音波検査（じっくり）,3000,3000
11366,トキソプラズマ抗体検査,"2,000円",2000
11370,４D超音波,"4,400円~6,600円",4400
11372,４D超音波検査,"2,000円",2000
11380,3D/4D超音波検査,0円,0
11402,4Dエコー外来,"3,500円",3500
11416,サイトメガロウイルス,"3,000円",3000
11416,トキソプラズマ,"3,000円",3000
11416,胎児超音波,"10,000円",10000
11416,４D（他院健診患者様）,"5,000円",5000
11419,４D超音波検査（かかりつけの方）,2000,2000
11419,４D超音波検査（他院の方）,6000円,6000
11426,パルボウィルス抗体検査,"6,000円",6000
11427,4D超音波検査,"6,000円",6000
11427,サイトメガロウイルス抗体IgG、IgM,"6,000円",6000
11427,トキソプラズマ抗体IgG、IgM,"4,000円",4000
11428,サイトメガロウイルス抗体検査,4400,4400
11428,トキソプラズマ抗体検査,2750,2750
11431,甲状腺+トキソプラズマ（IgG、IgM）,"15,000円",15000
11431,胎児超音波検査,"5,000円",5000
11431,超音波検査（全体で計5回目以降）,0円,0
11435,４D超音波検査,230円,230
11438,胎児ｽｸﾘｰﾆﾝｸﾞ検査,3000,3000
11438,胎児ｽｸﾘｰﾆﾝｸﾞ検査（多胎）,5000,5000
11439,サイトメガロウイルス,3000,3000
11439,トキソプラズマ,2000,2000
11444,サイトメガロ抗体,"4,230円",4230
11444,トキソプラズマ抗体,"2,770円",2770
11444,胎児エコー11～13週まで,"2,000円",2000
11444,胎児エコー20週,"3,000円",3000
11446,４Ｄ超音波検査,1回目0円,1
11446,４Ｄ超音波検査,"2回目以降 1,000円",2
11448,４D超音波検査（他院通院中）,"1,500円",1500
11448,４D超音波検査（転院後）,500円,500
11448,４D超音波検査（通院中）,0円,0
11456,4D超音波検査,"6,000円",6000
11458,4D超音波検査,"3,500円",3500
11460,パルボウイルス抗体検査,"2,000円",2000
11462,心臓スクリーニング,"3,200円",3200
11472,両親学級,"1,500円",1500
11472,母親学級,"1,300円",1300
11472,４Dエコー,"5,000円",5000
11490,4D超音波検査,,
11490,Fe,,
11490,甲状腺機能検査,,
11490,葉酸,,
11491,胎児ｽｸﾘｰﾆﾝｸﾞ検査,2500,2500
11493,3D/4D超音波外来,"6,000円(税込)/他院で妊婦健診を受診されている方は8,000円(税込)/顔が見えなかった場合2,000円(税込)",6000
11504,トキソプラズマ抗体検査,"2,000円",2000
11504,胎児スクリーニング検査,"7,000円",7000
11507,3D4D超音波検査（妊娠28週頃）,0円,0
11507,3Ｄ4Ｄ超音波検査（妊娠10週頃）,0円,0
11511,サイトメガロウイルス抗体検査,"2,230円",2230
11511,トキソプラズマ抗体検査,"1,880円",1880
11514,胎児超音波検査,"5,000円",5000
11515,淋菌核酸同定検査,,
11516,3D/4D超音波,0円,0
11517,淋菌核酸同定検査,,
11518,サイトメガロウイルス抗体検査,1000,1000
11518,トキソプラズマ抗体検査,1000,1000
11518,助産師外来,2000,2000
11518,帯下一般培養,2000,2000
11518,甲状腺機能検査,2000,2000
11518,超音波検査（３D/４D含む）,1000,1000
11519,淋菌核酸同定検査,,
11520,淋菌核酸同定検査,,
11521,淋菌核酸同定検査,,
11522,サイトメガロウイルス抗体検査(任意),"6,100円",6100
11522,トキソプラズマ抗体検査(任意),"3,620円",3620
11522,胎児超音波検査,0円,0
11522,３D/４D超音波検査,0円,0
11524,淋菌核酸同定検査,,
11526,淋菌核酸同定検査,,
11527,淋菌核酸同定検査,,
11528,淋菌核酸同定検査,,
11531,淋菌核酸同定検査,,
11534,淋菌核酸同定検査,,
11535,淋菌核酸同定検査,,
11536,淋菌核酸同定検査,,
11537,淋菌核酸同定検査,,
11539,淋菌核酸同定検査,,
11540,淋菌核酸同定検査,,
11541,3D/4D超音波,"9,920円",9920
11542,淋菌核酸同定検査,,
11545,4D,"5,000円",5000
11546,ファグノス（頸管エラスターゼ定性検査）,"520〜1,370",520
11546,細菌顕微鏡検査,650,650
11546,４Dエコー,2310,2310
11550,サイトメガロウイルス抗体検査,"2,310円",2310
11550,トキソプラズマ抗体検査,"1,430円",1430
11551,"3D,4D","当12,000円 / 他20,000円",12000
11551,胎児ドック,"49,500円",49500
11556,胎児スクリーニング超音波検査,"4,780円",4780
11557,胎児スクリーニングエコー,10000,10000
11561,4D超音波検査,5000,5000
11561,胎児心エコー検査,5000,5000
11563,サイトメガロウイルス抗体検査,"6,500円",6500
11563,トキソプラズマ抗体検査,"5,000円",5000
11564,4D超音波検査（分娩予約の方は無料）,1500,1500
11564,エコー動画（初回登録）,1500,1500
11564,トキソプラズマ抗体,2500,2500
11566,1.トキソプラズマ抗体検査,"2.費用：4,100円",2
11566,1.検査項目：4D超音波検査,"2.費用：5,500円（妊娠初期に一括）",2
11566,遺伝相談外来　カウンセリング,11000,11000
11566,遺伝相談外来　カウンセリングとNIPT,121000,121000
11566,遺伝相談外来　カウンセリングとクアトロテスト,33000,33000
11566,遺伝相談外来　カウンセリングとコンバインドテスト,33000,33000
11567,胎児ドック,"5,000円",5000
11568,4D回数券（3回）,"10,000円",10000
11568,サイトメガロウィルス抗体検査,"3,840円",3840
11568,トキソプラズマ抗体検査,"3,720円",3720
11568,パルボウィルス抗体検査,"2,400円",2400
11571,GOT、GPT（肝機能検査）,620,620
11571,トキソプラズマ抗体検査,930,930
11571,出生前検査カウンセリング,5000,5000
11571,超音波,1200,1200
11571,３D/4D超音波検査,1000,1000
11573,胎児スクリーニング,"5,000円",5000
11574,HPV,3850,3850
11574,VZVlgG,2750,2750
11574,トキソプラズマlgG,1650,1650
11574,ムンプスlgG,2750,2750
11574,中期スクリーニング（18ｗ～21ｗ）,"当院分娩：5,000
他院分娩：30,000",5000
11574,初期スクリーニング（11ｗ～13ｗ）,"当院分娩：33,000
他院分娩：50,000",33000
11574,後期スクリーニング（28ｗ～32ｗ）,"当院分娩：5,000
他院分娩：30,000",5000
11574,麻疹,2750,2750
11574,４D超音波,5000,5000
11585,3D/4D超音波検査,6600,6600
11588,4D超音波検査,2200円～5500円,2200
11588,胎児超音波検査,14300,14300
11590,4D超音波追加写真,540円,540
11590,4D超音波録画料,550円,550
11590,4D超音波（よく見えた場合）,"3,240円",3240
11590,4D超音波（よく見えなかった場合）,"1,620円",1620
11601,4D超音波検査,"6,000円~10,000円",6000
11601,中期精密胎児超音波検査,"15,000円",15000
11601,初期精密胎児超音波検査,"15,000円",15000
11602,3D・4D超音波検査,"11,000円",11000
11602,トキソプラズマ抗体,"5,700円",5700
11604,4D,"6,000~8,000",6000
11605,４D超音波,0円,0
11616,4D超音波検査,0円,0
11616,サイトメガロウイルス検査,"1,150円",1150
11616,トキソプラズマ検査,840円,840
11634,3D/4D超音波検査,4500,4500
11635,定期健診以外の超音波検査,3000,3000
11640,3D-４D超音波検査,"3,000円",3000
11641,精密超音波外来,"5,300円",5300
11642,トキソプラズマ抗体検査,"1,500円",1500
11651,胎児超音波検査（他院分娩の方）,"10,000円",10000
11651,胎児超音波検査（当院分娩の方）,"5,000円",5000
11652,胎児超音波検査（他院分娩の方）,"10,000円",10000
11652,胎児超音波検査（当院分娩の方）,"5,000円",5000
11655,胎児スクリーニング検査（3D/4D含む）,"5,000円",5000
11685,胎児精密超音波検査（４D超音波検査）,"9,000円",9000
11697,4Dエコー検査,"2,000円",2000
11709,超音波,"1,000円",1000
11716,超音波検査,"2,000円",2000
11734,4D超音波検査,"3,000円",3000
11773,とこベル指導,"3,000円",3000
11773,妊娠中の乳房ケア,"4,200円",4200
11773,超音波（助産診断）,"1,600円",1600
11814,胎児スクリーニング,"8,000円",8000
11852,3/4D超音波検査,"3,000円",3000
11877,3D/4D超音波検査,助産所にて毎回0円,0
11877,助産所超音波検査　,0円,0
11882,腸内フローラ検査,24000,24000
11921,超音波検査,"3,000円",3000
11956,胎児心臓スクリーニング,"5,390円",5390
11960,サイトメガロウイルス抗体検査,"2,000円",2000
11960,トキソプラズマ抗体検査IgG,630円,630
11960,トキソプラズマ抗体検査IgM,650円,650
11972,サイトメガロウイルス抗体検査,3000,3000
11972,中期経腹4D超音波検査（妊娠中期）,"当院出産予定者：4,000
他院出産予定者：8,000",4000
11972,出生前診断：NIPT,"当院出産予定者：93,500
他院出産予定者：115,500",93500
11972,出生前診断：クアトロ検査,19000,19000
11972,出生前診断：羊水検査,140000,140000
11972,出生前診断：胎児ドック（初期精密超音波検査）,"当院出産予定者：33,000
他院出産予定者：44,000",33000
11972,経膣4D超音波検査（妊娠初期）,"当院出産予定者：3,000
他院出産予定者：7,000",3000
11995,３Ｄ／４Ｄ超音波検査（当院通院中の方以外）,10300,10300
11995,３Ｄ／４Ｄ超音波検査（当院通院中の方）,0,0
12001,生化学的1検査①,990,990
12001,生化学的1検査②,2090,2090
12001,超音波検査,5300,5300
12003,4D超音波（他院出産）,"4,000円",4000
12003,4D超音波（当院出産）,"3,000円",3000
12006,3D/4D　超音波検査,500円,500
12010,3D/4D超音波検査,"2,000円",2000
12013,4D超音波画像1枚につき,500円,500
12014,テキスト代,"1,100円",1100
12014,パパママクラス,"1,500円",1500
12014,４Ｄ超音波,"1,500円",1500
12017,3D/4D超音波検査,0,0
12017,超音波検査,0,0
12026,サイトメガロ,3000,3000
12026,トキソプラズマ,3000,3000
12026,４Dエコー（他院受診中）,7000,7000
12027,サイトメガロウイルス抗体検査,2300,2300
12027,トキソプラズマ抗体検査,1880,1880
12029,サイトメガロ抗体,"1,000円",1000
12029,トキソ抗体,"1,000円",1000
12029,ヘルペス抗体,"1,000円",1000
12029,麻疹抗体,"1,000円",1000
12035,サイトメガロウイルス抗体検査,"3,500円",3500
12035,トキソプラズマ抗体検査,"4,000円",4000
12042,サイトメガロウイルス抗体検査,"2,300円",2300
12042,トキソプラズマ抗体検査,"1,780円",1780
12042,胎児超音波検査（超音波検査を実施した場合）,0円,0
12042,超音波検査,"3,000円",3000
12042,３D/４D超音波検査（超音波検査を実施した場合）,0円,0
12082,初期骨盤メンテナンス指導など,12000～,12000
12082,嘱託医へ受診1回目（初期）,2200～,2200
12082,嘱託医へ受診（超音波外来）,2200～,2200
12082,嘱託医へ樹種院2回目（中期）,2200～,2200
12082,嘱託医へ樹種院2回目（後期）,2200～,2200
12082,当院でのおりもの検査,17000～,17000
12082,当院での中期採血検査など,8000～,8000
12082,当院での初期採血検査など,33300～,33300
12082,当院での後期採血検査など,22200～,22200
12090,3D/４D超音波検査,"4,000円",4000
12094,トキソプラズマ抗体検査,"1,000円",1000
12094,胎児超音波検査,0円,0
12094,３D/４D超音波検査,0円,0
12095,"4D超音波でおなかの赤ちゃんを
リアルにみてみよう","3,000円",3000
12096,胎児超音波,"1,000円",1000
12096,４D,500円,500
12099,サイトメガロウイルス感染症検査,2580,2580
12099,トキソプラズマ症検査,3670,3670
12102,トキソプラズマ抗体,2000,2000
12102,ヘモグロビンA1ｃ,500,500
12107,4Ｄエコー（メモリーカード代/他院出産）,"3,000円",3000
12107,4Ｄエコー（妊婦健診と同時）,0円,0
12107,他院で分娩予定で4Dのみ希望の方,"5,000円",5000
12119,トキソプラズマ抗体,"2,800円",2800
12122,超音波検査,5000,5000
12127,3D/4D超音波検査,4000,4000
12127,トキソプラズマ,4190,4190
12131,4D超音波,"5,000円",5000
12139,4Dエコー,"6,600円",6600
12139,胎児ドック12週以降,"35,200円",35200
12139,胎児ドック15週以降,"38,500円",38500
12141,サイトメガロIgG,"3,300円",3300
12141,サイトメガロIgM,"3,300円",3300
12141,パルボウイルスIgG,"11,000円",11000
12141,パルボウイルスIgM,"8,800円",8800
12141,４Dエコー・胎児ドック,"11,000円",11000
12151,胎児スクリーニング検査,"8,000円",8000
12158,胎児スクリーニング,"4,500円",4500
12158,胎児スクリーニング+4D画像撮影,"8,500円",8500
12166,4D超音波検査,"5,300円",5300
12203,無痛採血,7000,7000
12250,トキソプラズマ抗体検査,"3,804円",3804
12253,3Dエコー,"3,000円",3000
12255,３Ｄ超音波検査,クーポン利用時は0円,0
12255,３Ｄ超音波検査,"1,500円",1500
12280,4D超音波検査,"7,700円",7700
12307,4D超音波検査（他院健診患者）,"5,000円",5000
12307,4D超音波検査（当院健診患者）,"2,800円",2800
12311,トキソプラズマ検査,950円,950
12317,トキソプラズマIGG,"1,500円",1500
12317,胎児超音波検査,"2,000円",2000
12317,麻疹IgG,"2,200円",2200
12320,トキソプラズマ,"1,100円",1100
12320,甲状腺,"1,000円",1000
12333,4D超音波,"5,000円",5000
12338,3D／4Dエコー　,"3,300円",3300
12338,トキソプラズマ検査,"1,880円",1880
12345,4D超音波検査,"5,300円",5300
12353,精密エコー,"19,280円",19280
12354,3D　4D　超音波検査,"7,500円",7500
12373,その他医師３D/4D超音波検査（妊婦健診外）,"11,000円",11000
12373,院長３D/4D超音波検査（妊婦健診外）,"13,750円",13750
12381,3D/4Dエコー,"6,000円",6000
12391,トキソプラズマIgM抗体検査,"1,000円",1000
12391,甲状腺機能検査,"3,000円",3000
12391,胎児超音波検査,"2,500円",2500
12392,3D/4D超音波検査,"2,000円",2000
12392,トキソプラズマ抗体検査,"3,850円",3850
12392,甲状腺機能検査,"3,850円",3850
12406,4D超音波検査（USB付き）,"8,800円(9,900円)",8800
12408,3D/4D　自院妊婦のみ,0円,0
12412,百日咳抗体,"6,620円",6620
12420,胎児超音波検査（２、５、６、８回目）,"1,590円",1590
12429,4D,"2,000円",2000
12430,4D超音波検査,"6,600円",6600
12439,超音波検査,"3,300円",3300
12448,4D,"2,200円",2200
12451,サイトメガロウイルス抗体価,"2,200円",2200
12451,トキソプラズマ抗体価,"2,200円",2200
12451,甲状腺検査,"2,750円",2750
12451,麻疹抗体価,"1,100円",1100
12456,サイトメガロウイルス抗体検査,"6,600円",6600
12456,トキソプラズマ抗体検査,"3,300円",3300
12456,麻疹ウイルス抗体検査,"2,860円",2860
12457,4D超音波、他院健診妊婦,"6,500円",6500
12457,4D超音波、超音波券あり,"2,500円",2500
12457,4D超音波、超音波券なし,"4,500円",4500
12462,サイトメガロウイルス抗体検査,"2,860円",2860
12462,トキソプラズマ抗体検査,"1,360円",1360
12462,甲状腺検査,"5,870円",5870
12462,４D超音波検査,"4,000円",4000
12466,胎児精密超音波検査,"31,900円",31900
12466,胎児４D超音波検査,"7,700円",7700
12468,４D胎児スクリーニング検査,"5,000円",5000
12478,麻疹抗体検査,"3,500円",3500
12484,3D/4D超音波検査,,
12491,4D超音波検査,"6,000円",6000
12494,4Dエコー（健診以外）,"6,600円",6600
12500,4D超音波検査,"5,500円",5500
12502,CMV,"2,980円",2980
12502,TSH,"1,100円",1100
12502,トキソプラズマ,"3,320円",3320
12503,4D超音波検査,"4,000円",4000
12504,サイトメガロウイルス抗体検査,"2,500円",2500
12504,トキソプラズマ抗体検査,"1,000円",1000
12505,サイトメガロ,"4,500円",4500
12505,トキソプラズマIgG　M,"2,000円",2000
12517,サイトメガロウイルスIgG,"2,800円",2800
12517,トキソプラズマIgG,"3,000円",3000
12517,トキソプラズマIgG、IgM,"4,200円",4200
12517,パルボウイルスIgG,"5,500円",5500
12525,超音波検査（5回目以降）,"2,000円",2000
12529,サイトメガロウイルス抗体、麻疹抗体、水痘抗体、流行性耳下腺炎抗体検査,"15,000円",15000
12529,甲状腺機能検査,"4,000円",4000
12529,胎児超音波検査,"20,000円",20000
12529,４D超音波検査,"4,000円",4000
12540,サイトメガロウイルス抗体検査,"4,000円",4000
12540,トキソプラズマ抗体検査,"3,000円",3000
12540,初期胎児精密超音波検査（FTS),"27,500円",27500
12561,HPV検査,"6,050円",6050
12561,サイトメガロウイルス抗体検査,"3,300円",3300
12561,トキソプラズマ抗体検査,"2,200円",2200
12562,トキソプラズマ抗体,"3,800円",3800
12562,麻疹抗体,"4,400円",4400
12566,トキソプラズマ抗体検査,"4,400円",4400
12581,麻疹,0円,0
12588,トキソプラズマ抗体検査,"1,100円",1100
12593,サイトメガロ抗体検査,"3,300円",3300
12593,トキソプラズマ抗体検査,"2,200円",2200
12597,3D/4D超音波検査,"3,300円",3300
12597,胎児超音波検査,"2,200円",2200
15412,サイトメガロウイルス抗体追加費用,2200,2200
15412,ヒトパルボウイルスB19抗体追加費用,3000,3000
15412,中期胎児ドック,15000,15000
15412,初期胎児ドック＋コンバインド検査,60000,60000
15412,初期胎児ドック＋トリソミーリスク判定,35000,35000
15412,後期胎児ドック,15000,15000
15412,麻疹ウイルス抗体追加費用,1500,1500
