birth_navi_id,room_type_code,need_pay_difference,cost_text,cost_yen,room_form_other
10001,1,True,14000,14000,
10001,5,True,18000,18000,LDR
10002,1,,入院費込みで1日あたり　20000円,1,
10002,2,,該当なし,,
10002,3,,該当なし,,
10002,4,,該当なし,,
10002,5,True,"１，28400円～
２，10000円～",28400,"１，家族入院用ベッドありの個室
２，家族入院（通常個室に配偶者が宿泊）"
10003,1,True,"１５０００円（多少狭い部屋・トイレ・風呂なし）
１７０００円（トイレ・風呂なし）
２００００円（広い部屋・トイレ・風呂あり）",,
10003,2,True,１２０００円（トイレ・風呂あり）,,
10006,1,True,5000円/普通個室　10000円/特室B　15000円/特室A,5000,
10006,5,True,,,個室/トイレ付　特室AB/トイレ・シャワー付き
10007,1,True,"1泊あたり6,000円か8,000円",1,
10007,2,True,"4,000円",4000,
10007,4,True,"2,000円",2000,
10009,1,True,"10,000～15,000円/日",10000,
10010,1,True,"一泊4,400円
分娩に際し利用する場合は4,000円",4400,
10014,1,True,"差額：1泊あたり14,000円",1,
10014,5,True,"差額：1泊あたり17,500円",1,特別室（個室）
10018,1,True,"10,000円差額ベット代",10000,
10020,1,True,7500円～14000円,7500,
10020,2,True,5500円,5500,
10022,1,True,"特別室 1日あたり72,600円、個室 A 1日あたり29,000円、個室B 1日あたり26,700円",1,
10022,2,True,"1日あたり12,100円",1,
10023,1,True,,,
10023,5,,,,プラン制の設定です。
10024,1,True,3200円:1室、3800円:4室、4800円:1室、5500円:3室、10000円:1室,3200,
10026,1,True,6000,6000,
10026,5,True,12700,12700,特別室　浴室・トイレ等個室に有り
10027,1,True,"20,000円",20000,
10027,4,True,"7,500円",7500,
10029,1,True,"市内料金　1日6,600円　
市外料金　1日11,000円　
※市内料金　貝塚市、泉佐野市、泉南市、阪南市、熊取町、田尻町、岬町在住の方
※午前0時を区切りとして、1日ごとの料金で計算します。",1,
10029,5,True,"市内料金　1日　16,500円
市外料金　1日　22,000円
※市内料金　貝塚市、泉佐野市、泉南市、阪南市、熊取町、田尻町、岬町在住の方
※午前0時を区切りとして、1日ごとの料金で計算します。",1,特別室
10030,1,True,"(市内)7,000円(市外)10,000円",7000,
10030,2,True,"(市内)2,500円(市外)4,000円",2500,
10030,5,,,,※3人部屋はありません。
10031,1,True,"１泊あたり2,200円",2200,
10032,1,True,"1100円～20,900円",1100,
10033,1,True,"部屋によって金額が違い、
一泊あたり2,750～6,600円（税込）",2750,
10033,2,True,,,
10033,4,True,,,
10034,1,True,"18,700円（税込）",18700,
10037,1,True,"特別室：1日10,000円　　　　　　　　　　個室：１日3,000円",1,
10038,1,True,13200円、16500円、7700円、26500円,13200,
10038,2,True,7700円、8800円,7700,
10038,3,True,3300円,3300,
10040,1,True,3455円～6546円（非課税）,3455,
10041,1,True,12000～15000,12000,
10041,2,True,5000円,5000,
10041,5,,,,産後ケアサービス事業
10042,1,True,,,
10044,1,True,9680円～11000円,9680,
10047,1,True,"2,000～20,000円（1日につき）",2000,
10048,1,True,"特別室A：1泊あたり20,900円
特別室B：1泊あたり12,100円
特別室C：1泊あたり9,900円",1,
10048,3,True,"1泊あたり 2,750円",1,
10048,4,True,"1泊あたり 2,750円",1,
10053,1,True,"個室A　8000円～20000円（1日あたり、保険入院と自費入院で異なります）
個室B　5000円～15000円（1日あたり、保険入院と自費入院で異なります）",8000,
10053,2,True,5000円～10000円（1日当たり、保険入院と自費入院で異なります）,5000,
10053,5,True,10000円～30000円（1日あたり、保険入院と自費入院で異なります）,10000,特別個室
10056,1,True,"個室A：13,000円
個室B：12,000円
個室C：10,000円",13000,
10056,2,True,"5,000円",5000,
10056,4,True,"2,500円",2500,
10059,1,True,"個室A：8,800円(市内)/12,100円(市外)、個室B：7,700円(市内)/11,000円(市外)、特別室：13,200円(市内)/17,600円(市外)",8800,
10060,1,True,"個室B：12,000円
個室C：10,000円",12000,
10060,4,True,"2,000円",2000,
10061,1,True,"8,800円~19,800円",8800,
10062,1,True,バストイレ付8000円、バストイレなし4000円,8000,
10064,5,True,"個室：4,400円・6,600円・7,700円・16,500円・33,000円",4400,
10065,1,True,,,
10067,1,True,７７００円、６６００円、４４００円,,
10069,1,True,"特別室Ａ:20,000円　特別室Ｂ:10,000円　特別室Ｃ:5,000円",20000,
10069,5,True,特別室A20000円　特別室B10000円　特別室C5000円,20000,特別室
10070,1,True,4000円、5000円、8000円,4000,
10071,1,True,5000,5000,
10072,1,True,"構成市町村（田辺市、上富田町、白浜町、みなべ町）にお住まいの方：6000円
それ以外：8000円",6000,
10074,1,True,8000円,8000,
10076,1,True,"27,500円～30,800円",27500,
10077,5,True,,,特別室のご利用時は差額費用が発生いたします。
10078,1,True,10000円,10000,
10080,1,True,"個室Aタイプ：5,940円（税込）
個室Bタイプ：4,400円（税込）
特別室：13,200円（税込）",5940,
10087,1,True,"特等A（個室）26,400円
特等B（個室）16.500円
１等A（個室）11,000円
１等B（個室） 7,700円",26400,
10088,1,True,"33,000円（税込）",33000,
10088,4,True,"2,750円（税込）",2750,
10089,1,True,"5,000円",5000,
10089,2,True,"2,500円",2500,
10089,4,True,,,
10090,1,True,3300,3300,
10090,5,True,5500,5500,個室（特室）
10092,1,True,"個室(和室)：1泊7,000円　個室(洋室)：1泊7,000円　特別室：1泊12,000円",1,
10095,1,True,"12,000円、15,000円（1日あたり）",12000,
10096,1,True,"11,000円～22,000円",11000,
10096,4,True,"2,750円",2750,
10097,1,True,"タイプにより21,600円～41,600円　（1泊＝2日分の費用）",21600,
10098,1,True,"23,100円",23100,
10098,2,True,"9,900円",9900,
10099,1,True,"3,000円（税込3,300円）",3000,
10099,5,True,"8,000円（税込8,800円）",8000,特別室
10100,1,True,6000円/4000円,6000,
10100,5,,,,"トイレ・洗面台付き
6000円の個室はシャワー室あり"
10101,1,True,"特別室：10,500円/1泊",10500,
10102,1,True,"個室A：1泊あたり7,700円
個室B：1泊あたり7,150円",1,
10105,5,True,"15,400円",15400,シャワー、トイレ付き個室1室のみ（産科で利用の個室は4室ありその内1室のみ費用がかかる。）
10106,1,True,14300,14300,
10106,5,True,28600,28600,特別室
10109,1,True,"設備ごとに下記有料個室有
8,800円、13,200円
",8800,
10109,5,,,,"(8,800円)テレビ、冷蔵庫、ソファ、トイレ
(13,200円)テレビ、冷蔵庫、ソファ、トイレ、シャワー"
10110,1,True,8700円/1日あたり,8700,
10110,5,True,14000円/1日あたり,14000,LDR室
10111,1,True,"5,500円（税込）、6,050円（税込）
北側個室か南側個室かで金額が変わります。",5500,
10111,2,True,"2,750円（税込）",2750,
10111,5,True,"5,000円（税抜）、5,500円（税抜）
北側個室か南側個室かで金額が変わります。",5000,個室（妊婦）
10112,1,True,"1日あたり19,800円（税込）",1,
10112,4,True,"1日あたり6,600円（税込）
※差額なしの4人部屋もあります。",1,
10114,1,True,"LDR室：1日につき15,000円
個室：1日につき17,600円",1,
10117,1,True,,,
10117,4,True,,,
10119,1,True,差額7000円と5000円の個室,7000,
10119,4,True,自費で4万円,4,
10122,1,True,,,
10123,1,True,,,
10125,1,True,5000(個室）7000（シャワー付個室）15000（特別室）,5000,
10126,1,True,"エンゼルルーム：１泊あたり１４,５００円/シャワー室/トイレ付/付添者及び上のお子様宿泊可　　　　　　　　　　　　　　　　　個室Ａ：１泊あたり１２,５００円/トイレ付　　　　　個室Ｂ：１泊あたり１０,５００円",,
10128,1,True,"特別室A:20,000円
特別室B:12,000円
個室A:6,000円
個室B:5,800円
※退院日も1日分の費用が発生します",20000,
10130,1,,"C室：無料
B室：4,000円/日（1泊2日分は8,000円）
A室：6,000円/日（1泊2日分は12,000円）
アニバーサリールーム：9,000円/日1泊2日分は18,000円）",4000,
10131,1,True,"１泊あたり16,000円（8,000円/日非課税）
ただし市外の方は20,000円（10,000円/日非課税）",16000,
10132,1,True,,,
10133,5,True,"シャワー付き個室：１泊 2,000円
特別室：１泊 5,000円",2000,"シャワー付き個室
特別室"
10135,1,True,"14,300円～30,800円/日",14300,
10136,1,True,,,
10137,1,True,7040～40700円,7040,
10138,1,True,"4,000円、4,500円、5,000円、6,000円",4000,
10139,1,True,"2,000円の個室が８床、3,000円の個室が2床、4,000円の個室が2床、5,000円の個室が2床",2000,
10139,5,,,,差額費用のない個室が14室ある。
10140,1,True,1日当たり５０００円（税込み）,1,
10140,5,True,5000円,5000,特別室
10145,1,True,,,
10145,2,True,,,
10145,4,True,,,
10147,1,True,,,
10149,1,True,"0~19,800円",0,
10149,4,True,"3,850円",3850,
10152,1,True,2000円又は5000円,2000,
10153,5,True,一泊5000円（大人1人+子供【小学生以下】2人まで）食事代別途、子供が宿泊の場合は患者本人と別に保護者同伴が必要。,5000,ファミリールーム：事前申し込みで利用可能な部屋です。ご家族と宿泊が可能です。
10154,5,True,,,全室個室、特別室あり
10155,1,True,"1泊あたり3,060円、5,620円、7,330円",1,
10155,2,True,なし,,
10155,3,True,なし,,
10155,4,True,なし,,
10155,5,,,,ﾄｲﾚ、ｼｬﾜｰ室、冷蔵庫、ﾄﾞﾗｲﾔｰ(ﾅﾉｹｱ)、湯沸ﾎﾟｯﾄ(ﾃｨﾌｧｰﾙ)、ｿﾌｧｰ、ﾃﾚﾋﾞ
10157,1,True,自費入院料の差額￥5.000,5,
10157,5,True,自費入院料の差額￥17.000,17,特別個室　23.00㎡　
10159,1,True,7000～10000円,7000,
10160,1,True,"特別個室  １日：25,000円
A個室　　1日：18,000円
B個室　　1日：13,000円
C個室　　1日：0円",25000,
10162,1,True,"5階個室A：1泊2日の場合、44,000円（非課税）、1日あたり22,000円（非課税）
5階個室B：1泊2日の場合、38,000円（非課税）、1日あたり19,000円（非課税）
5階個室D：1泊2日の場合、30,000円（非課税）、1日あたり15,000円（非課税）",5,
10162,4,True,"1泊2日の場合、8,000円（非課税）、1日あたり4,000円（非課税）",1,
10164,1,True,"トイレのみ：18,000～20,000
バス‣トイレ：30,000～39,000
デラックス個室：150,000
詳細はホームページ参照
https://www.med.jrc.or.jp/hospital/clinic/tabid/873/Default.aspx",18000,
10165,1,True,9900円、3000円,9900,
10166,1,True,,,
10167,1,True,"4,500・9,000円",4500,
10168,1,True,,,
10169,1,True,20900円,20900,
10169,4,True,2750円　or　3850円,2750,
10172,1,True,"A：7,000円、B：5,000円",7000,
10172,5,,,,A：トイレ、シャワー付き　B：トイレ付
10173,1,True,"１泊46,000円（1日23,000円）（税別）",46000,
10173,2,True,"１泊16,000円（1日8,000円）（税別）",16000,
10174,1,True,"一泊あたり　6,100円又は6,800円",6100,
10174,2,True,"一泊あたり　2,750円",2750,
10176,1,True,11000,11000,
10181,1,True,１０００円～３５００円,,
10181,2,True,無料,,
10182,1,True,3000円（12室）または5000円（2室）,3000,
10184,1,True,"A個室：14,000円（303）13,000円（201・301）　　　　　　　　　　　　　　　　　　　B個室：10,000円　　　C個室：8,000円　　　　　　　　　　　　　",14000,
10184,2,True,"2人部屋：4,000円",2,
10185,1,True,,,
10186,1,True,１泊あたり14，000円～26，000円,14,
10187,1,True,5500,5500,
10187,2,True,5500,5500,
10189,1,True,,,
10190,1,True,"7,000円から3,000円",7000,
10193,1,True,"個室A（トイレ付ユニットバス）
　神戸市内在住15,500円
　神戸市外在住20,150円
個室B（トイレ・洗面所付）
　神戸市内在住11,000円
　神戸市外在住14,300円",15500,
10194,1,True,"13,000円/日 ～",13000,
10195,1,True,"無料個室あり
有料個室：1日あたり10,000円、18歳以上の家族宿泊可",1,
10195,5,True,"特室：1日あたり25,000円
特室：1日あたり30,000円",1,18歳以上の家族、お子様（未就学児）宿泊可
10196,1,True,"1日当たり　特別個室A：18,000円
　　　　　特別個室B：9,000円",1,
10197,1,True,,,
10197,4,True,,,
10198,1,True,"19,800円、18,700円",19800,
10199,1,True,"1泊あたり9,900円（部屋代のみの金額）
1泊あたり」11,550円（部屋代のみの金額）",1,
10200,1,True,8000円,8000,
10200,4,True,5000円,5000,
10200,5,True,13000円〜16000円,13000,特別個室
10201,1,True,4000円,4000,
10201,5,True,8000円,8000,特別室
10202,1,True,部屋による。詳細はHPを確認してください。,,
10203,1,True,1泊あたり\13.200 ・\8.800・\16.500・\6.600・\11.000・¥5.500,1,
10205,1,True,"1泊あたり7,700円（市内在中）
1泊あたり11,550円（市外在中）",1,
10207,1,True,"A個室：1泊あたり10,000円
B個室：1泊あたり8,000円
C個室：1泊あたり6,000円",1,
10208,1,True,"１泊あたり4,000円、１泊あたり5,000円、１泊あたり6,000円、１泊あたり8,000円",4000,
10209,1,True,"1泊あたり5,500円～16,500円（令和８年１月時点）",1,
10209,5,,,,https://fph.pref.fukui.lg.jp/fukui-pref-hosp/hospitalization-and-visit/expense.html
10210,1,True,"S室：一泊あたり　27,500円
A室：一泊あたり　24,200円
B室：一泊あたり　20,900円
C室：一泊あたり　9,350円
D室：一泊あたり　6,600円
E室：一泊あたり　5,500円",27500,
10211,1,True,,,
10212,1,True,6000円、7000円、9000円、12000円,6000,
10213,5,True,"3,300～5,500円",3300,特別室（個室）
10215,1,True,13600,13600,
10215,2,True,4500,4500,
10216,1,True,"1.必要
2.個室A：6,050円　個室B：4,950円　個室C：4,400円
（出産にかかる室料差額は非課税です）",1,
10217,1,True,"420・421：5,000円、416・417・418：7,000円、427・428：12,000円",420,
10219,1,True,"1泊あたり40,000円（20,000円/日）",1,
10219,4,True,"1泊あたり7,000円（3,500円/日）",1,
10222,1,True,1泊1300円〜5000円,1,
10222,2,True,1泊1500円〜3000円,1,
10222,3,True,1泊0円〜2000円,1,
10224,1,,5000,5000,
10227,1,True,,,
10227,2,True,,,
10228,1,True,"3,000円（1日当たり）",3000,
10229,5,True,"15,000円",15000,個室の１６床のみ
10231,1,True,"8,800円(税抜)",8800,
10232,1,True,"B：１泊あたり4,400円
C：１泊あたり2,750円",4400,
10232,2,True,"１人で使用した場合：１泊あたり1,650円
２人で使用した場合：１泊あたり   825円",1650,
10235,1,True,"特別室Ａ：38,500円（35,000円）
特別室Ｂ：16,500円（15,000円）
特別室Ｃ：11,000円（10,000円）
・上記の金額は、１日あたりの税込金額となります。
・（ ）内の金額は、助産に係る非課税金額となります。",38500,
10237,1,True,"32,400円～37,800円",32400,
10238,1,True,"①13,200円 10.8㎡ トイレ付 ②16,500円 15.5㎡ トイレ付 ③22,000円 15.5㎡ ユニットシャワートイレ　",13200,
10239,1,True,"4,400円、5500円、8,800円",4400,
10240,1,True,6000円,6000,
10245,1,True,"1日6,000円×4床
1日5,000円×1床",1,
10246,1,True,5000,5000,
10246,5,True,20000,20000,特別個室
10247,1,True,,,
10249,1,True,"14,520円～54,450円",14520,
10249,4,True,"1,815円
無料の居室もあるが、一部に有料の4床室あり",1815,
10252,1,True,"特別室A:1泊あたり22,000円
特別室B:1泊あたり13,200円
個室D:1泊あたり7,700円",1,
10255,1,True,,,
10257,1,True,5000円、10000円,5000,
10260,1,True,"個室A　市内　9,900円　市外13,860円
個室B　市内　8,250円　市外11,550円",9900,
10260,2,True,"市内　2,200円　市外2,970円",2200,
10265,1,True,"5,000円",5000,
10265,2,True,"3,000円",3000,
10268,1,True,1泊あたり：￥7320,1,
10268,5,True,1泊あたり：￥8800,1,LDR
10269,1,True,3000,3000,
10270,1,True,24800,24800,
10270,5,True,3800,3800,準個室〈4床室〉
10271,1,True,"個室A：1泊あたり4,400円
個室B：1泊あたり6,600円",1,
10272,1,True,36000円,36000,
10272,5,True,55000円,55000,特別室
10273,5,,,,http://www.obgy.med.keio.ac.jp/clinical/birth/step.php#Room
10275,1,True,"22,000円（2025年12月に改定）",22000,
10275,4,True,0円（2022年5月に改定、原則として4人部屋か個室）,0,
10277,1,True,"診療費：約50,000円　個室室料：17,600円",50000,
10278,1,True,5000円　3000円,5000,
10279,1,True,4730,4730,
10279,5,True,4400円、4730円、4950円,4400,テレビ、冷蔵庫、トイレ、洗面台、ソファー、保管庫、シャワー、キッチン、クッキングヒーター
10280,1,True,"小野・三木市内在住：1日あたり7000円
それ以外：1日あたり8750円
※非課税。入退院日及び外泊日も1日分の使用料が必要",1,
10280,5,True,"小野・三木市内在住：1日あたり12000円
それ以外：1日あたり15000円
※非課税。入退院日及び外泊日も1日分の使用料が必要",1,"特別個室
※設備：シャワー、トイレ、洗面所、冷蔵庫"
10282,1,True,"和室：10,000円/日　洋室：13,000円/日
和洋室：20,000円/日",10000,
10283,1,True,"シャワー付き 10,000円　                        シャワーなし 8,000円",10000,
10284,1,True,"A:1泊あたり19,800円
B:1泊あたり6,600円
C:1泊あたり3,080円
MS:1泊あたり57,200円
MA:1泊あたり7,700円
MB:1泊あたり4,950円",1,
10290,1,True,"10,000円~/日",10000,
10290,5,True,"22,000円~/日",22000,特別室
10291,1,True,5500～13200円,5500,
10293,1,True,"特別室A：1日19,800円
特別室B：1日13,200円
特別室C：1日7,700円
特別室D：1日6,600円
特別室E：1日5,500円
いずれも税込み",1,
10293,5,,,,○
10294,1,True,"10,000円（１日あたり5,000円）",10000,
10295,1,True,12000円,12000,
10296,1,True,"20,000円（帝王切開が必要となった場合のみ）",20000,
10298,1,True,"14,960円",14960,
10298,2,True,窓側：3500円、廊下側：3000円,3500,
10298,4,True,窓側：3000円、廊下側：2500円,3000,
10298,5,,18000円,18000,ＬＤＲ
10304,1,True,8800円,8800,
10305,1,True,"A個室　市内13,200円　市外16,500円
B個室　市内11,000円　市外13,200円
※市内は、厚木市内在住・在勤者に適応",13200,
10307,1,True,"5,500円～33,000円",5500,
10307,2,True,"2,200円",2200,
10307,5,True,"1,100円",1100,4人部屋（窓側）
10308,1,True,6600円または9900円,6600,
10309,1,True,"6,050円（６室）　6,600円（５室）
※１泊あたりではなく１日あたりで算出",6050,
10309,2,True,"1,100円（２室）　2,200円（１室）
※１泊あたりではなく１日あたりで算出",1100,
10312,1,True,"１泊あたり8,800円",8800,
10312,2,True,"１泊あたり2,200円",2200,
10313,1,True,9636,9636,
10314,1,True,"G268：8,800円
G270～G277：4,400円　",268,
10315,1,True,,,
10315,5,True,,,産後母児同室可能なパーテーションで区切られた4人部屋
10317,1,True,"5,000円～6,000円",5000,
10317,2,True,"1日　5,500円（消費税込み）",1,
10319,1,True,5000円部屋、12000円部屋、19000円部屋,5000,
10321,1,True,"15,000円",15000,
10321,5,,,,お部屋に洗面台、トイレがついています
10324,1,True,0円,0,
10324,4,True,0円,0,
10326,1,True,"1日あたり　9,900円または11,000円",1,
10329,1,True,"1泊あたり5,000円（個室扱い）アメニティ無",1,
10329,2,True,"1泊あたり5,000円（個室扱い）アメニティ有",1,
10331,1,True,"8,000円（非課税）
15,000円（非課税）",8000,
10332,1,True,"8,000円、10,000円",8000,
10332,2,True,"4,000円",4000,
10332,5,True,"14,000円",14000,特別個室
10334,1,True,11000,11000,
10334,5,True,27500,27500,特別個室（個室はテレビが有料ですが無料）
10337,1,True,"個室A
市内住居者：1泊あたり22,400円
市外住居者：1日あたり28,000円
個室B
市内住居者：1泊あたり19,200円
市外住居者：1日あたり24,000円
個室C-1
市内住居者：1泊あたり16,000円
市外住居者：1日あたり20,000円
個室C-2
市内住居者：1泊あたり14,400円
市外住居者：1日あたり18,000円",1,
10337,2,True,"市内住居者：1泊あたり8,000円
市外住居者：1日あたり10,000円",1,
10337,5,,,,重症個室
10338,1,True,"15,400円",15400,
10340,1,True,4000～8000円,4000,
10342,1,True,"D個室（7,700円／日）とE個室（6,600円／日）の2種類。D個室にはシャワー設備あり。",7700,
10345,1,True,"5500円
11000円（特別室・一室のみ）",5500,
10346,1,True,"1日につき11,000円（1泊2日の場合、22,000円）",1,
10350,1,True,"30,000円（事前予約は半額の15,000円）",30000,
10350,2,True,"0円～5,000円",0,
10350,4,True,"0円～3,000円",0,
10352,1,True,"16,500円（非課税）",16500,
10352,2,True,"9,500円（非課税）",9500,
10353,1,True,,,
10353,2,True,,,
10353,4,True,"4人部屋の一部に2,200円/日のお部屋あり",4,
10353,5,True,,,
10355,1,True,"13,000円×1部屋 12,000円×1部屋 7,000円×14部屋
 ※医学的理由での個室利用を除く",13000,
10357,1,True,"11000
5500
5000
4400
2200",11000,
10359,1,True,1泊あたり　5910円～6820円（出産に関わる場合）,1,
10359,2,True,1泊あたり　1820円（出産に関わる場合）,1,
10360,1,True,"通常料金に追加で4,500円",4500,
10362,1,True,5500,5500,
10362,5,True,1650,1650,準個室（仕切りのある2床室）：6床
10366,1,True,"吹田市内の方：10,000～11,000円
吹田市外の方：15,000～16,500円",10000,
10366,4,True,"吹田市内の方：1,800円
吹田市外の方：2,700円",1800,
10367,1,True,"・9,000円　　・12,000円　　・15,000円",9000,
10367,4,True,,,
10368,1,True,"\15,000～\20,000",15000,
10368,2,True,5000,5000,
10368,3,True,4500,4500,
10368,4,True,4000,4000,
10369,1,True,"6,600円",6600,
10372,1,True,"10,000～19,800円（日額）",10000,
10372,2,True,"1,800～2,640円（日額）",1800,
10373,1,True,4400  ~7700,4400,
10374,1,True,"12,000円",12000,
10374,4,True,"1,200円",1200,
10378,1,True,"個室A：11,000円　個室B：7,700円
個室C：5,500円",11000,
10378,2,True,"2人室D：2,200円",2,
10379,1,True,27500円,27500,
10380,1,True,"22,000円…1部屋
11,000円…3部屋",22000,
10382,1,True,"個室（トイレ付き）：1日あたり3,300円
個室（トイレなし）：1日あたり2,200円",1,
10383,1,True,"16,500円、22,000円分娩時個室パック（8,000円）あり",16500,
10383,4,True,"5,500円
0円の部屋もあり",5500,
10385,1,True,"個室A：1泊あたり9,900円、個室B：1泊あたり7,700円、個室C：1泊あたり6,600円、個室D：1泊あたり4,950円、個室E：1泊あたり3,300円",1,
10386,1,True,"1泊あたり税込5,220円
1泊あたり税込8,800円",1,
10387,1,True,"Aタイプ：27,500円
Bタイプ：24,200円
Cタイプ：19,800円
Dタイプ：16,500円
Eタイプ：11,000円
Fタイプ：7,700円",27500,
10387,2,True,"4,400円",4400,
10389,1,True,"20,000円～24,000円",20000,
10390,1,True,"1泊あたり7,700円
1泊あたり13,200円
1泊あたり16,500円
1泊あたり33,000円
小児科病棟：1泊あたり6,600円
精神科病棟：1泊あたり7,700円",1,
10390,4,True,"1泊あたり2,970円
1泊あたり3,520円",1,
10391,1,True,"A棟個室A：13,200円　A棟個室B：11,000円
B棟個室A：16,500円　B棟個室B：14,300円
C棟個室A：14,300円",13200,
10391,4,True,"A棟：1,650円
B棟、C棟：2,200円",1650,
10391,5,True,"A棟特室：27,500円、B棟特室：38,500円、
C棟個室B：5,500円、A棟C：11,000円、
A棟D：5,500円、A棟E：3,300円",27500,"A棟特別室、B棟特別室、C棟個室B（小児）
A棟個室C、D、E（神経難病）"
10392,1,True,6000円、7000円、18000円、20000円,6000,
10393,1,True,"5,000円～11,000円",5000,
10394,1,True,"一泊あたり4,400円～11,000円",4400,
10395,1,True,"特床室：1泊あたり26,400円
1床室A：1泊あたり22,000円
1床室B：1泊あたり13,200円
1床室C：1泊あたり8,800円（3階東病棟のみ）",1,
10396,1,True,8800,8800,
10397,1,True,"個室（A）市内：7700円、市外11550円
個室（B）市内：6600円、市外9900円",7700,
10399,1,True,6000円（１日につき）,6000,
10399,2,True,2500円（１日につき）,2500,
10400,1,True,17000,17000,
10405,1,True,"1日につき11,500円（保険診療時）",1,
10405,2,True,"1日につき2,200円（保険診療時）",1,
10408,1,True,,,
10408,5,True,,,特別室
10411,1,True,"SA個室：29,700円（税込）、個室S：25,300円（税込）、産科個室：23,000円（非課税）、個室A：19,800円（税込）、個室B：16,500円（税込）、小児科個室：14,300円（税込）",29700,
10412,1,True,11000円,11000,
10413,1,True,"１日　15,000円",15000,
10415,1,True,2万円,2,
10415,4,True,2千円,2,
10418,1,True,"7,700円～8,800円",7700,
10419,1,True,"4,000円",4000,
10420,1,True,１日５５００円と４４００円の個室があります。空床の時はご利用いただけます。個室の差額費用は午前０時～１日とカウントしますので１泊の場合は２日分の費用請求となります。,,
10421,1,True,"10,000円",10000,
10421,2,True,"4,000円",4000,
10421,5,True,"16,000円",16000,特別個室
10422,1,True,"特別室：8,800円（市内在住者）、特別室：11,000円（市外在住者）、１床室：4,400円（市内在住者）、１床室：5,500円（市外在住者）",8800,
10423,1,True,部屋により料金が異なります。詳しくはお問い合わせください。,,
10423,5,True,"5,000円（税抜）",5000,LDR室
10425,1,True,"7,000円",7000,
10425,4,True,"1,200円",1200,
10425,5,True,"15,000円",15000,LDR
10426,1,True,特別室：20000円（1日10000円）、トイレあり個室：6000円（1日3000円）,20000,
10427,1,True,"1泊あたり15,000円、6,250円、6,000円",1,
10428,1,True,"26,700円、29,000円",26700,
10428,2,True,"12,100円",12100,
10428,4,True,"4,900円",4900,
10429,1,True,"10,900円、12,100円",10900,
10431,1,True,"構成市町村（木津川市、笠置町、和束町、南山城村）：8,000円（税抜き）
それ以外：10,000円（税抜き）",8000,
10431,5,True,"構成市町村（木津川市、笠置町、和束町、南山城村）：16,000円（税抜き）
それ以外：20,000円（税抜き）",16000,特別室
10432,1,True,"1日につき 10,000円：15室
1日につき 15,000円：1室
1日につき 20,000円：1室
1日につき 30,000円：1室
※医学的理由での利用を除く",1,
10432,2,True,"1日につき 2,000円：2室
1日につき 5,000円：1室
※医学的理由での利用を除く",1,
10433,1,True,"Aタイプ個室（1室）：40,000円/日
Bタイプ個室（32室）：0円/日",1,
10435,1,True,"2,200円、4,400円、7,700円、11,000円
分娩のために入院される場合は個室でのご案内となり、個室料はいただいておりません。",2200,
10436,1,True,,,
10438,1,True,"１．必要
２．シャワーつき　9000円
シャワーなし　8000円",9000,
10439,1,True,"1日あたり18,700円〜25,300円（税込）（2026年1月現在）",1,
10440,1,True,"6,300円、8,300円",6300,
10441,1,True,5500,5500,
10444,1,True,9900,9900,
10444,2,True,3300,3300,
10444,5,,,,妊娠中の管理入院は希望する病室、分娩は個室利用で室料は産科管理料に含まれます
10445,1,True,"8,800円（税込）
トイレ付個室　9,900円（税込）",8800,
10447,1,True,"4,950円（税込）",4950,
10449,1,True,5000,5000,
10449,5,True,20000,20000,特別室
10450,1,True,,,
10451,1,True,\7000（1日あたり・市内居住の方）,7000,
10451,5,True,\10500（１日あたり・市外居住の方）,10500,上記と同様の個室
10453,1,True,"10,000円",10000,
10454,1,True,"A室13,200円、B室10,450円、C室8,600円
4市外居住の方は、1.2倍。上記、税込",13200,
10457,1,True,トイレ付17000円/トイレ・シャワー付き20000円　（経産婦割引あり）,17000,
10457,4,True,差額料金無し,,
10457,5,True,24000円（経産婦割引あり）,24000,LDR
10458,1,True,19600円～31800円,19600,
10458,5,True,36000円,36000,陣痛・分娩・産後にわたって過ごせるLDRが１室あり。
10459,1,True,"5,000円／6,000円",5000,
10461,1,True,"12,000～23,000",12000,
10465,1,True,"7,000円（特別室）",7000,
10465,5,True,"7,700円（税込）",7700,特別室（シャワー室完備・その他）
10466,1,True,,,
10467,1,True,一泊税込み　3300円か4950円,3300,
10468,1,True,"個室Ａ：1泊あたり4,500円
個室（ＬＤＲ）：1泊あたり8,000円
※上記は出産時の費用です。出産時以外の入院は、個室の種類等が異なります。",1,
10469,1,True,"特別個室（LDR)一日につき市内10,000円　市外16,000円
特別個室A　一日につき市内5,500円　市外7,700円
特別個室B.C　一日につき市内4,400円　市外6,600円",10000,
10470,1,True,"特別室A：12,700円（非課税）
特別室C：6,000円（非課税）
1人室A：5,100円（非課税）",12700,
10471,1,True,5000円・6000円・8000円,5000,
10472,1,True,"22,000円",22000,
10475,1,True,"リカバリー室：1泊16,000円（8,000円/日）、一般個室：1泊26,000円（13,000円/日）、バースセンター：1泊30,000円（15,000円/日）",1,
10479,1,True,京丹後市内在住２５００円/１日　　　　　　　市外３２５０円/１日,,
10481,1,True,"13,000~23,000",13000,
10484,1,True,"差額ベッド代：1泊あたり3,300円",1,
10487,1,True,"1日あたり17,600円",1,
10488,1,True,"33,500円",33500,
10488,2,True,"8,000円",8000,
10490,1,True,"・１泊あたり11,000円
・１泊あたり12,100円
・１泊あたり16,500円",11000,
10491,1,True,"個室14床：1泊あたり3,700円
特別室1床：1泊あたり7,000円",14,
10492,1,True,11000-19800円,11000,
10492,2,True,4400-6600円,4400,
10493,1,True,"11,000円～22,000円",11000,
10494,1,True,"【市内】特別室Ａ：13,200円
　　　　特別室Ｂ：9,240円
　　　　１人室：3,960円
【市外】特別室Ａ：19,800円
　　　　特別室Ｂ：13,860円
　　　　１人室：5,940円",13200,
10494,2,True,"【市内】1,980円
【市外】2,970円",1980,
10496,1,True,"3,000円・5,000円",3000,
10497,1,True,"1日あたり10,000円/15,000円",1,
10499,1,True,"1泊あたり12,000円",1,
10500,1,True,18000,18000,
10506,1,True,"3,850円、2,750円",3850,
10507,1,True,"10,000円～15,000円",10000,
10508,1,True,"20,000円",20000,
10511,1,True,,,
10513,1,True,,,
10516,1,True,"1泊あたり　17,143円（非課税）",1,
10516,4,True,"1泊あたり　2,000円（非課税）",1,
10517,1,True,"10,000～15,000円/日",10000,
10517,2,True,"4,000円/日",4000,
10520,1,True,8800～11000円／1泊あたり,8800,
10521,1,True,7000円,7000,
10522,1,True,"20,900円",20900,
10522,5,True,"28,600円",28600,"LDR
…陣痛（Labor）・分娩（Delivery）・回復（Recovery）までを、同じ部屋で過ごせる個室です。"
10523,1,True,B個室16500円、D個室13200円、LDR17600円,16500,
10525,1,True,"個室特A（LDR）：１泊あたり11,000円
個室A：１泊あたり7,700円
個室B：１泊あたり5,500円
個室C：１泊あたり2,750円",11000,
10527,1,True,13637円　税抜,13637,
10527,5,True,32728円　税抜,32728,LDR設備
10528,1,True,"21,800円",21800,
10529,1,True,組合員8800円　未加入11000円,8800,
10529,4,True,330,330,
10530,1,True,"ﾕﾆｯﾄﾊﾞｽ･ﾄｲﾚ付き：22,000円（11,000円×2日）
ﾕﾆｯﾄｼｬﾜｰ･ﾄｲﾚ付き：18,000円（9,000円×2日）",22000,
10533,1,True,"6,820円（1室）、7,700円（1室）、12,870円（1室）",6820,
10533,2,True,"880円（2室）、1,050円（6室）、1,210円（1室）",880,
10534,1,True,"12,000円",12000,
10534,5,True,"1,500円",1500,準個室（4人部屋）
10535,1,True,"6,600～16,500",6600,
10538,1,True,"個室A：7,480円（税込）×2日　14,960円
個室B：6,050円（税込）×2日　12,100円
個室C（多床室個室）：1,650円（税込）×2　3,300円",7480,
10541,1,True,"13,200円（1日につき）利用料は1日の料金。当日午前0時から24時までで入退院の時間や利用時間に関係なく、入院日と退院日もそれぞれ1日として計算します。（例：17時入院翌日10時退院の1泊2日入院の場合、個室料金は2日分の計算となります。）",13200,
10542,1,True,"1日あたり 38,500円（税込）",1,
10542,4,True,"1日あたり 7,700円（税込）",1,
10542,5,True,"1日あたり 27,000円（非課税）",1,LDR
10543,1,True,"特別個室A：1日あたり24,200円（税込）
特別個室B：1日あたり13,200円（税込）
一般個室A：1日あたり11,000円（税込）
一般個室B：1日あたり9,900円（税込）
一般個室C：1日あたり8,800円（税込）",1,
10544,1,True,7700,7700,
10544,2,True,4400,4400,
10545,1,True,1日あたり3500円,1,
10548,1,True,"トイレ・シャワー有：6,600円
トイレ・シャワー無：4,400円",6600,
10549,1,True,"14,500～17,600",14500,
10549,4,True,"14,500～17,600",14500,
10552,1,True,"１日6,000円",6000,
10555,1,True,"8,800円（税込）",8800,
10557,1,True,"1日14,000円（1泊2日の場合28,000円）",1,
10558,1,True,"5,500円、4,950円、4,400円",5500,
10560,1,True,"1日あたりA309号室6,160円、A302・A308・A311・A315・A317・A318号室5,500円",1,
10560,2,True,"1日あたり2,750円",1,
10561,5,True,"シャワーつき特別室：7,700円/泊
シャワーなし特別室：3,300円/泊",7700,差額費用がかからない部屋とは別に、特別室が設けられている。
10562,1,True,"5,000円",5000,
10565,1,True,7700円,7700,
10565,2,True,3300円,3300,
10567,1,True,,,
10571,1,True,"1日 17,143円（非課税）",1,
10571,5,True,"1日28,000円（税込）
※利用が日付をまたぐ場合は2日分の料金を申し受けます。",1,"LDR室
陣痛から分娩まで同じ個室で過ごせ、移動なく出産できる、陣痛室と分娩室の機能を備えた居室です。"
10576,1,True,"特室A：16,500円/日
特室B：11,000円/日
個室A：6,600円/日
個室B：5,500円/日",16500,
10576,2,True,"A:3,300円/日
B:2,200円/日
C:1,650円/日",3300,
10576,5,True,,,
10577,1,True,"市内6,600円、市外7,700円",6600,
10577,2,True,"市内2,200円、市外2,750円",2200,
10578,1,True,"特別室（Ｃ）：１日あたり 15,000円",15000,
10578,2,True,"特別室（D２）：１日あたり 11,000円",11000,
10578,5,True,"特別室（LDR）：１日あたり 15,000円",15000,陣痛から出産まで過ごして頂けるお部屋です。分娩時に分娩台への移動の負担がなく、ご家庭のような雰囲気の中で過ごすことができます。
10579,1,True,5000円,5000,
10579,2,True,2000円,2000,
10580,1,True,16000円（非課税）,16000,
10580,4,True,4000円（非課税）,4000,
10581,1,True,"A個室：13,200円（市内）
A個室：17,160円（市外）",13200,
10581,5,True,"B個室：11,000円（市内）
B個室：14,300円（市外）",11000,個室
10584,1,True,"1日あたり14,300円～16,500円",1,
10584,2,True,"1日あたり11,000円",1,
10584,5,,,,分娩料に室料は含まれる。
10585,1,True,"1泊あたり：4,840円
1泊あたり：10,780円
1泊あたり：0円（LDR)",1,
10587,1,True,１泊あたり16500円、5500円、3300円,16500,
10587,2,True,１泊あたり2200円,2200,
10588,1,True,"個室（洗面あり）：
1泊あたり　19,000円
個室（洗面・トイレあり）：
1泊あたり　25,000円
個室（洗面・トイレ・シャワーあり）：
1泊あたり　38,000円",1,
10590,1,True,"7,000円～14,454円",7000,
10595,1,True,"特別室B：15,000円
LDR　15,000円
個室A　7,000円
個室B　6,000円",15000,
10595,5,True,1泊ではなく、1日あたりの金額。,1,"特別室B：TV･冷蔵庫無料、浴室、ポット有
LDR：陣痛から産後ケアまでを行う室
個室A：室内にトイレ有
個室B：室内にトイレ無"
10596,1,True,"5,300円",5300,
10597,1,True,"経腟分娩1泊あたり0円（税別）
帝王切開1泊あたり26,000　or 30,000円（税別）",1,
10597,2,True,0,0,
10597,4,True,0,0,
10599,1,True,"6,100円",6100,
10600,1,True,"特別S室：１泊あたり15,510円
特別C室：１泊あたり5,280円",15510,
10603,1,True,１泊あたり６０００円＋税,,
10603,5,,,,個室はシャワー、トイレ付
10605,1,True,"１泊あたり6000円（税抜）
１泊あたり8000円（税抜）
１泊あたり15000円（税抜）",6000,
10605,4,True,１泊あたり1000円（税抜）,1000,
10606,1,True,"3,300円、4,400円、8,800円",3300,
10606,2,True,"1,650円",1650,
10610,1,True,,,
10611,1,True,"特別室B:1日あたり20,000円
特別室C:1日あたり12,000円
（1日につき定められた使用料ですので、1泊に係る料金ではありません。1泊2日の入院の場合、使用料は2日分となります。）",1,
10614,1,True,"一等室：7,700円/1日
特等室：13,200円/1日
VIP室：55,000円/1日",7700,
10616,1,True,"9,000円/日及び11,000円/日",9000,
10617,1,True,１泊あたり4180円,4180,
10619,1,True,"26,000円～33,000円",26000,
10619,4,True,"0円または7,000円",0,
10621,1,True,"13,200円",13200,
10622,1,True,"特別室Ａ：１日につき 11,000 円（10,000 円）
特別室Ｂ ：１日につき 8,800 円（8,000 円）",11000,
10624,1,True,"・個室：1日あたり5,500円
　※2026年2月1日～　1日あたり8,800円
・準特別室：1日あたり8,800円
　※2026年2月1日～　1日あたり12,100円
・特別室：1日あたり13,200円
　※2026年2月1日～　1日あたり22,000円",1,
10625,1,True,"1泊2日　10,120円",1,
10627,5,True,"5,000円～7,000円",5000,個室特別室
10628,1,True,11000円、13750円、18700円,11000,
10628,4,True,1650円,1650,
10631,1,True,3960,3960,
10631,2,True,1210,1210,
10631,5,True,9130,9130,特別室
10632,1,True,１日あたり１４，５５０円,,
10635,1,True,"1泊あたり37,400円",1,
10635,3,True,"1泊あたり4,400円",1,
10635,5,,,,6人部屋、4人部屋
10636,1,True,7700円,7700,
10637,1,True,"4,840円（税込）",4840,
10637,4,True,"20,570円（税込）",20570,
10638,1,True,"個室C：1日あたり8,000円
個室E：1日あたり15,000円
LDR：1日あたり10,000円
特別室個室：1日あたり15,000円（産後以外は20,000円）",1,
10638,2,True,"ユニットB：1日あたり4,000円",1,
10638,4,True,"通常の4人部屋は差額必要無。
ユニットA：1日あたり2,500円",4,
10639,1,True,部屋の設備によって費用が異なります。,,
10640,1,True,"市内在住の方6,600円、市外の方9,900円",6600,
10641,1,True,"1.　差額費用支払いあり
2.　１泊あたり５０００円",1,
10641,5,True,"個室：その他　無料の個室あり　11室
各室にシャワー付き・トイレ付",11,"その他
1.　居室の設備　：シャワーあり・トイレあり・ミニキッチン・ソファ・冷蔵庫"
10642,1,True,"1泊あたり15,000円（消費税込み）",1,
10645,1,True,"1泊　7,700円、8,800円、11,000円",1,
10648,1,True,10000,10000,
10649,1,True,"13,200円",13200,
10650,1,True,,,
10651,1,True,"本市の住民（1日あたり）7,700円（税込）、本市の住民でない者（1日あたり）10,010円（税込）",1,
10653,1,True,"バスありの特別室：1泊あたり7,700円
バスなしの特別室：1泊あたり6,600円",1,
10655,1,True,"1泊5,500円（構成市町外7,150円）",1,
10656,1,True,"A個室　13000円/泊
B個室　10000円/泊",13000,
10658,1,True,"１日につき（分娩の方は消費税はかかりません）
404号室・405号室・406号室：22,000円
411号室・412号室：12,100円",404,
10658,2,True,"１日につき（分娩の方は消費税はかかりません）
408号室・410号室：6,600円
407号室・409号室・413号室：5,500円",408,
10659,1,True,"市内在住：1日につき12,000円
市外在住：1日につき14,400円",1,
10659,5,True,"市内在住：1日につき15,000円
市外在住：1日につき18,000円",1,特別室
10660,1,True,"特別室A(LDR)：1泊あたり28,050円
特別室B         ：1泊あたり18,700円
特別室C         ：1泊あたり14,850円",1,
10661,1,True,"A室：1泊2日33,000円
C室：1泊2日26,400円",1,
10661,2,True,"1泊2日11,000円",1,
10662,1,True,5000円,5000,
10665,1,True,"3,780円、6,280円",3780,
10665,2,True,"2,280円",2280,
10666,1,True,"35,200円（税込）",35200,
10666,4,True,"廊下側:7,700円（税込）　窓側：11,000円（税込）",7700,
10669,1,True,"・30,360円（1日につき)
・13,200円（1日につき)　",30360,
10669,5,True,"有料個室代については、”1日につき”で設定しているため、1泊した場合は下記の計算にて請求いたします。
例）1日につき1室 5,500円の個室に1泊した場合
　＠5,500円/日　×　2日（入室日と退室日）　＝　11,000円
※規定により、0時をまたぐと2日分の料金計算となります。",1,
10670,1,True,"特別室・市民：1泊あたり23,000円（前同。1日あたり11,500円。）
特別室・市民外：1泊あたり29,800円（前同。1日あたり14,900円。）
個室A/B・市民：1泊あたり16,000円（前同。1日あたり8,000円。）
個室A/B・市民外：1泊あたり20,800円（前同。1日あたり10,400円。）",1,
10670,4,True,"準個室・市民：１泊あたり4,000円（医療機関であり宿泊施設ではないので「１泊」あたりの金額設定は無く、「１日」あたりの使用料2,000円の２日分（初日と2日目）としています。以降は１泊増加毎に2,000円増。なお、出産に係る費用のため非課税です。また、１日あたりの利用時間の長短問は不問で、以下の設問同様。）
準個室・市民外：１泊あたり5,200円（前同。1日あたり2,600円。）",4000,
10671,1,True,"市内の方：７，７００円
市外の方：９，３５０円",,
10671,2,True,"市内の方：２，２００円
市外の方：２，７５０円",,
10672,1,True,"税込み
1泊あたり：4,400円（トイレ付）
　　　　　  6,600円（シャワー・トイレ付）
                    8,800円（特別室）",1,
10673,1,True,"1日10,000円",1,
10674,1,True,"5,500円/日・7,700円/日　いずれか",5500,
10674,5,True,"8,800円/日",8800,特別室（流し台付き）
10675,1,True,"1泊につき39,600円(1日につき19,800円)",1,
10675,4,True,"1泊につき15,400円(1日につき7,700円)",1,
10677,1,True,"3,310円
（出産時は非課税のため3,010円）",3310,
10679,1,True,"5,500円～33,000円",5500,
10679,4,True,"4,400円
1,100円",4400,
10688,1,True,"18,480円～42,900円",18480,
10688,2,True,"7,150円～9,900円",7150,
10688,4,True,"2,860円",2860,
10691,1,True,"28,600円、23,100円",28600,
10691,4,True,"4,400円、6,600円",4400,
10692,1,True,"分娩のため入室するもの
特別室A：1泊あたり18,546円
特別室B：1泊あたり6,273円
特別室C：1泊あたり6,000円
特別室D：1泊あたり4,455円",1,
10695,1,True,"6,000円",6000,
10695,3,True,"2,000円",2000,
10697,1,True,26400,26400,
10698,1,True,"個室①20,500円　個室②30,500円",20500,
10698,2,True,"3,000円",3000,
10700,1,True,5000円,5000,
10700,2,True,2500円,2500,
10702,1,True,"・特別室A_1泊あたり7,000円_ャワー,トイレ洗面台，冷蔵庫，ミニキッチン，テレビ，応接セット，ロッカー電動ベッド
・特別室B_1泊あたり4,000円_シャワー，トイレ，洗面台，テレビ(テレビカード購入が必要）
・特別室C_1泊あたり3,000円_トイレ，洗面台，ミニキッチン(冷蔵庫付属），テレビ(テレビカード購入が必要）
・特別室D_1泊あたり2,000円_トイレ，洗面台，テレビ(テレビカード購入が必要）　
・すべての個室共通_助産にかかるものなので，非課税",1,
10702,5,,,,"特別室A_シ
特別室B_特別室C_1泊あたり3,000円
特別室D_1泊あたり2,000円　
助産にかかるものなので，非課税"
10703,1,True,30000円,30000,
10706,1,True,11000,11000,
10706,4,True,2200,2200,
10707,1,True,11550,11550,
10712,1,True,,,
10712,4,True,,,
10715,1,True,"6,930円（トイレ付）
8,800円（トイレ・シャワー付）
11,000円（トイレ・シャワー・電子レンジ付）",6930,
10715,4,True,"2,200円",2200,
10716,1,True,"個室B：１泊あたり13,970円
個室C：１泊あたり12,650円",13970,
10719,1,True,個室A（ｼｬﾜｰ・ﾄｲﾚ・ｿﾌｧｰ付き）6500円　　　個室B（ｼｬﾜｰ・ﾄｲﾚ付き）6000円　　　　　　個室C（ﾄｲﾚ付き）4000円,6500,
10719,5,True,10000円,10000,LDR
10722,1,True,"6,600円/日(出産での入院中は室料不要)",6600,
10722,2,True,"3,300円/日",3300,
10724,1,True,"23,100～41,800円",23100,
10724,2,True,"9,900～13,200円",9900,
10724,4,True,"窓側3,300円",3300,
10724,5,True,"42,900円",42900,LDR室
10725,1,True,"1日あたり8,190円、1日あたり14,550円、1日あたり16,370円",1,
10728,1,True,"普通室：1泊あたり3,000円（非課税）",1,
10728,5,True,"特別室：1泊あたり7,000円（非課税）",1,"個室であり、ユニットバスを設置。
テレビ、冷蔵庫を無料で利用可能"
10730,1,True,"TypeB(5室)11,000円、TypeC(2室)8,000円",5,
10731,1,True,,,
10731,2,True,,,
10732,1,True,17000円,17000,
10733,1,True,"特別室：11,000円
1等室A：3,300円
1等室B：2,200円",11000,
10735,1,True,4000円,4000,
10735,5,True,6500円,6500,特別室
10736,1,True,"5,000円",5000,
10739,1,True,"B個室8250円（枚方市外11,000円）
A個室9,350円（枚方市外12,100円）
特別室11,000円（枚方市外14,300円）",8250,
10740,1,True,"5,500円",5500,
10740,2,True,"1,100円",1100,
10741,1,True,"個室A：6,000円
個室B：5,000円
LDR：10,000円
料金計算は０時から２４時までの間で使用があった場合１日と数えます。よって１泊２日の場合は２日分の料金をいただきます。",6000,
10742,1,True,12000円（税抜）、8000円（税抜）,12000,
10742,5,True,"8000円・・・冷蔵庫、TV,、I-Pad、ソファ",8000,12000円・・・バス、トイレ、冷蔵庫、TV、I-Pad、ソファ
10743,1,True,23000,23000,
10745,1,True,,,
10745,2,True,,,
10747,1,,13000（シャワー・トイレ、TV（DVD視聴可）、冷蔵庫あり）,13000,
10748,1,True,"7,000円",7000,
10748,2,True,"3,000円",3000,
10748,4,True,"2,000円",2000,
10750,1,True,"5,500円と6,600円の部屋があります",5500,
10752,1,True,"特別A室：38,000円
特別B室：36,000円
特別C室：22,000円
産科個室：18,000円
特別D室：15,000円
一般個室：12,000円
※医学的理由での個室利用を除く
※上記金額は非課税での金額となります",38000,
10754,1,True,"トイレ付き：15,000円/日
シャワー・トイレ付き：19,000円/日
※1泊ではなく、1日の金額です。",15000,
10754,4,True,0円,0,
10755,1,True,"10,000円（お産のため非課税）",10000,
10755,5,True,"12,000円（お産のため非課税）",12000,LDR室（個室）
10756,1,True,"7,700円と5,830円",7700,
10756,5,True,"7,700円（シャワーなし5,830円）",7700,シャワー、トイレ、洗面台付き
10757,1,True,"4,500円",4500,
10758,1,True,"10,000円、LDR 6,000円",10000,
10760,1,True,"""A個室：17,500円（非課税）（産科病棟）
B個室：15,500円（非課税）（産科病棟）
C個室：13,500円（非課税）（産科病棟）
B個室：17,050円（精神科病棟）
C個室；15,950円（精神科病棟）
C個室：12,650円（緩和ケア病棟）
特別室：36,850円
A個室：19,250円
B個室：17,050円
C個室：15,950円
A個室：19,250円（子ども医療センター）
B個室：17,050円（子ども医療センター）
C個室：14,850円（子ども医療センター）""",17500,
10761,1,True,"10,000円",10000,
10762,1,True,5800円（税別）,5800,
10762,5,True,,,トイレシャワー付き、インターネット
10764,1,True,"S：110,000円（税込み・1日あたり）
A：55,000円（税込み・1日あたり）
B：13,200円（税込み・1日あたり）
C：9,900円（税込み・1日あたり）
D：8,250円（税込み・1日あたり）
E：5,500円（税込み・1日あたり）",110000,
10765,1,True,"特別室（トイレ付ユニットバス、キッチン、ソファ、テーブル）16,500円/日
個室A（トイレ付）6,050円/日
個室B（トイレ無）5,500円/日",16500,
10765,2,True,"1,650円/日",1650,
10766,1,True,"1泊あたり14,960円",1,
10766,5,True,"1回の分娩につき50,000円",1,LDR室（陣痛が始まってから出産を行い産後の回復までの過程を同じひとつの部屋で過ごす個室）
10767,1,True,"6,000円",6000,
10768,1,True,"6,600円～12,100円",6600,
10771,1,True,4400円と6600円の部屋がある,4400,
10773,1,True,11000円,11000,
10774,1,True,"１日あたり4,000円（非課税）",4000,
10775,1,True,"7,000円",7000,
10777,1,True,"12,000円",12000,
10782,1,True,"トイレバス付　7,200円
トイレのみ　　6,000円",7200,
10787,1,True,"8,800円　",8800,
10787,4,True,"1,650円　",1650,
10787,5,True,3300,3300,個室（シャワーおよびトイレなし）
10788,1,True,"8,000円",8000,
10789,1,True,"1日あたり8,000円（税抜）
1日あたり11,000円（税抜）
1日あたり20,000円（税抜）",1,
10789,2,True,"1日6,000円",1,
10789,5,True,"1日あたり1,500円（税抜）",1,間仕切りの準個室
10790,1,True,"１泊あたり13,200~17,600円",13200,
10791,1,True,"16,500円、14,300円、9,900円",16500,
10791,2,True,3300円,3300,
10792,1,True,"【一般病棟】A：15,400円／B：9,900円
【一般病棟（特室）】24,200円
【産科病棟】14,000円（消費税対象外）",15400,
10794,1,True,"特別室A：１泊当たり　27,274円
特別室B：１泊当たり　20,000円",27274,
10795,1,True,"1日5,500円",1,
10797,1,True,"1泊あたり14,000円",1,
10798,1,True,"4,500円／泊",4500,
10799,1,True,"1泊当たり6,000円、7,000円、10,000円",1,
10800,1,True,"6,200円、7,400円",6200,
10800,2,True,"3,400円",3400,
10800,5,True,,,"２人部屋（トイレ）、6,200円個室（トイレ）、7,400円個室（トイレ・シャワー）"
10801,1,True,,,
10802,1,True,"1泊2日あたり：55,000円
※妊娠中および出産後の室料は非課税となります。",1,
10802,2,True,"1泊2日あたり：22,000円
※妊娠中および出産後の室料は非課税となります。",1,
10802,5,True,"1泊2日あたり：83,600円
1泊2日あたり：105,600円
1泊2日あたり：110,000円
1泊2日あたり：127,600円
1泊2日あたり：176,000円
1泊2日あたり：220,000円
1泊2日あたり：264,000円
※妊娠中および出産後の室料は非課税となります。",1,特別個室
10803,1,True,"5,000円",5000,
10803,2,True,"3,500円",3500,
10804,1,True,"差額15,400円（税込）の個室と差額20,350円（税込）の個室あり。",15400,
10804,5,,,,なし
10805,1,True,5200円,5200,
10808,1,True,"4,950円/日",4950,
10808,5,True,"11,000円/日",11000,特別室
10809,1,True,"１日あたり13,200円",13200,
10811,1,True,3300～55000円,3300,
10811,4,True,2200,2200,
10812,1,True,基本的に不要(新生児の状態により個室を希望される場合は発生する場合あり),,
10813,1,True,,,
10814,1,True,"7000円（ユニットシャワー、トイレ付）
6000円（シャワーなし、トイレ付）",7000,
10815,1,True,"13,637円または10,910円",13637,
10818,1,True,"1泊あたり14,000円",1,
10819,1,True,8000円、7000円、4000円の部屋あり,8000,
10819,2,True,3700,3700,
10819,4,True,1800　※無償部屋もあり,1800,
10820,1,True,"個室S：9,900円(市内在住)、11,385円(市外在住)
個室A：7,700円(市内在住)、8,855円(市外在住)
個室B：6,050円(市内在住)、6,957円(市外在住)
個室C：4,400円(市内在住)、5,060円(市外在住)
準個室：1,100円(市内在住)、1,265円(市外在住)
LDR：10,000円(市内在住)、11,500円(市外在住)
緩和ケア：5,500円(市内在住)、6,325円(市外在住)",9900,
10821,1,True,"B室：1泊あたり7,000円
C室：1泊あたり5,000円",1,
10822,1,True,"85,800円（1日あたり42,900円）
59,400円（1日あたり29,700円）
52,800円（1日あたり26,400円）",85800,
10822,4,True,"11,000円（1日あたり5,500円）",11000,
10823,1,True,"特別室A:1泊あたり11,000円
特別室B:1泊あたり8,800円
特別室C:1泊あたり5,500円
特別室D:1泊あたり3,850円
※産婦人科病棟はB、C、Dのみ",1,
10824,1,True,"7,700円：（1日につき3,850円×2日）",7700,
10827,1,True,"5,000円（非課税）",5000,
10828,1,True,"20,000円（1部屋）・10,000円（7部屋）
※妊娠中～産後1ヵ月までは非課税、それ以後は課税。",20000,
10829,1,True,"9,900円
16,500円（シャワー・トイレ完備）",9900,
10829,2,True,"2,420円",2420,
10830,1,True,"7,700~16,500円",7700,
10831,1,True,0,0,
10831,5,True,１日6，000円,6,シャワー付き個室
10832,1,True,特別室B：１泊あたり10000円、特別室C：１泊あたり9000円、特別室D：1泊あたり6000円、LDR：１泊あたり16000円,10000,
10833,1,True,"特等S　52,800円
特等　30,800円
特等眼科　33,000円
1等眼科A　24,200円
1等眼科B　22,000円
1等産科S　27,500円
1等産科A　24,200円
1等産科B　22,000円
1等S　20,900円
1等A　17,600円
2等A　11,000円
2等B　8,800円",52800,
10836,1,True,"10,000円",10000,
10836,4,True,"5,500円",5500,
10836,5,True,"77,000円",77000,特別室；風呂トイレ別ソファー有
10839,1,True,"1号館：22,000円
周産期センター（個室A）：25,000円
周産期センター（個室C）：20,000円
1号館（小児）：13,200円
2号館：17,600円
4号館：27,500円",1,
10839,3,True,"1号館：4,400円",1,
10839,4,True,"1号館：4,400円
周産期センター：5,000円
2号館・4号館：5,500円",1,
10843,1,True,"●個室
・１泊あたり　9,000円（祝日　9,000円）
●特室B
・１泊あたり　11,500円（祝日　11,500円）",9000,
10843,4,True,"・１泊あたり　2,000円（祝日　2,000円）",2000,
10845,1,True,"個室Ａ：25,000円
個室Ｂ：13,200円
個室Ｃ：4,400円
個室Ｄ：3,300円
個室Ｅ：19,000円
特別室Ｓ：78,500円
特別室Ａ：60,150円
特別室Ｂ：36,650円
特別室Ｃ：32,600円",25000,
10845,2,True,"２床室Ａ：2,200円",2200,
10845,4,True,"４床室Ａ：8,800円
４床室Ｂ：5,550円",8800,
10847,1,True,14000,14000,
10847,2,True,6000,6000,
10847,4,True,1000,1000,
10849,1,True,"40,000円（非課税）（1日につき20,000円）",40000,
10850,1,True,１日あたり　市内8000円　市外11000円,8000,
10852,1,True,"5,000円",5000,
10852,2,True,差額支払いなし,,
10852,5,,,,2人部屋：トイレ付　　個室：トイレ、シャワー付き
10855,1,True,"1泊あたり4,950円",1,
10857,1,True,"特別室Ｃ：１日あたり　11,000円
特別室Ｄ：１日あたり　  7,000円",11000,
10859,1,True,26400,26400,
10859,2,True,11550,11550,
10860,1,True,"当該病棟内には、2種類
個室B　5,000円（税抜）
個室C　7,000円（税抜）",2,
10861,1,True,"シャワーあり個室：1泊あたり13,637円
シャワーなし個室：1泊あたり10,910円",1,
10863,1,True,"トイレ付き　7120円
6810円",7120,
10865,1,True,"個室　16,500円
特別室B　27,500円
特別室A　33,000円",16500,
10865,4,True,"準個室（4人部屋）　3,300円
総室（4人部屋）　0円",4,
10867,1,True,"1泊あたり7700円
1泊あたり9900円",1,
10869,1,True,"A個室：9,000円
B個室：8,000円",9000,
10871,1,True,５，５００円(1日あたり),1,
10874,1,True,3300円・3500円,3300,
10878,1,True,"4,510円、7,700円、19,800円
（助産の場合4,100円、7,000円、18,000円）",4510,
10879,1,True,"1日3,850円から7,150円",1,
10880,1,True,１泊あたり8000円（1日4000円）,8000,
10880,4,True,1泊あたり0円～2000円（1日1000円）,1,
10881,1,True,分娩前日から退院までは無料,,
10881,5,True,分娩以外の入院時は12540円,12540,Wi-Fi完備　トイレ、洗面台　タオル類無料
10885,1,True,"1泊あたり：6,000円",1,
10889,1,True,１日あたり５０００円,,
10889,5,True,和室１日あたり１００００円、特別室１日あたり２５０００円,,和室個室（トイレ付き）、特別室（シャワー、トイレ付き）
10892,1,True,10000,10000,
10893,1,True,,,
10895,1,True,1日5000円,1,
10897,1,True,個室：1泊あたり３０００円　特別室：１泊あたり７０００円　　　　　　　　　,1,
10898,1,True,,,
10901,1,True,"特別室8,000円/泊（シャワー・トイレ付）
準特別室5,000円/泊（シャワー・トイレ付）
差額あり個室2,000円/泊（トイレ付）",8000,
10901,5,,,,"全室個室
※差額費用の発生しない個室はトイレあり・トイレなしの2パターンあり"
10902,5,True,,,全室個室、特別室のみ1日1万円
10905,1,True,"5,000円",5000,
10905,5,True,"10,000円",10000,特別個室（シャワー室付き）
10906,1,True,12000円,12000,
10906,2,True,8000円,8000,
10906,3,True,4000円,4000,
10906,4,True,4000円,4000,
10907,1,True,7700円/日,7700,
10907,5,True,14300円/日,14300,特別室
10912,1,True,（１泊あたり）　洗面台付き）4000円、トイレ・洗面台付き）8000円、トイレ・洗面台・シャワー付き）12000円,4000,
10915,5,True,3000円～5000円,3000,特別室のみ差額費用支払い必要
10916,1,True,,,
10916,5,True,,,"ゆったりとした個室でリラックスした時間をお過ごしいただけます。
液晶テレビや有線放送、冷蔵庫が完備されています。"
10917,1,True,差額無し,,
10917,5,True,"ファミリーステイルーム１：14,000円
ファミリーステイルーム２：12,000円
ファミリーステイルーム３：10,000円",14000,ファミリーステイルームは、ご家族で滞在できるお部屋です。3種類ございます。
10920,1,True,4000円,4000,
10921,4,True,,,
10922,1,True,"10,000円",10000,
10922,3,True,"5,000円",5000,
10922,5,True,"20,000円",20000,特別室
10929,5,True,"特別室　3,000円/日、
新館特別室　5,000円/日",3000,"特別室：一般個室より少し広めの部屋
新刊特別室：増築した新館で一般個室よりも広めでシャワー室あり"
10930,1,True,,,
10930,5,True,5000円,5000,特別室
10933,1,True,18000～20000円,18000,
10940,5,True,24000,24000,特別室
10942,1,True,2階は無料。3階はトイレ付3000円、シャワー・トイレ付5000～6000円,2,
10944,1,True,,,
10944,5,True,,,特室
10946,1,True,"個室：１泊あたり4,000円　　　　　　　　　特別個室：１泊当たり7,000円",4000,
10947,1,True,　プライベートスイート１泊：２５０００円　ファミリースイート１泊：３５０００円　セレブリオスイート１泊：４５０００円,,
10947,2,True,１８０００円,,
10947,4,True,１５０００円,,
10948,1,True,４０００円,,
10956,5,True,,,全室個室だが、1室のみ特別室
10959,1,True,3500円,3500,
10960,1,True,"7,100円",7100,
10962,1,True,,,
10962,5,True,,,
10965,1,True,,,
10969,1,True,スイートルーム：1泊あたり10000円、ジュニアスタンダードルーム：１泊あたり8000円、スタンダードルーム：１泊あたり5000円,1,
10973,5,True,"特別個室の差額費用は、15,000円/日",15000,一般個室は差額無、特別個室（ご家族の宿泊も可）は差額有
10975,1,True,"8,000円～16,000円",8000,
10978,1,True,10000円,10000,
10978,5,True,27000円,27000,特別個室
10986,1,True,10000,10000,
10986,5,True,20000,20000,特別室
10987,1,True,"1泊あたり　シングル　0円　セミダブル　5,000円　和室10,000円",1,
10989,1,True,1泊あたり3500円～2000円,1,
10990,1,True,,,
10990,4,True,,,
10990,5,True,,,
10991,1,True,"～6,050円",6050,
10995,1,True,１００００円,,
10997,1,True,3000円,3000,
10997,2,True,1500円,1500,
10997,5,True,4000円,4000,特別個室
11000,1,True,部屋の種類により、6000円、8000円、15000円となります。,6000,
11001,1,True,1拍2000円～3000円,1,
11004,1,True,7000円　~　10000円,7000,
11005,1,True,201号室：１泊あたり5000円　　　　　202・203号：１泊あたり3000円,201,
11008,1,True,9000,9000,
11008,5,True,15000,15000,特別個室　シャワートイレ付き
11009,5,True,"201号室　16000円／1泊
315号室　11000円／1泊",201,特別室（201号室.315号室）のみ
11010,1,True,"(非課税）3,300円７室　5,500円２室　　　　　　（課税）3,630円７室　6,050円２室",3300,
11019,1,True,無料の部屋と１泊２，５００円　　　５，０００円の部屋あり,,
11022,1,True,自費入院・保険入院・特別室等により金額は変更,,
11022,5,True,自費入院・保険入院・特別室等により金額は変更,,全室個室シャワー・トイレ付きです
11023,1,True,,,
11025,1,True,５０００円,,
11025,5,True,７０００円,,特室
11029,1,True,1日あたり8000円,1,
11029,5,True,1日あたり10000円,1,シャワー付個室
11030,4,True,"8,000~15,000円",8000,
11032,5,True,,,トイレ付個室、トイレ・シャワー付き個室
11033,5,True,10000,10000,特室2室（バストイレ付広めの病室）別途費用有　他個室追加無し
11034,1,True,1泊あたり2000円から4000円,1,
11034,5,True,トイレ、シャワー付き　3500円から4000円　トイレ、シャワーなし　2000円から3000円,3500,トイレ、シャワー付き　4部屋　トイレ、シャワーなし4部屋　
11035,1,True,6000円,6000,
11038,1,True,0～1500～2500～5000,0,
11038,5,True,5000～,5000,家族宿泊可能部屋
11044,1,True,,,
11045,1,True,11000～22000円,11000,
11045,4,True,11000円,11000,
11047,1,True,"5,000円",5000,
11047,5,True,"7,000円",7000,特室
11052,1,True,"1泊あたり3,000円～15,000円",1,
11052,2,True,"1泊あたり1,500円",1,
11053,1,True,"1日あたり \7,000",1,
11055,3,True,分娩はすべて個室　差額なし,,
11059,1,True,"10,000円",10000,
11061,1,True,５千円,,
11061,2,True,該当無し,,
11061,3,True,該当無し,,
11061,4,True,該当無し,,
11062,1,True,10000円,10000,
11063,1,True,,,
11063,5,True,"1日あたり5,500円～11,000円",1,特室A，特室B（各個室）
11064,1,True,5000,5000,
11068,1,True,"特別室：1日あたり4,500円
上記以外：１日あたり2,500円",1,
11069,5,,,,基本個室入院で通常分娩入院費総額58～62万円
11070,1,True,10000,10000,
11071,1,True,"1泊あたり8,000円　　　　　　　　　　　　1泊あたり10,000円　　",1,
11075,1,True,3300,3300,
11079,1,True,"管理入院1泊8,000円
出産入院1泊12,000円",1,
11079,5,True,個室同額,,LR室、LDR室
11080,1,True,3500円～4500円,3500,
11085,5,True,"特別室：1泊あたり8000円
A室：1泊あたり6000円
B室：1泊あたり4000円
C室：1泊あたり2000円",1,特別室、A室、B室、C室、差額無し個室
11086,5,True,1万5千円/泊,1,特別室
11090,1,True,"￥1,500～￥2,000",1500,
11093,1,True,"4,500〜8,000",4500,
11096,1,True,"和室：1泊1000円　4室
特別室：1泊5000円　2室",1,
11096,5,True,,,特別室はシャワー有
11097,1,True,一般個室：10000円／日、特別室：20000円／日,10000,
11100,1,True,1日12000円,1,
11102,1,True,5000,5000,
11102,5,True,"特別室A13,000円、特別室B10,000円",13000,特別室A、特別室B
11103,1,True,3000円、5000円、7000円,3000,
11105,1,True,①1日あたり2000円　②1日あたり4000円　③1日あたり5000円,1,
11106,1,True,3000円,3000,
11109,1,True,利用内容により1泊あたり6000円,1,
11110,1,True,"個室:1泊あたり3,000円   特別室B:1泊あたり5,000円　特別室A:1泊あたり8,000円",1,
11114,1,True,差額部屋は1泊あたり5000円,1,
11116,1,True,"スタンダード　10,000円／泊
スーペリア　　20,000円／泊
ラグジュアリ　35,000円／泊",10000,
11116,5,,１泊あたりの金額ですがパック料金でのHP記載になっております。1日早く退院される場合どの部屋でも一律15000円引かせていただきます,1,
11117,1,True,"1泊あたり8,000円",1,
11117,2,True,"1泊あたり4,000円
1泊あたり6,000円",1,
11117,4,True,"1泊あたり4,000円",1,
11118,1,True,3000円～5500円,3000,
11120,1,True,"シャワー付き3部屋：1泊あたり3,000円
特別室1部屋：1泊あたり10,000円",3,
11123,1,True,3000円,3000,
11126,1,True,"個室   1床　　33,000円/日…A
個室   1床　　22,000円/日…B
個室   1床　　17,600円/日…C
個室   6床　　12,100円/日…D",1,
11127,1,True,1日20000円,1,
11128,1,True,,,
11128,2,True,,,
11129,5,True,22500,22500,特別室
11131,1,True,"10,500円",10500,
11134,1,True,,,
11137,5,True,,,特室
11138,1,True,"特別室10,000円　　　　　　　　　　　　　個室5,000円　個室3,500円",10000,
11140,5,True,3000,3000,VIP
11141,1,True,"18,000~25,000",18000,
11143,1,True,,,
11143,2,True,,,
11143,3,True,,,
11152,1,True,,,
11154,1,True,12000,12000,
11154,2,,6000,6000,
11164,1,True,,,
11164,2,True,,,
11164,3,True,,,
11164,4,,4人部屋、無し,4,
11164,5,True,,,シャワー室完備、2部屋有り
11166,1,True,,,
11166,5,True,,,特別室
11167,5,True,4000円と3000円,4000,全て個室ですが2部屋だけ特に広いお部屋があり、ご主人以外にお子様も宿泊する場合
11168,5,True,"特別室7000円
特室5000円",7000,特別室及び特室
11176,1,True,5000,5000,
11177,1,True,"ファミリールーム：1泊あたり　6,000円　　　　　　個室：1泊あたり　3,000円",1,
11178,1,True,通常個室；トイレ付き、5000円、　　　　　特室；ダブルベッド、トイレ・シャワー付き、7500円,5000,
11178,2,True,特室、トイレ・浴室付き、1万円,1,
11182,1,True,6000円と12000円の2タイプあり,6000,
11182,2,True,5000円,5000,
11188,1,True,"～5,000円",5000,
11189,1,True,,,
11191,1,True,8800 ＊但し助産の場合非課税,8800,
11191,5,True,12100　＊但し助産の場合非課税,12100,特別室
11193,1,True,"トイレ無し個室：23,000円(1日)　　　　　トイレつき個室：30,000円(1日)　　　　　トイレ-シャワー付き特別室:45,000円(1日)",23000,
11193,5,True,"大人1泊￥10,000 / お子様1泊￥5,000",1,特別室については別途、宿泊費をお支払い頂ければ、ご家族様の宿泊も可
11197,2,True,,,
11198,1,True,"16,000円～",16000,
11199,1,True,"7,000円/1日",7000,
11204,1,True,,,
11204,5,,,,シャワー付個室
11205,1,True,7000～8000,7000,
11205,2,True,5000,5000,
11205,4,True,3000,3000,
11205,5,True,,,
11208,1,True,,,
11211,1,True,10，000円,10,
11211,2,True,0円,0,
11211,5,True,15000円,15000,特別個室
11212,1,True,"１泊あたり10,000～15,000円",10000,
11212,2,True,"１泊あたり5,000円",5000,
11212,4,True,"1泊あたり3,000円",1,
11212,5,True,"１泊あたり20,000円",20000,特別室
11215,1,True,特別室（12000円、11000円）個室（9000円、8000円、5000円）,12000,
11218,5,,6000～8000円,6000,
11225,1,True,1泊あたり8000～20000円,1,
11227,5,,,,全室個室
11228,1,True,,,
11230,1,True,,,
11230,2,True,,,
11232,1,True,5000,5000,
11232,2,True,2000,2000,
11233,1,True,2000円と2500円の個室あり,2000,
11233,5,,,,当院で出産２人目以降は無料
11235,1,True," 16,500～26,500",16500,
11235,5,True,"差額 2,500～10，000",2500,"バス・トイレ付2室
トイレ付11室　　トイレなし5室"
11236,1,True,5000円/日,5000,
11240,1,True,"7,000円～",7000,
11240,5,True,"￥9,000～￥12,000",9000,トイレ付・シャワートイレ付
11245,1,True,4000円～6000円,4000,
11246,1,True,2500〜4000,2500,
11248,5,True,６６００円,,特別室（台所、シャワー付）
11253,1,True,10000円,10000,
11253,5,True,保険入院の場合1泊あたり10000円,1,全室個室でパライバシーが守られている
11254,1,True,個室　シャワー有　5000円　　　　　　　　和室　共有のシャワールーム使用　1000円　　　　　　　　　　　　　　　　　　個室　共有のシャワールーム使用　0円　　　,5000,
11263,1,True,5500～6500,5500,
11266,1,True,,,
11266,3,True,,,
11267,1,True,,,
11268,1,True,"4,000円～6,000円",4000,
11268,4,True,,,
11272,1,True,"2F：6,000円
3F：5,000円",2,
11272,2,True,"2F：3,000円
3F：2,500円",2,
11272,5,True,"8,000円",8000,特別室
11274,1,True,,,
11274,2,True,,,
11277,1,True,5000円,5000,
11277,5,True,8000円,8000,バス、トイレ付
11281,1,True,"1泊あたり7,500円",1,
11282,1,True,5000円～２００００円,5000,
11285,1,True,"1泊あたり4,400円～14,300円",1,
11287,1,True,"2室のみ1泊5,000円",2,
11289,1,True,,,
11290,1,True,部屋の広さ、トイレ、シャワーの有無で、個室代無料の個室と、1日3000円、4000円、5000円の個室代がかかる部屋がある。,1,
11294,1,True,"2,000円～5,000円",2000,
11294,5,,,,洗面室、シャワー、トイレ完備
11298,1,True,分娩での入院は個室料金がかかりませんが、分娩以外での宿泊を伴う入院では1日3000円の個室料がかかります。,1,
11300,1,True,1泊あたり10000～30000円,1,
11306,1,True,15000円,15000,
11306,5,True,25000円,25000,特別室
11307,1,True,3000,3000,
11311,5,True,１泊３０００円,,特別室
11312,5,True,"5,000円",5000,特別室（部屋が広い、ソファーベッド付き）
11317,1,True,7000,7000,
11319,5,True,"入院費28,000円、差額費用2,000円",28000,シャワー付個室
11320,1,True,"7,000円",7000,
11320,5,True,"特別室A；9,000円、特別室B；10,000円",9000,シャワールーム付き個室
11323,1,True,13000/1日～16500/1日,13000,
11323,2,True,12000/11日,12000,
11324,1,True,,,
11325,1,True,"11,000～66,000",11000,
11325,5,,,,全室トイレあり、特別室シャワーあり
11330,5,True,A　１３０００円　B　７０００円,,特別室A（トイレ・シャワー付きセミスイートタイプ）　特別室B（トイレ・シャワー付）
11332,1,True,"1日につき5,000円",1,
11334,1,True,室料差額の金額を設けていないため回答不可,,
11337,1,True,,,
11340,1,True,10000円,10000,
11340,5,True,14000円,14000,シャワー付き個室
11341,1,True,,,
11343,1,True,一般個室：0円／泊,0,
11343,5,True,奥部屋3000円、準特室6500円、特室11000円／泊,3000,"奥部屋：エアウィーヴ、静か
準特室：リクライニング、シャワー、家族泊可
特室：リクライニング、シャワー、家族泊可、エアウィーヴ、大型テレビ、他"
11345,1,True,帝王切開保険入院のみ,,
11345,2,True,,,
11345,3,True,,,
11355,1,True,"3,300円、4,400円のお部屋があります。",3300,
11361,1,True,8000円,8000,
11361,5,True,12000円,12000,特別室
11376,1,True,シャワーなしの個室は差額なし　シャワー付きは１日5000円～7000円の差額費用あり,5000,
11380,1,True,"5,500円",5500,
11382,1,True,"3,000円/日（トイレ付個室）
※医学的理由での個室利用を除く",3000,
11382,5,True,"差額: あり (6,000～9,000円/日)",6000,特室（ロイヤルスイート・スイート）
11384,1,True,10000(税別）,10000,
11391,5,,,,特別室は差額支払いが発生します
11394,1,True,,,
11395,1,True,5000円,5000,
11395,5,True,10000円,10000,特別室
11399,1,True,,,
11399,2,True,,,
11399,5,True,,,家族室
11403,4,True,"全室個室のため差額なし。分娩時にLDR利用室の場合、利用日数分の差額あり（分娩室利用との差額1,000円）",1000,
11405,1,True,8000～12000円,8000,
11405,5,True,,,シモンズベッド、テンピュールの枕、授乳クッションはYogibo、円座も各部屋設置しております。
11412,1,True,,,
11412,5,True,,,簡易個室、トイレ付シャワーなし、トイレシャワー付、特別室
11413,5,True,2000円,2000,全室個室だが、帝王切開で利用する部屋２室のみ倍の広さを取っている
11417,1,True,悪阻入院　状況により自己負担１万～,,
11419,1,True,一泊当たり7000円、8000円、15000円　部屋の広さ、トイレやシャワー、付き添い入院が可能なソファーベットの有無などにより異なる,7000,
11420,1,True,"1日あたり18,000円",1,
11420,3,True,"1日あたり10,000円",1,
11420,4,True,"1日あたり10,000円",1,
11420,5,True,,,"個室→シャワー・トイレ付
相部屋→共同のシャワー・トイレ利用"
11424,1,True,"7,000円",7000,
11424,2,True,なし,,
11426,1,True,差額個室代12620円（入院料金に含まれる）,12620,
11430,1,True,"通常個室：1泊あたり 3,000円
特別個室：1泊あたり 10,000円",1,
11435,1,True,"トイレ有・シャワー無:7000円
トイレ有・シャワー有:10000円",7000,
11436,5,True,5000円,5000,特別室
11438,1,True,"5,000円（帝王切開の場合医学的理由）",5000,
11443,1,True,"1日5000円または10,000円",1,
11443,5,True,"1日5000円の場合1泊2日の場合10,000円
1日10,000円の場合1泊2日20,000円",1,"1日5,000円：トイレ付個室
1日10,000円：トイレ・シャワー付個室"
11444,1,True,１日10000円（1泊20000円）の部屋で入院費の概算をだしております。16号室（広い部屋）のみ1日12000円（1泊24000円）となりますので、その分高くなります。,10000,
11444,4,True,1泊18000円、20000円、24000円,1,
11446,1,True,5000円～15000円,5000,
11448,1,True,,,
11451,1,True,"１泊あたり2,000円～5,000円",2000,
11451,2,True,"1泊あたり5,000円",1,
11453,1,True,8000円,8000,
11453,5,True,"8,000円",8000,
11456,1,True,20000,20000,
11457,1,True,8500円,8500,
11458,1,True,,,
11458,5,True,,,家族部屋
11460,1,True,"1,100～6,050円",1100,
11461,1,True,1000-4000,1000,
11461,5,True,,,
11462,5,True,10000～12000,10000,トイレ、シャワー付個室
11465,1,True,部屋の設備等で設定あり【1泊あたり2000円、3000円、4000円】,1,
11466,1,True,,,
11466,5,True,,,シャワー付き
11467,1,True,2500,2500,
11467,5,True,5000,5000,特室
11470,1,True,5000円,5000,
11470,5,True,10000円,10000,特別室
11471,1,True,"個室によって、1泊あたり3,000円～25,000円まで",1,
11473,1,True,,,
11473,5,,5000円~15000円,5000,
11475,1,True,"Aコース 16,000円 / Bコース 12,000円 / Cコース 8,000円/Sコース 6,000円",16000,
11480,5,True,９０００円,,お子様やご主人と泊まれるお部屋　ご主人様、お子様のお食事のご提供はありません。
11484,1,True,7700円～13200円,7700,
11484,2,True,,,
11484,5,True,,,個室は　、シャワー、洗面、トイレ
11486,5,True,5000円,5000,個室、浴室あり
11487,1,True,,,
11489,5,True,１万円,,特別室
11490,1,True,,,
11490,5,True,,,特室：シャワートイレ付
11491,1,True,2000円～6000円,2000,
11497,5,,,,全室個室、シャワー・トイレ完備
11498,1,True,6000円,6000,
11498,5,True,"2,000円",2000,個室（トイレなし）
11499,1,True,"2,000～5,000円",2000,
11501,1,True,１泊あたり5000円,5000,
11503,1,True,10000,10000,
11503,2,True,6000,6000,
11503,4,True,,,
11506,1,True,0～8000円,0,
11506,2,True,,,
11507,1,True,26000,26000,
11507,2,True,25000,25000,
11507,4,True,24000,24000,
11510,1,True,5000～12000円,5000,
11513,1,True,ホームページをご参照ください,,
11514,1,True,"5,000円　～　15,000円",5000,
11514,5,True,,,母子同室
11518,1,True,"一般個室 13,000円
個室（畳コーナー付き） 14,000円
特室 16,000円",13000,
11518,5,True,0:00-23:59 での金額になります,0,"一般個室　トイレ付
個室（畳コーナー付き）　トイレ付
特室　トイレ・シャワー付き"
11519,5,True,"10,500円",10500,特別室（個室）
11522,1,True,,,
11526,1,True,"特別室：1泊あたり10,500円",1,
11527,1,True,"特別室：1泊あたり10,500円",1,
11531,1,True,"個室：1泊あたり4,400円",1,
11531,4,True,,,
11531,5,True,"準特別室（個室）：1泊あたり5,500円　　
特別室（個室）：1泊あたり6,600円",1,
11532,1,True,,,
11534,1,True,"1泊あたり6,500円",1,
11534,4,True,,,
11534,5,True,"1泊あたり11,500円",1,特別室（個室）
11536,1,True,"8,600円",8600,
11537,5,True,"個室シャワー有：6,500円
準特別室（個室）：9,000円
特別室（個室）：10,500円",6500,
11539,1,True,"1泊あたり6,000円",1,
11539,5,True,"1泊あたり8,000円",1,特別室
11540,1,True,"6,500円",6500,
11540,5,True,"準特別室（個室）9,000円
特別室（個室）10,500円",9000,"準特別室
特別室"
11542,1,True,"1泊あたり5,000円",1,
11542,5,True,"1泊あたり10,000円",1,特別室（個室）
11544,5,True,8000円,8000,個室特別室２室のみ差額室料が発生
11545,1,True,"1泊あたり13,000円",1,
11545,2,True,"1泊あたり5,000円～10,000円",1,
11546,1,True,"5,250円〜11,550円",5250,
11546,2,True,"2,100〜4,200円",2100,
11546,5,,,,帝王切開後等に入っていただく部屋　差額なし
11551,1,True,15000,15000,
11551,3,True,窓側のお部屋のみ、1泊3000円別途頂戴致します。,1,
11553,1,True,"1泊　5000円
1泊　8000円",1,
11556,1,True,10000円,10000,
11558,1,True,部屋の設備、広さで違い4000円～7000円,4000,
11561,1,,"全室個室の為、差額費用はなし
別途施設使用料が発生します",,
11562,1,True,"特室A　3,000円　、　特室B　2,000円",3000,
11563,1,True,１泊あたり１万円,,
11564,1,True,"Ｓ １泊32,000円　Ａ　1泊12,000円　　　 Ｂ  1泊10,000円　 Ｃ  1泊8,000円",32000,
11564,5,True,お産の方はすべて個室,,Ｓ　特別室　　　　　　　　　　　　　　　Ａ（シャワー・トイレ付）ＢC（トイレ付）　
11566,1,True,"出産（自費）入院では差額費用なし。保険入院の場合は1泊あたり5,000円。",1,
11566,5,True,"出産（自費）入院は2,000円または5,000円、保険入院は7,000円または10,000円。",2000,特別個室(2タイプ／設備・広さが異なります）
11567,1,True,１日２５００円～５５００円,,
11569,1,True,,,
11571,1,True,"6,000円",6000,
11571,5,True,"15,000円",15000,ツインベッドルーム
11574,5,True,"1日あたり8,000円
1泊2日16,000円",1,特別室
11575,1,True,"個室A　11000円
個室B　10000円
個室C　6000円
個室D　4000円
1泊2日分の差額ベッド費用",11000,
11577,1,True,2000円～5000円,2000,
11577,5,,,,トイレ・シャワー付き
11580,1,True,トイレシャワー付個室１泊あたり８千円　トイレシャワー無個室　１泊あたり５千円家族部屋（和洋室）１泊あたり８千円　　　　　,,
11583,1,True,5000・10000,5000,
11586,1,True,3500,3500,
11590,1,True,,,
11590,2,True,206号室（回復室OP後等）：10000円,206,
11590,5,,,,303・305号室（シャワー室と御手洗が共同個室）：12500円　その他（通常個室）：15000円　
11602,1,True,"6,500円
10,000円
16,000円の3種",6500,
11604,1,True,18000,18000,
11604,2,True,12000,12000,
11604,4,True,10000,10000,
11604,5,True,"22,000～24,000",22000,特別室
11616,1,True,,,
11616,5,True,,,全室トイレ・シャワー付き
11618,1,True,1泊あたり4000〜8000円,1,
11619,1,True,"1．必要　　2．3,300円",1,
11619,4,True,1.費用なし,1,
11621,1,True,個室：1泊あたり 14.000円　　　　　　　　特室：1泊あたり 24.000円,1,
11623,1,True,,,
11623,2,True,,,
11628,1,True,6000,6000,
11628,2,True,0,0,
11629,1,True,"10,000円/泊",10000,
11630,4,True,5000,5000,
11631,1,True,,,
11631,4,True,,,
11631,5,True,,,
11632,1,True,特別室：1泊　10500円　A個室：1泊　8000円　B個室：1泊　6500円,1,
11633,1,True,,,
11634,1,True,"個室A：1泊あたり9,000円、個室B：1泊あたり6,000円",1,
11636,1,True,"一般室：　１泊あたり　10,000円",10000,
11636,5,True,"特別室：　１泊あたり　20,000円
準特別室：　１泊あたり　18,000円",20000,"特別室
準特別室"
11641,1,True,1泊あたり11000円　1泊あたり16500円,1,
11642,1,True,,,
11646,1,True,３０００円　～ ８０００円,,
11646,2,True,２０００円,,
11650,1,True,,,
11650,5,True,７０００円,,特別室
11657,1,True,,,
11662,1,True,5000円,5000,
11674,1,True,,,
11685,1,True,"普通病室：１泊あたり10,000円　",10000,
11685,5,True,"特別室A（洋室）：１泊あたり３0,000円　特別室B（和室）：１泊あたり20,000円",0,特別室A（洋室）　特別室B（和室）
11691,1,True,24000円,24000,
11691,5,,,,和室、洋室
11697,5,True,"20,000円",20000,家族も泊まれる特別室　面会制限なし
11702,1,True,全部屋　個室　入院費に含む,,
11702,5,True,"分娩入院（４泊５日）追加　10,000円",10000,特別室あり　　室内に洗面あり
11712,5,True,"宿泊のみ1000円/泊
宿泊+食事3食7000円/泊",1000,産婦の入院室にパートナーが一緒に入院する場合
11734,1,True,"4,950円～16,500円",4950,
11753,4,True,15000,15000,
11753,5,,,,和室タイプと洋室タイプの選択ができる。どちらも宿泊費は同額。
11762,1,True,2000,2000,
11762,5,,,,全室個室
11773,5,True,1日3000円　,1,"一部屋のみ差額が必要な部屋あり
お風呂・シャワー付き"
11774,1,True,,,
11779,5,,,,和室
11822,1,True,,,
11851,1,True,,,
11877,5,,,,畳部屋、ベット部、できるだけ希望に沿う
11960,1,True,"4,000円",4000,
11964,1,True,"①1泊あたり8000円
②1泊あたり7000円
③1泊あたり5000円",1,
11964,5,True,"①1泊あたり8000円
②1泊あたり7000円
③1泊あたり5000円",1,"①テレビ・トイレ・シャワー・応接セット
②テレビ・トイレ・シャワー・応接セット
③テレビ・トイレ"
11970,1,True,"個室：一泊あたり13,000円
特別室：一泊あたり15,000円",13000,
11970,4,True,"一泊あたり3,000円",3000,
11972,5,True,"・スターンダード個室の差額費用はありません
・洋室タイプおよび小上がりタイプ：2,500円/日
・特室：30,000円/日
※家族宿泊費用が別途かかります",2500,"・全個室 シャワー・トイレ完備
＜個室タイプ（全4タイプ）＞
特室、小上がり、洋室、スタンダード"
11973,1,True,0～12000円,0,
11995,1,True,1泊あたり：14000円～15000円（入院料を含む）,1,
11995,2,True,1泊あたり：9000円（入院料を含む）,1,
11995,5,True,1泊あたり：16000円～17000円（入院料を含む）,1,特室
12000,1,True,"1必要　2.10.000～15,000円/1日当たり",1,
12000,3,True,差額費用無し,,
12000,4,True,差額費用無し,,
12001,1,True,"1泊20,000円～13,200円",1,
12003,1,True,,,
12008,1,True,3000～5000円,3000,
12013,1,True,～８０００円,,
12013,2,True,～６０００円,,
12014,1,True,"1泊につき12,000円",1,
12014,5,True,"1泊につき20,000円　室内にシャワー、トイレ、洗面台あり　ベッドはセミダブルの広さ",1,特別室
12017,1,True,7000～8500,7000,
12018,1,True,,,
12020,1,True,5000円、シャワー付き8000円,5000,
12022,1,True,6000,6000,
12022,2,True,4000,4000,
12022,5,True,8000,8000,特別室
12026,1,True,"￥8,000～￥16,000",8000,
12027,5,True,,,一般個室より広い個室
12028,5,True,2000円のタイプと3000円のタイプがあります,2000,入院はすべて個室（バストイレ付）です。一部に差額が発生する個室があります。差額の個室は広い部屋になります。その他の個室には差額は発生しません。
12030,5,True,1日あたり７５００円,1,トイレ・シャワー付個室
12032,1,True,"4,400円",4400,
12032,2,True,"2,200円",2200,
12034,1,True,"1泊あたり　3,000円",1,
12034,5,True,要確認,,ファミリールーム
12035,1,True,1泊あたり11000円～16000円,1,
12035,5,True,1泊あたり23000円,1,特別室
12042,1,True,"自費診療の場合：1日あたり0円
保険診療の場合：1日あたり3500円",1,
12042,5,True,"自費診療の場合：1日あたり5000円
保険診療の場合：1日あたり8000円",1,特別室
12057,1,True,,,
12057,2,True,,,
12089,1,True,"1泊あたり4,400円
1泊あたり5,500円
1泊あたり7,700円",1,
12089,3,True,1泊あたり1100円,1,
12090,1,True,1泊あたり　3000円,1,
12090,5,,,,ソファベッド付　4800円
12092,1,True,"B-無料、A-5,500円/日、特-8,800円/日",5500,
12093,1,True,,,
12094,5,True,"1,000～2,000円",1000,シャワー・トイレ完備
12096,1,True,2000～3500円,2000,
12096,5,True,,,トイレ、洗面化粧台あり
12097,1,True,10000,10000,
12099,1,True,16000～23000,16000,
12102,1,True,,,
12102,5,True,,,シャワールームあり
12103,1,True,,,
12107,1,True,"1泊5,000円",1,
12107,3,True,入院基本料に含まれます。,,
12107,5,True,"1泊6,000円",1,特別室：シャワー、トイレ、洗面付き
12111,5,True,全室個室でスタンダードはお部屋代無し、その他は1泊あたり差額部屋代3000円～12000円となる,1,全室個室
12114,1,True,,,
12116,1,True,"１泊あたり10,120円
１泊あたり7,040円",10120,
12116,2,True,"1泊あたり2,970円",1,
12117,1,True,"8,800円",8800,
12117,2,True,"5,280円",5280,
12119,1,True,,,
12119,2,True,,,
12120,1,True,個室…1日 5000円　特室…1日 8000円,1,
12121,1,True,"11,600円～61,000円",11600,
12126,1,True,,,
12127,1,True,"5,000円（1泊2日で2日分）",5000,
12127,5,True,"15,000円（1泊2日で2日分）",15000,特別個室
12132,1,True,"LT：1泊あたり　40,000円
SJ：1泊あたり　80,000円
LDR：1泊あたり　120,000円
SP2：1泊あたり　144,000円
SP1：1泊あたり　192,000円",1,
12134,1,True,個室利用料：1泊あたり1万円,1,
12136,1,True,"2.A個室9,900円C個室5,500円",2,
12136,5,True,"10,000円",10000,LDR
12140,1,True,,,
12140,4,True,"シャワー有り個室：1泊あたり3,000円
特別室A：1日あたり8,000円
特別室B：1日あたり5,000円",1,
12140,5,,,,全室個室で、シャワー無し（共同シャワー利用）は差額費用はありません。
12150,1,True,"2,000円（トイレ・洗面つき）",2000,
12150,5,True,"5,000円",5000,浴室・トイレ・洗面つき、家族宿泊可
12151,5,True,15000円,15000,特別室・LDR室
12152,5,True,,,シャワー付きの広い部屋
12167,1,True,,,
12168,1,True,"1泊あたり9,000円
1泊あたり11,000円
1泊あたり13,000円",1,
12168,2,True,"1泊あたり7,000円",1,
12170,1,True,"スタンダード：14,000円
ジュニアスイート：16,000円
スイートルーム：19,000円",14000,
12178,1,True,,,
12195,1,True,１万円～２万円,,
12195,5,True,１万円～２万円,,旦那様と泊まれる特別室あり
12196,1,True,１日あたり12000円,12000,
12196,5,,,,特別室
12203,1,True,12800円,12800,
12203,5,True,25800円,25800,特別室
12229,1,True,"5,500円",5500,
12230,1,True,"5,500円～13,860円",5500,
12234,1,True,11000,11000,
12236,1,True,4830,4830,
12239,1,True,,,
12240,1,True,３３００円～８８００円,,
12242,1,True,￥10000/泊（半田市内在住者の割引あり）,10000,
12245,1,True,12000円　15000円　20000円,12000,
12245,4,True,,,
12248,1,True,"個室A：西宮市民：10,560円、西宮市民以外：13,750円
個室B:西宮市民：27,500円、西宮市民以外：35,750円",10560,
12248,2,True,"西宮市民：7,590円
西宮市民以外：9,900円",7590,
12248,5,,,,緩和ケア病床
12249,1,True,"市内の方7,920円　市外の方10,340円",7920,
12249,5,True,"市内の方17,820円　市外の方23,210円",17820,特別室
12251,1,True,https://hospital.tottori.tottori.jp/hospitalization/room.html　ご参照ください,,
12252,1,True,"特別室Ａ：1泊当たり13,200円
特別室C＊：1泊あたり8,250円",1,
12252,4,True,"特別室D：1泊当たり2,420円",1,
12254,1,True,"個室A   2,750円
個室B   2,200円
特別室  3,300円",2750,
12254,2,True,"1,100円",1100,
12255,1,True,"普通個室:1日あたり 4,400円（税込）
特別個室:1日あたり 8,800円（税込）",1,
12255,5,True,,,
12258,1,True,"特別室（3室）11,000円/日
個室A（31室）5,500円/日
個室B（8室）4,400円/日",3,
12259,1,True,"4,400円、5,500円、6,600円、7,700円、8,800円、13,200円、16,500円、22,000円",4400,
12259,2,True,"3,300円",3300,
12260,1,True,"1泊あたり3,300円(税込)　※2部屋
1泊あたり2,200円(税込)　※1部屋",1,
12262,1,True,"3,850円～15,400円",3850,
12262,2,True,"3,300円、4,950円",3300,
12263,1,True,3300円、5500円,3300,
12308,1,True,,,
12356,1,True,20000,20000,
12356,4,True,20000,20000,
12356,5,True,20000,20000,シャワー付き個室
12462,1,True,①1泊あたり6千円6室　②1泊あたり3千円3室,1,
12462,2,True,差額費用不要,,
12462,4,True,差額費用不要,,
12462,5,,,,①ユニットバス、トイレ　②個室のみ
12488,1,True,5000円,5000,
12539,1,True,￥7500~9500,7500,
12544,1,True,,,
12575,1,True,"B1,2,3,5	：　1泊あたり　8,800円
B6	：　1泊あたり　9,900円
B7	：　1泊あたり　7,700円",1235,
12590,1,True,個室A：5500円、個室B：3300円,5500,
15412,1,True,,,
15414,1,True,"一般個室A：1泊あたり6000円
一般個室B：1泊あたり8000円
シャワー付個室A：1泊あたり10000円
シャワー付個室B：1泊あたり12000円",1,
