facility_name,normalized_name,listing_count,provider_entity_count,provider_ids,birth_navi_ids,municipality_codes,addresses,phones,review_reason
tanagocoro-miroku みろく助産院,tanagocoromirokuみろく助産院,9,8,GCP-14742;GCP-14768;GCP-14805;GCP-14806;GCP-14818;GCP-14840;GCP-14845;GCP-14850,14742;14768;14805;14806;14818;14840;14845;14850;15399,40100;40205;40207;40210;40212;40217;40220;40223;40229,北九州市八幡西区光明2丁目,09029637548,same_name_multiple_provider_entities_not_automatically_merged
ひまわり助産院,ひまわり助産院,9,9,GCP-11802;GCP-11858;GCP-11872;GCP-12602;GCP-13126;GCP-13528;GCP-13642;GCP-14072;GCP-14166,11802;11858;11872;12602;13126;13528;13642;14072;14166,11219;12235;14211;16211;17201;23210;23212;26100;26102,上尾市富士見 || 京都市上京区東堀川通り丸太町上る六丁目210-1 || 京都府京都市上京区東堀川通丸太町上る六町目210番地１ || 千葉県匝瑳市野手１７１４６ー９３７ || 安城市井杭山町一本木3-13 || 射水市戸破1542－12 || 愛知県刈谷市池田町１－１－９ || 石川県金沢市泉野出町４丁目１３番２２号 || 秦野市堀西461-1-105,0479673132;0566273613;0566774384;0752312273;0762424742;0766578377;08058611081;09032752169;09099619089,same_name_multiple_provider_entities_not_automatically_merged
にじいろ助産院,にじいろ助産院,8,6,GCP-11730;GCP-11879;GCP-13234;GCP-13625;GCP-14873;GCP-15475,11730;11879;13234;13625;14235;14333;14873;15475,12228;12329;16202;27123;27203;28202;40224;40621,大阪市淀川区十三東４－３－４９ || 大阪府大阪市淀川区十三東４丁目３番４９号 || 大阪府大阪市淀川区十三東４－３－４９ || 福岡県福津市本木１２３０の４ || 高岡市石瀬２６５－５,0661951706;0766229369;09025890514;09082665634,same_name_multiple_provider_entities_not_automatically_merged
いのちのもり合同会社,いのちのもり合同会社,7,7,GCP-12719;GCP-12721;GCP-12722;GCP-12725;GCP-12726;GCP-12727;GCP-12729,12719;12721;12722;12725;12726;12727;12729,01636;01637;01638;01641;01642;01643;01646,,,same_name_multiple_provider_entities_not_automatically_merged
さくら助産院,さくら助産院,7,7,GCP-11806;GCP-11902;GCP-11910;GCP-13622;GCP-14149;GCP-14343;GCP-15496,11806;11902;11910;13622;14149;14343;15496,01103;11102;13117;16202;24205;28203;28226,兵庫県淡路市志筑新島６－９ || 北区赤羽西６-３４-１ || 北海道札幌市東区北十六条東十四丁目一番十号 || 埼玉県さいたま市北区日進町２丁目１０１２－１１ || 高岡市伏木矢田２１－１３,0117211778;0487954568;0799625030;08069147626;09020355726;09079494645;09081494380,same_name_multiple_provider_entities_not_automatically_merged
個人助産師,個人助産師,7,7,GCP-12855;GCP-14310;GCP-14429;GCP-14430;GCP-14431;GCP-14432;GCP-14550,12855;14310;14429;14430;14431;14432;14550,04211;27222;30209;33663,,0223221116,same_name_multiple_provider_entities_not_automatically_merged
助産院COCORO,助産院cocoro,7,4,GCP-14998;GCP-15034;GCP-15036;GCP-15038,14998;15034;15036;15038;15040;15041;15042,43203;43501;43505;43506;43510;43512;43514,人吉市浪床町3250-73 || 人吉市西間下町166-6 || 人吉市西間下町166番地6 || 人吉市西間下町字一本杉166-6 || 熊本県人吉市西間下166-6,,same_name_multiple_provider_entities_not_automatically_merged
あかり助産院,あかり助産院,6,5,GCP-11911;GCP-13408;GCP-13880;GCP-15190;GCP-15225,11911;13408;13880;15190;15217;15225,13210;21205;27207;47211;47311;47324,うるま市石川曙3-9-7 || 大阪府高槻市南平台１丁目10-22 || 小金井市本町5-13-11 メゾン・アラミス401号 || 郡上市和良町,0422077962;0726297789;09076813444;09082932996,same_name_multiple_provider_entities_not_automatically_merged
おひさま助産院,おひさま助産院,6,5,GCP-12750;GCP-13248;GCP-13631;GCP-13826;GCP-13843,12750;12764;13248;13631;13826;13843,02206;02402;13106;16206;20350;20385,十和田市東十三番町31-40 || 十和田市東十三番町31-42-5 || 台東区松が谷１丁目５−１６ || 滑川市清水町15-34 || 駒ケ根市赤穂,0176251840;09020920586;09024484669;09043648040,same_name_multiple_provider_entities_not_automatically_merged
そら助産院,そら助産院,6,5,GCP-12786;GCP-13960;GCP-13998;GCP-14008;GCP-14225,12786;13960;13991;13998;14008;14225,03215;22209;22226;22429;23100;27203,焼津市中根新田1224-5 || 焼津市中根新田1224－5 || 豊中市千里園３丁目６ー１０　千里園マンションＢ１０１ || 静岡県焼津市中根新田1137-1,0543748753;09056324451,same_name_multiple_provider_entities_not_automatically_merged
にこ助産院,にこ助産院,6,5,GCP-12179;GCP-12618;GCP-12682;GCP-12683;GCP-15305,12179;12618;12682;12683;13877;15305,01202;01362;01363;21201;21213;28201,函館市 || 各務原市川島渡町616-2 || 岐阜県各務原市川島渡町６１６番地２,0586898925;09027790315;09092165755,same_name_multiple_provider_entities_not_automatically_merged
たんぽぽ助産院,たんぽぽ助産院,5,5,GCP-11772;GCP-11903;GCP-14921;GCP-15419;GCP-15570,11772;11903;14921;15419;15570,04100;13118;16201;33202;42204,富山市大泉東町１丁目２ー１９ || 岡山県倉敷市中帯江２４－１１ || 東京都荒川区荒川１丁目３１−８ || 諫早市貝津町1661-5,0764223288;08064721181;0864361980;09026389406,same_name_multiple_provider_entities_not_automatically_merged
めぐみ助産院,めぐみ助産院,5,5,GCP-11701;GCP-11745;GCP-14794;GCP-14885;GCP-15698,11701;11745;14794;14885;15698,11230;14101;37201;40205;40621,埼玉県新座市野火止６−１５−１０ || 柳川市弥四郎町222-3 || 神奈川県横浜市鶴見区寺谷２－１５－１８ || 高松市林町,0455718503;0484784489;09013408916;09052625494,same_name_multiple_provider_entities_not_automatically_merged
個人事業主助産師,個人事業主助産師,5,5,GCP-12976;GCP-12977;GCP-12978;GCP-12979;GCP-12980,12976;12977;12978;12979;12980,08219,,,same_name_multiple_provider_entities_not_automatically_merged
出張専業助産師,出張専業助産師,5,5,GCP-13143;GCP-13144;GCP-13145;GCP-13146;GCP-13147,13143;13144;13145;13146;13147,11230,,,same_name_multiple_provider_entities_not_automatically_merged
在宅助産師,在宅助産師,5,5,GCP-13608;GCP-13612;GCP-13615;GCP-13616;GCP-14369,13608;13612;13615;13616;14369,15226;15227;15461;15504;28585,,,same_name_multiple_provider_entities_not_automatically_merged
あゆみ助産院,あゆみ助産院,4,4,GCP-11781;GCP-13657;GCP-15597;GCP-15648,11781;13657;15597;15648,17206;20202;23100;28201,長野県松本市渚３－６－１５,0263282511;09065571082;09080748120;09097671763,same_name_multiple_provider_entities_not_automatically_merged
こもれび助産院,こもれび助産院,4,4,GCP-13297;GCP-14042;GCP-14102;GCP-15005,13297;14042;14102;15005,13115;23201;23231;43210,杉並区荻窪3丁目48番10号ロイヤル須田204号室 || 熊本県菊池郡大津町杉水2717,07023374596;07044885848;08015996373,same_name_multiple_provider_entities_not_automatically_merged
なぎ助産院,なぎ助産院,4,3,GCP-11905;GCP-14434;GCP-15725,11905;14434;15725;15732,30209;30341;40217;40219,和歌山県岩出市水栖２６４番地の２ || 福岡市早良区田村,0736680320;08039658272;0809658272,same_name_multiple_provider_entities_not_automatically_merged
まある助産院,まある助産院,4,4,GCP-13962;GCP-14438;GCP-14464;GCP-15724,13962;14438;14464;15724,22209;30391;31202;40217,牧之原市細江501 || 田辺市秋津町96-7 || 福岡市早良区高取 || 米子市西福原7-9-48,08038108300;08052410615;0859302893,same_name_multiple_provider_entities_not_automatically_merged
ゆい助産院,ゆい助産院,4,4,GCP-11866;GCP-13090;GCP-14614;GCP-15366,11866;13090;14614;15366,11100;34106;34205;35208,上尾市小敷谷７６５−２２ || 岩国市海土路町２丁目57-7 || 広島県広島市安佐北区可部８丁目６ー８,08071730320;09097306530,same_name_multiple_provider_entities_not_automatically_merged
助産院おむすび,助産院おむすび,4,4,GCP-13766;GCP-13810;GCP-13811;GCP-15762,13766;13810;13811;15762,20204;20214;43215,天草市楠浦町1038-6 || 茅野市玉川4233,09015188258;09035400694,same_name_multiple_provider_entities_not_automatically_merged
群馬県助産師会,群馬県助産師会,4,4,GCP-13060;GCP-13069;GCP-13074;GCP-13077,13060;13074;13077;15451,10202;10204;10384;10444,前橋市六供町2-51-11 || 群馬県太田市丸山町２５０−７,0276375660,same_name_multiple_provider_entities_not_automatically_merged
菜の花助産院,菜の花助産院,4,3,GCP-11698;GCP-13770;GCP-13808,11698;13770;13808;13833,20204;20214;20361;40205,原村17217-351 || 福岡県飯塚市津原６６３－９,0266787957;08020205797;0948230317,same_name_multiple_provider_entities_not_automatically_merged
あい助産院,あい助産院,3,2,GCP-12875;GCP-14797,12875;14797;14801,05214;40205;40207,大牟田市天領町1-39 || 大牟田市天領町１－３９ || 由利本荘市,09013983499;09025035434;09025035734,same_name_multiple_provider_entities_not_automatically_merged
いちご助産院,いちご助産院,3,2,GCP-11886;GCP-13707,11886;13707;15117,18210;46208;46216,敦賀市山泉 || 日置市伊集院町猪鹿倉４８４ || 鹿児島県日置市伊集院町猪鹿倉４８４－９,08017750558;09077409475;0992080017,same_name_multiple_provider_entities_not_automatically_merged
かねこ助産院,かねこ助産院,3,3,GCP-13618;GCP-13971;GCP-14511,13618;13971;14511,16201;22215;33202,富山市新川原町５-21 木町テラス1階,08053354923;09044258065,same_name_multiple_provider_entities_not_automatically_merged
このは助産院,このは助産院,3,2,GCP-14717;GCP-15395,14717;15395;15397,39201;39205;39386,高知市一宮東町 || 高知市一宮東町５丁目６-19-３,09010061390,same_name_multiple_provider_entities_not_automatically_merged
すみれ助産院,すみれ助産院,3,3,GCP-12953;GCP-12991;GCP-13875,12953;12991;13875,08205;08230;21201,石岡市 || 関市武芸川町八幡810-1,08069186314;09080395434,same_name_multiple_provider_entities_not_automatically_merged
たけのこ助産院,たけのこ助産院,3,3,GCP-13623;GCP-15123;GCP-15309,13623;15123;15309,16202;28201;46215,薩摩川内市城上町,09033221670;09072501255,same_name_multiple_provider_entities_not_automatically_merged
たらちね助産院,たらちね助産院,3,3,GCP-13293;GCP-13661;GCP-13672,13293;13661;13672,13114;17209;17361,"杉並区高井戸東４－７－７　
サニーコーポ高井戸東１Ｆ || 金沢市七ツ屋ニ5-1",0333315606;09032947076,same_name_multiple_provider_entities_not_automatically_merged
なお助産院,なお助産院,3,3,GCP-13019;GCP-14800;GCP-14920,13019;14800;14920,09201;40207;42204,みやま市山川町原町390-2 || 宇都宮市西一の沢町１４－５７ || 諫早市泉町15-17,08017950817;09084163902,same_name_multiple_provider_entities_not_automatically_merged
ひだまり助産院,ひだまり助産院,3,3,GCP-11901;GCP-14831;GCP-14882,11901;14831;14882,21216;40219;40621,岐阜県瑞穂市呂久１０４１,07022191988;09094022474,same_name_multiple_provider_entities_not_automatically_merged
ふわり助産院,ふわり助産院,3,3,GCP-15124;GCP-15447;GCP-15771,15124;15447;15771,09361;46201;46215,薩摩川内市平佐町 || 鹿児島市上之園4-20　トーカンマンション共研公園６０１ || 鹿沼市西茂呂4丁目9-15　オピュロンスA棟,09020813314;09022614981;09049969641,same_name_multiple_provider_entities_not_automatically_merged
まゆみ助産院,まゆみ助産院,3,3,GCP-13504;GCP-13660;GCP-13673,13504;13660;13673,14203;17209;17361,厚木市愛甲東１丁目８－１４ || 金沢市割出町３４２－６,0462300748;09077449913,same_name_multiple_provider_entities_not_automatically_merged
まる助産院,まる助産院,3,3,GCP-14389;GCP-14398;GCP-14832,14389;14398;14832,29205;29344;40219,,07041711084;07076395054,same_name_multiple_provider_entities_not_automatically_merged
ゆう助産院,ゆう助産院,3,3,GCP-11749;GCP-14689;GCP-14817,11749;14689;14817,27227;38202;40217,大阪府東大阪市小阪１丁目４番３７号 || 福岡市東区香椎,0678982203;07092875318,same_name_multiple_provider_entities_not_automatically_merged
レ・アーリ助産院,レアーリ助産院,3,3,GCP-13186;GCP-13217;GCP-13225,13186;13217;13225,12204;12224;12231,鎌ケ谷市軽井沢字遠山２０９８－１ || 鎌ヶ谷市 || 鎌ヶ谷市軽井沢２０９８－１,0474043655;07031322536,same_name_multiple_provider_entities_not_automatically_merged
個人の助産師,個人の助産師,3,3,GCP-13245;GCP-13246;GCP-13331,13245;13246;13331,13105;13119,,,same_name_multiple_provider_entities_not_automatically_merged
助産院asa,助産院asa,3,2,GCP-15396;GCP-15757,15396;15398;15757,39205;39386;42322,南国市 || 諫早市栄田町,09054878760,same_name_multiple_provider_entities_not_automatically_merged
助産院　向日葵,助産院向日葵,3,2,GCP-14827;GCP-14843,14827;14843;14851,40219;40223;40230,福岡市中央区地行,09078530120,same_name_multiple_provider_entities_not_automatically_merged
助産院となりのミットワイフ,助産院となりのミットワイフ,3,2,GCP-14958;GCP-15032,14958;15032;15760,43100;43206;43442,熊本市東区下南部2-15-11 || 熊本市東区下南部2丁目15-11 || 熊本市東区下南部3丁目2-100,07047432538;09073977698;0962846495,same_name_multiple_provider_entities_not_automatically_merged
千葉県助産師会印旛地区部会,千葉県助産師会印旛地区部会,3,3,GCP-13198;GCP-13199;GCP-13232,13198;13199;13232,12211;12212;12322,,,same_name_multiple_provider_entities_not_automatically_merged
幸助産院,幸助産院,3,3,GCP-13831;GCP-13844;GCP-14010,13831;13844;14010,20350;20385;23100,駒ケ根市赤穂,09033436330;09099440866,same_name_multiple_provider_entities_not_automatically_merged
晴助産院,晴助産院,3,2,GCP-14229;GCP-14784,14229;14332;14784,27203;28202;40205,中間市垣生 || 大阪市淀川区塚本2丁目1番6号 || 大阪市淀川区塚本２－１－６,07084318161,same_name_multiple_provider_entities_not_automatically_merged
飯藤産婦人科,飯藤産婦人科,3,2,GCP-11032;GCP-11207,11032;11207;14249,27203;27205;27223,吹田市泉町５－６－６ || 大阪府吹田市泉町５丁目６－６ || 大阪府門真市末広町２－７,0663880141;0669090815,same_name_multiple_provider_entities_not_automatically_merged
BAO,bao,2,2,GCP-15174;GCP-15212,15174;15212,47209;47308,名護市為又1220-71 || 名護市為又1220-71　１号館F区画,08064815491;09019425170,same_name_multiple_provider_entities_not_automatically_merged
Blue one,blueone,2,2,GCP-13006;GCP-15441,13006;15441,08442;08443,,,same_name_multiple_provider_entities_not_automatically_merged
Ohana 母乳育児相談室,ohana母乳育児相談室,2,2,GCP-12634;GCP-12674,12634;12674,01205;01230,,,same_name_multiple_provider_entities_not_automatically_merged
SUNFLOWER助産院,sunflower助産院,2,2,GCP-13483;GCP-13543,13483;13543,14150;14216,相模原市,09047077696,same_name_multiple_provider_entities_not_automatically_merged
あおい助産所,あおい助産所,2,2,GCP-15260;GCP-15498,15260;15498,13120;25201,練馬区関町南1-2-27,08038291223;08046338467,same_name_multiple_provider_entities_not_automatically_merged
あお助産院,あお助産院,2,2,GCP-11855;GCP-13734,11855;13734,19366;23101,富士宮市山宮11－11 || 愛知県名古屋市千種区本山町１－１８－２,08080508007;09051174569,same_name_multiple_provider_entities_not_automatically_merged
あかね助産院,あかね助産院,2,2,GCP-11869;GCP-15726,11869;15726,24441;40217,三重県多気郡多気町笠木６２０ || 福岡市博多区吉塚,09017468843;09088325215,same_name_multiple_provider_entities_not_automatically_merged
いずみ助産院,いずみ助産院,2,2,GCP-14893;GCP-15081,14893;15081,41201;45201,宮崎市波島一丁目1番71－1号,07054018814;09094040362,same_name_multiple_provider_entities_not_automatically_merged
うえだ助産院,うえだ助産院,2,2,GCP-13589;GCP-13934,13589;13934,15100;22100,新潟市秋葉区大鹿591 || 静岡市清水区,09082576927;09092261203,same_name_multiple_provider_entities_not_automatically_merged
うみのわ助産院,うみのわ助産院,2,2,GCP-14454;GCP-14471,14454;14471,31201;31302,,,same_name_multiple_provider_entities_not_automatically_merged
おおたレディースクリニック,おおたレディースクリニック,2,2,GCP-11166;GCP-11553,11166;11553,14214;28201,兵庫県姫路市砥堀229-1 || 神奈川県伊勢原市伊勢原2-2-12,0463930383;0792655335,same_name_multiple_provider_entities_not_automatically_merged
おぎた助産院,おぎた助産院,2,2,GCP-12695;GCP-12703,12695;12703,01543;01550,北見市緑ヶ丘2丁目4-2 || 北見市緑ヶ丘4-2,0157227239;09087067526,same_name_multiple_provider_entities_not_automatically_merged
きむら助産所,きむら助産所,2,2,GCP-14723;GCP-15713,14723;15713,39205;39307,高知市薊野北町4丁目12-5リビングタウン薊野202,08084961646;09068877060,same_name_multiple_provider_entities_not_automatically_merged
きらり助産院,きらり助産院,2,2,GCP-11926;GCP-14776,11926;14776,09213;40205,栃木県那須塩原市四区町７２７番地２６１,0287477754;09052943368,same_name_multiple_provider_entities_not_automatically_merged
くじら助産院,くじら助産院,2,2,GCP-13324;GCP-13651,13324;13651,13119;17203,小松市埴田町ト6-1 || 板橋区赤塚2-25-21,07032041016;09060342309,same_name_multiple_provider_entities_not_automatically_merged
くまさんの助産所,くまさんの助産所,2,2,GCP-14977;GCP-15022,14977;15022,43100;43403,合志市幾久富1656-29PEACEFUL first B || 熊本県合志市幾久富１６５６番地２９,07086458708;07089458708,same_name_multiple_provider_entities_not_automatically_merged
こっ子まんま助産院,こっ子まんま助産院,2,2,GCP-12751;GCP-12765,12751;12765,02206;02405,十和田市西二一番町52番38－15 || 十和田市西二十一番町52-38-15,0176241843,same_name_multiple_provider_entities_not_automatically_merged
さち助産院,さち助産院,2,2,GCP-13652;GCP-13956,13652;13956,17203;22209,小松市上本折町 || 藤枝市駅前3-6-11,08030442434;09068086684,same_name_multiple_provider_entities_not_automatically_merged
さとう助産院,さとう助産院,2,2,GCP-11794;GCP-14934,11794;14934,08207;42213,茨城県結城市結城１２０７８－１１ || 雲仙市吾妻町永中名808-1,09043725970;09050234618,same_name_multiple_provider_entities_not_automatically_merged
しおり助産院,しおり助産院,2,2,GCP-14521;GCP-14968,14521;14968,33207;43100,広島県福山市神辺町上御領82－1 || 熊本市南区城南町下宮地1109-4　ひばりニュータウン3号室,08015389628;0849675377,same_name_multiple_provider_entities_not_automatically_merged
すこやか助産院,すこやか助産院,2,2,GCP-11860;GCP-15583,11860;15583,22130;23234,愛知県北名古屋市鹿田廻間８３ || 浜松市中央区瓜内町148,0568215503;09033074580,same_name_multiple_provider_entities_not_automatically_merged
たかはし助産院,たかはし助産院,2,2,GCP-13107;GCP-13357,13107;13357,11207;13122,葛飾区柴又１－26－15 || 長瀞町岩田865,08065500438;08066303958,same_name_multiple_provider_entities_not_automatically_merged
つむぐ助産院,つむぐ助産院,2,2,GCP-14956;GCP-15103,14956;15103,43100;46201,熊本市東区小山3-9-103 || 鹿児島市伊敷台7丁目12-3,09016782648;09083536729,same_name_multiple_provider_entities_not_automatically_merged
とも助産院,とも助産院,2,2,GCP-12133;GCP-13149,12133;13149,11232;27123,大阪府大阪市淀川区 || 桶川市坂田西2丁目8番地17,08012469800;08061030711,same_name_multiple_provider_entities_not_automatically_merged
なかむらレディースクリニック,なかむらレディースクリニック,2,2,GCP-11083;GCP-12502,12502;14624,27125;35216,大阪府大阪市住之江区西住之江１－１－３１　Ｎ．ＫＬＡＳＳ住ノ江１階 || 萩市大字熊谷町１０８番地,0666751211,same_name_multiple_provider_entities_not_automatically_merged
なごみ助産院,なごみ助産院,2,2,GCP-14812;GCP-15130,14812;15130,40217;46218,大野城市筒井4丁目11-1-101 || 霧島市溝辺町竹子1463,08017040734;09079806643,same_name_multiple_provider_entities_not_automatically_merged
にじのわ助産院,にじのわ助産院,2,2,GCP-12817;GCP-14415,12817;14415,04100;30201,宮城県気仙沼市内の脇1－11－4,08022546696;09078743536,same_name_multiple_provider_entities_not_automatically_merged
のっち助産所,のっち助産所,2,2,GCP-12936;GCP-15437,12936;15437,07303;07546,福島県二本松市油井字大森腰２０番１,0243236270;09048833818,same_name_multiple_provider_entities_not_automatically_merged
はしもと産婦人科,はしもと産婦人科,2,2,GCP-11066;GCP-14622,11066;14622,28102;35216,兵庫県神戸市灘区八幡町１－８－１５ || 宇部市大字東須恵1959番地10,0788224188,same_name_multiple_provider_entities_not_automatically_merged
ふたば助産院,ふたば助産院,2,2,GCP-11783;GCP-13329,11783;13329,13119;23201,愛知県豊橋市杉山町字知原１２－１３７０ || 練馬区桜台3-14-15　ルミエール201,0369147181;0532234103,same_name_multiple_provider_entities_not_automatically_merged
ほのぼの助産院,ほのぼの助産院,2,2,GCP-14058;GCP-15056,14058;15056,23206;44201,大分市寒田 || 小牧市城山五丁目68-4,08032849946;09071667467,same_name_multiple_provider_entities_not_automatically_merged
みき助産院,みき助産院,2,2,GCP-11837;GCP-13120,11837;13120,11214;26202,京都府舞鶴市喜多８４９➖４,07084871266;0773777153,same_name_multiple_provider_entities_not_automatically_merged
みさき助産院,みさき助産院,2,2,GCP-12897;GCP-13372,12897;13372,06211;13201,,07045430820;09022759628,same_name_multiple_provider_entities_not_automatically_merged
みのり助産院,みのり助産院,2,2,GCP-12937;GCP-15287,12937;15287,07303;25201,湖南市菩提寺1699番地,09052502300;09053570210,same_name_multiple_provider_entities_not_automatically_merged
みやもと産婦人科医院,みやもと産婦人科医院,2,2,GCP-14372;GCP-14548,14372;14548,28586;33643,,,same_name_multiple_provider_entities_not_automatically_merged
みゆき助産院,みゆき助産院,2,2,GCP-14665;GCP-14983,14665;14983,37201;43100,仲多度郡多度津町奥白方1183番地,08040333855;09036672573,same_name_multiple_provider_entities_not_automatically_merged
やよい助産院,やよい助産院,2,2,GCP-13795;GCP-14441,13795;14441,20208;30401,御代田町馬瀬口1688-2,09041657532;09088842295,same_name_multiple_provider_entities_not_automatically_merged
やんばる希望が丘助産院,やんばる希望が丘助産院,2,2,GCP-15206;GCP-15223,15206;15223,47306;47324,今帰仁村 || 今帰仁村兼次813-23,,same_name_multiple_provider_entities_not_automatically_merged
ゆいた助産院,ゆいた助産院,2,2,GCP-14686;GCP-15706,14686;15706,38201;38215,,,same_name_multiple_provider_entities_not_automatically_merged
ゆうき助産院,ゆうき助産院,2,2,GCP-15481;GCP-15569,15481;15569,13103;16201,港区白金1-25-15-302,0364245576;09037652792,same_name_multiple_provider_entities_not_automatically_merged
ゆきんこ助産院,ゆきんこ助産院,2,2,GCP-12831;GCP-13481,12831;13481,04100;14150,宮城郡利府町 || 相模原市中央区上溝3833-6,08090990415;09033664515,same_name_multiple_provider_entities_not_automatically_merged
ゆりかご助産院,ゆりかご助産院,2,2,GCP-11769;GCP-14522,11769;14522,21213;33207,岐阜県各務原市蘇原大島町１丁目４９番地,0583715155;09083623981,same_name_multiple_provider_entities_not_automatically_merged
よつば助産院,よつば助産院,2,2,GCP-13027;GCP-13626,13027;13626,09204;16202,佐野市堀米町3905番地２　ハイグレード若田部102号 || 高岡市戸出町５－４－５８,09082636522,same_name_multiple_provider_entities_not_automatically_merged
わたなべ助産院,わたなべ助産院,2,2,GCP-11758;GCP-15066,11758;15066,44201;44205,佐伯市大字長良３６５ー１ || 大分県佐伯市大字長良汐月３６５－１,09097940477;0972229955,same_name_multiple_provider_entities_not_automatically_merged
オハナ助産院,オハナ助産院,2,2,GCP-12692;GCP-13925,12692;13925,01453;22100,静岡市駿河区,09062151103;09091974925,same_name_multiple_provider_entities_not_automatically_merged
ノア助産院,ノア助産院,2,2,GCP-11803;GCP-13360,11803;13360,13122;22103,足立区綾瀬2-11-4第２フラワーコーポ１階 || 静岡県静岡市清水区下野町２－１,08041326445;09016199811,same_name_multiple_provider_entities_not_automatically_merged
ホーカベレディースクリニック,ホーカベレディースクリニック,2,2,GCP-11285;GCP-13714,11285;13714,18201;18210,勝山市鹿谷町志田8-3-1 || 福井県福井市左内町10-11,0776331467;0776360665,same_name_multiple_provider_entities_not_automatically_merged
マミー助産院,マミー助産院,2,2,GCP-11740;GCP-12716,11740;12716,01633;38213,上士幌町字上士幌東3線237番地53 || 愛媛県四国中央市土居町北野甲587－3,05037432669;0896746161,same_name_multiple_provider_entities_not_automatically_merged
一般社団法人　助産院いのちね,一般社団法人助産院いのちね,2,2,GCP-14451;GCP-14473,14451;14473,31201;31328,八頭郡智頭町中原３５９,0858710369,same_name_multiple_provider_entities_not_automatically_merged
中村レディースクリニック,中村レディースクリニック,2,2,GCP-11093;GCP-12152,11093;12152,28111;46201,兵庫県神戸市西区持子3丁目60-1 || 鹿児島県鹿児島市上本町９ー１４,0789254103;0992225510,same_name_multiple_provider_entities_not_automatically_merged
中村助産所,中村助産所,2,2,GCP-14395;GCP-14397,14395;14397,29211;29344,,,same_name_multiple_provider_entities_not_automatically_merged
中村産婦人科,中村産婦人科,2,2,GCP-11530;GCP-15672,11530;15672,11343;34207,埼玉県比企郡小川町大字大塚１１７６－１ || 福山市御幸町大字森脇115番地,0493720373;0849996841,same_name_multiple_provider_entities_not_automatically_merged
中谷助産所,中谷助産所,2,2,GCP-15259;GCP-15633,15259;15633,24207;27225,津市一身田平野767-16 || 高石市千代田5丁目10番19号,08032837848;09066608121,same_name_multiple_provider_entities_not_automatically_merged
佐賀県助産師会,佐賀県助産師会,2,2,GCP-14903;GCP-14906,14903;14906,41206;41424,,,same_name_multiple_provider_entities_not_automatically_merged
公立福生病院,公立福生病院,2,2,GCP-10592;GCP-13427,10592;13427,13218;13227,東京都福生市加美平一丁目６番地１ || 福生市加美平1-6-1,0425511111;0425551111,same_name_multiple_provider_entities_not_automatically_merged
出張専門助産師　umi.なぎさ,出張専門助産師umiなぎさ,2,2,GCP-13482;GCP-13530,13482;13530,14150;14212,,,same_name_multiple_provider_entities_not_automatically_merged
出張専門助産師みやした,出張専門助産師みやした,2,2,GCP-12644;GCP-12696,12644;12696,01208;01543,北見市,09013805522;09018906285,same_name_multiple_provider_entities_not_automatically_merged
出張専門助産所　にこ,出張専門助産所にこ,2,2,GCP-12951;GCP-13043,12951;13043,08204;09364,古河市雷電町9-62 || 茨城県古河市雷電町,08039340025;09069909020,same_name_multiple_provider_entities_not_automatically_merged
出張専門助産院tetoto,出張専門助産院tetoto,2,2,GCP-14455;GCP-14472,14455;14472,31201;31302,,,same_name_multiple_provider_entities_not_automatically_merged
助産師B,助産師b,2,2,GCP-13399;GCP-14320,13399;14320,13207;27226,,,same_name_multiple_provider_entities_not_automatically_merged
助産師C,助産師c,2,2,GCP-13400;GCP-14321,13400;14321,13207;27226,,,same_name_multiple_provider_entities_not_automatically_merged
助産師D,助産師d,2,2,GCP-13401;GCP-14322,13401;14322,13207;27226,,,same_name_multiple_provider_entities_not_automatically_merged
助産師E,助産師e,2,2,GCP-13402;GCP-14323,13402;14323,13207;27226,,,same_name_multiple_provider_entities_not_automatically_merged
助産院　糸,助産院糸,2,2,GCP-12659;GCP-14145,12659;14145,01217;24205,江別市大麻園町8-4 || 津市一色町（以下非公開）,0116000850;09018607988,same_name_multiple_provider_entities_not_automatically_merged
助産院そらいろ,助産院そらいろ,2,2,GCP-15282;GCP-15625,15282;15625,25201,守山市小島町1851-3,09040804086;09078738483,same_name_multiple_provider_entities_not_automatically_merged
助産院わがや,助産院わがや,2,2,GCP-15078;GCP-15094,15078;15094,45201;45208,宮崎市佐土原町下那珂791-5 || 宮崎県宮崎市佐土原町下那珂791番地5,0570087513;0985827513,same_name_multiple_provider_entities_not_automatically_merged
医療法人社団中部産婦人科医院,医療法人社団中部産婦人科医院,2,2,GCP-12148;GCP-14164,12148;14164,26100;26109,京都市伏見区向島二 丸町151-44 || 京都府京都市伏見区向島二ノ丸町151－44,0756221955;0756227470,same_name_multiple_provider_entities_not_automatically_merged
医療法人社団慶水会　前田産婦人科,医療法人社団慶水会前田産婦人科,2,2,GCP-11016;GCP-13551,11016;13551,14203;14341,平塚市松風町13-37 || 神奈川県平塚市松風町１６－１６,0463272322;0467272322,same_name_multiple_provider_entities_not_automatically_merged
千代の幸助産院,千代の幸助産院,2,2,GCP-15411;GCP-15745,15411;15745,42201;42322,長崎市三和町 || 長崎市三和町２１８－４４,09073801437;0958001203,same_name_multiple_provider_entities_not_automatically_merged
和み助産院,和み助産院,2,2,GCP-14565;GCP-14601,14565;14601,34205;35203,福山市三吉町 || 長門市仙崎1973,08026543862;08029492925,same_name_multiple_provider_entities_not_automatically_merged
大江助産院,大江助産院,2,2,GCP-14162;GCP-15626,14162;15626,25201;25204,近江八幡市中村町６６６,0748332451;09040351172,same_name_multiple_provider_entities_not_automatically_merged
委託助産師,委託助産師,2,2,GCP-14081;GCP-15118,14081;15118,23215;46210,,,same_name_multiple_provider_entities_not_automatically_merged
小山みね子助産師相談室,小山みね子助産師相談室,2,2,GCP-12840;GCP-12854,12840;12854,04100;04209,多賀城市伝上山4丁目1の30,0223655809;09062523926,same_name_multiple_provider_entities_not_automatically_merged
小林産婦人科,小林産婦人科,2,2,GCP-11407;GCP-12446,11407;12446,23234;27102,大阪府大阪市都島区都島北通１－１４－２２ || 愛知県北名古屋市西之保深坪８２番地２,0568223320;0669240934,same_name_multiple_provider_entities_not_automatically_merged
屋島総合病院,屋島総合病院,2,2,GCP-14669;GCP-15386,14669;15386,37201;37208,高松市 || 高松市屋島西町2105番17,08029962178;0878419141,same_name_multiple_provider_entities_not_automatically_merged
山本助産院,山本助産院,2,2,GCP-11702;GCP-14497,11702;14497,14108;32204,益田市隅村町767-2 || 神奈川県横浜市金沢区六浦2−１４−１２,0457886601;09071254438,same_name_multiple_provider_entities_not_automatically_merged
山田医院,山田医院,2,2,GCP-12463;GCP-13292,12463;13292,13114;23103,中野区中野２－１４－１７ || 愛知県名古屋市北区萩野通２－１０ー２,0333843555;0529812033,same_name_multiple_provider_entities_not_automatically_merged
岩元助産院,岩元助産院,2,2,GCP-15114;GCP-15121,15114;15121,46208;46215,出水市下鯖町１６９－２ || 薩摩川内市平佐,09044733996;09086692573,same_name_multiple_provider_entities_not_automatically_merged
市立池田病院,市立池田病院,2,2,GCP-10397;GCP-14257,10397;14257,27204,大阪府池田市城南３－１－１８ || 池田市城南3－1－8,0727512881,same_name_multiple_provider_entities_not_automatically_merged
愛助産院,愛助産院,2,2,GCP-11739;GCP-11823,11739;11823,11237;23206,埼玉県三郷市戸ヶ崎３－１７８－７ || 愛知県春日井市下条町７７５－７,0489512627;09091277008,same_name_multiple_provider_entities_not_automatically_merged
斎藤助産院,斎藤助産院,2,2,GCP-14600;GCP-15046,14600;15046,35203;44201,大分市大字佐野4058番地 || 萩市川島２５４-５,09033756696;0975934273,same_name_multiple_provider_entities_not_automatically_merged
斎藤産婦人科医院,斎藤産婦人科医院,2,2,GCP-12005;GCP-13823,12005;13823,20309;43210,佐久市中込1985-1 || 熊本県菊池市片角２９４－２,0267620823;0968241177,same_name_multiple_provider_entities_not_automatically_merged
木梨助産院,木梨助産院,2,2,GCP-12600;GCP-13950,12600;13950,22208,伊東市荻５６５番地の４６ || 静岡県伊東市,0557450002;09073099742,same_name_multiple_provider_entities_not_automatically_merged
板倉レディースクリニック,板倉レディースクリニック,2,2,GCP-11311;GCP-13781,11311;13781,20201;20207,長野市稲里1-12-12 || 長野県長野市稲里町中央１－１２－１２,0262910707,same_name_multiple_provider_entities_not_automatically_merged
武田産婦人科医院,武田産婦人科医院,2,2,GCP-11139;GCP-12563,11139;12563,22210;38201,愛媛県松山市木屋町１丁目５－１４ || 静岡県富士市宮島３３０－７,0545635122;0899243553,same_name_multiple_provider_entities_not_automatically_merged
母乳育児相談室　陽だまり,母乳育児相談室陽だまり,2,2,GCP-12624;GCP-13510,12624;13510,01204;14204,,0166736623;08068115212,same_name_multiple_provider_entities_not_automatically_merged
洋野町,洋野町,2,2,GCP-12800;GCP-12801,12800;12801,03507,岩手県九戸郡洋野町大野8-85-1 || 岩手県九戸郡洋野町種市22-1-1,0194653950;0194773576,same_name_multiple_provider_entities_not_automatically_merged
津永産婦人科,津永産婦人科,2,2,GCP-11324;GCP-14625,11324;14625,35215;35216,周南市川端町2丁目30 || 山口県周南市,0834218255,same_name_multiple_provider_entities_not_automatically_merged
清水産婦人科医院,清水産婦人科医院,2,2,GCP-10956;GCP-13783,10956;13783,20201;20207,長野市川中島原908-1 || 長野県長野市川中島町原９０８－１,0262193838,same_name_multiple_provider_entities_not_automatically_merged
産前産後ケア　ももはな助産院,産前産後ケアももはな助産院,2,2,GCP-14781;GCP-14803,14781;14803,40205;40207,宗像市泉が丘 || 宗像市泉ヶ丘,08017694886;09017694886,same_name_multiple_provider_entities_not_automatically_merged
産前産後ケアサロンMAMA LABO助産院,産前産後ケアサロンmamalabo助産院,2,2,GCP-14292;GCP-15636,14292;15636,27212;28100,大阪市生野区生野西1丁目10-23 || 神戸市東灘区御影中町６丁目1-11-1,09044038178;09099955941,same_name_multiple_provider_entities_not_automatically_merged
産前産後ケアサロンnyuwa,産前産後ケアサロンnyuwa,2,2,GCP-14719;GCP-14730,14719;14730,39201;39386,高知市福井町 || 高知県高知市福井町,,same_name_multiple_provider_entities_not_automatically_merged
福田母乳育児相談室,福田母乳育児相談室,2,2,GCP-14932;GCP-15744,14932;15744,42201;42212,長崎市魚の町 || 長崎市魚の町7-3　サンガーデン眼鏡橋1001,09049816178;0958292200,same_name_multiple_provider_entities_not_automatically_merged
秋田県助産師会,秋田県助産師会,2,2,GCP-12867;GCP-12870,12867;12870,05202;05206,,,same_name_multiple_provider_entities_not_automatically_merged
聖路加助産院マタニティケアホーム,聖路加助産院マタニティケアホーム,2,2,GCP-13237;GCP-13244,13237;13244,13101;13105,中央区明石町1-24 || 中央区明石町1丁目24番,0355507177;0362647070,same_name_multiple_provider_entities_not_automatically_merged
聖隷浜松病院,聖隷浜松病院,2,2,GCP-13977;GCP-13987,13977;13987,22221;22223,浜松市中央区住吉２丁目１２－１２,0534741261;0535742222,same_name_multiple_provider_entities_not_automatically_merged
芳賀赤十字病院,芳賀赤十字病院,2,2,GCP-10472;GCP-13035,10472;13035,09209;09214,栃木県真岡市中萩二丁目１０番地１ || 真岡市中郷271,0285822195;0570012195,same_name_multiple_provider_entities_not_automatically_merged
茨城県助産師会,茨城県助産師会,2,2,GCP-12943;GCP-12984,12943;12984,08201;08226,,,same_name_multiple_provider_entities_not_automatically_merged
西岡医院,西岡医院,2,2,GCP-14667;GCP-15385,14667;15385,37201;37208,高松市 || 高松市寺井町1385番地10,0878028838;0878852021,same_name_multiple_provider_entities_not_automatically_merged
陽だまり助産院,陽だまり助産院,2,2,GCP-13082;GCP-14256,13082;14256,11100;27204,さいたま市見沼区東大宮1-7-7 || 池田市石橋1－15－17,0487977806;08024240905,same_name_multiple_provider_entities_not_automatically_merged
高松市立みんなの病院,高松市立みんなの病院,2,2,GCP-12103;GCP-14677,12103;14677,37201;37341,香川県高松市仏生山町甲８４７番地１ || 高松市仏生山町甲847-1,0878137171,same_name_multiple_provider_entities_not_automatically_merged
麻の実助産所,麻の実助産所,2,2,GCP-11915;GCP-13335,11915;13335,13120,東京都練馬区中村南１－３５－１２ || 練馬区中村南1,0335770100;09017354047,same_name_multiple_provider_entities_not_automatically_merged
ＪＡ静岡厚生連遠州病院,ja静岡厚生連遠州病院,2,2,GCP-10266;GCP-13979,10266;13979,22138;22221,静岡県浜松市中央区中央一丁目1番1号,0534010050;0534531111,same_name_multiple_provider_entities_not_automatically_merged
