birth_navi_id,manual_choice,reviewed_by,reviewed_date
11795,birth_navi,Ryo Horiike,2026-10-05
11887,birth_navi,Ryo Horiike,2026-10-05
11122,mhlw_iryou_information_net,Ryo Horiike,2026-10-05
10038,mhlw_iryou_information_net,Ryo Horiike,2026-10-05
10855,mhlw_iryou_information_net,Ryo Horiike,2026-10-05
15078,mhlw_iryou_information_net,Ryo Horiike,2026-10-05
11282,birth_navi,Ryo Horiike,2026-10-05
11413,birth_navi,Ryo Horiike,2026-10-05
10469,birth_navi,Ryo Horiike,2026-10-05
12565,birth_navi,Ryo Horiike,2026-10-05
11728,birth_navi,Ryo Horiike,2026-10-05
11927,birth_navi,Ryo Horiike,2026-10-05
10861,birth_navi,Ryo Horiike,2026-10-05
12578,mhlw_iryou_information_net,Ryo Horiike,2026-10-05
10281,birth_navi,Ryo Horiike,2026-10-05
10957,birth_navi,Ryo Horiike,2026-10-05
12097,mhlw_iryou_information_net,Ryo Horiike,2026-10-05
15279,birth_navi,Ryo Horiike,2026-10-05
11740,birth_navi,Ryo Horiike,2026-10-05
12123,birth_navi,Ryo Horiike,2026-10-05
10780,birth_navi,Ryo Horiike,2026-10-05
11524,mhlw_iryou_information_net,Ryo Horiike,2026-10-05
11890,birth_navi,Ryo Horiike,2026-10-05
11308,birth_navi,Ryo Horiike,2026-10-05
10111,mhlw_iryou_information_net,Ryo Horiike,2026-10-05
10612,mhlw_iryou_information_net,Ryo Horiike,2026-10-05
11578,mhlw_iryou_information_net,Ryo Horiike,2026-10-05
12423,mhlw_iryou_information_net,Ryo Horiike,2026-10-05
10383,birth_navi,Ryo Horiike,2026-10-05
11558,birth_navi,Ryo Horiike,2026-10-05
11970,mhlw_iryou_information_net,Ryo Horiike,2026-10-05
10067,mhlw_iryou_information_net,Ryo Horiike,2026-10-05
11446,mhlw_iryou_information_net,Ryo Horiike,2026-10-05
11457,birth_navi,Ryo Horiike,2026-10-05
12023,birth_navi,Ryo Horiike,2026-10-05
12003,birth_navi,Ryo Horiike,2026-10-05
10470,mhlw_iryou_information_net,Ryo Horiike,2026-10-05
10645,mhlw_iryou_information_net,Ryo Horiike,2026-10-05
11237,birth_navi,Ryo Horiike,2026-10-05
12445,birth_navi,Ryo Horiike,2026-10-05
12562,birth_navi,Ryo Horiike,2026-10-05
11582,birth_navi,Ryo Horiike,2026-10-05
12305,birth_navi,Ryo Horiike,2026-10-05
12028,mhlw_iryou_information_net,Ryo Horiike,2026-10-05
