birth_navi_id,facility_name,birth_navi_address,birth_navi_latitude,birth_navi_longitude,match_class,official_source,official_id,official_name,official_address,official_latitude,official_longitude,official_source_date,distance_m_if_both,facility_type_code,facility_type,service_pattern
10038,社会福祉法人恩賜財団済生会支部大阪府済生会吹田病院,大阪府吹田市川園町１番２号,34.8139606,135.5571078,exact_name_pref_municipality_address,hospital,2711270002320,社会福祉法人恩賜財団済生会支部大阪府済生会吹田病院,大阪府吹田市川園町１番２号,34.761613,135.534629,2026-06-01,6172.2,1,病院,delivery+postnatal
10067,公立学校共済組合四国中央病院,愛媛県四国中央市川之江町２２３３,34.0163191,133.5775129,exact_name_pref_municipality_address,hospital,3811385100170,公立学校共済組合四国中央病院,愛媛県四国中央市川之江町２２３３,34.011432,133.581687,2026-06-01,665.8,1,病院,prenatal+delivery+postnatal
10111,沼津市立病院,静岡県沼津市東椎路字春ノ木５５０,35.1275922,138.8372252,exact_name_pref_municipality_address,hospital,2211225603940,沼津市立病院,静岡県沼津市東椎路字春ノ木５５０,35.119656,138.835144,2026-06-01,902.5,1,病院,prenatal+delivery+postnatal
10281,公立藤岡総合病院,群馬県藤岡市中栗須８１３番地１,36.2672687,139.0783972,exact_name_pref_municipality_address,hospital,1011100000068,公立藤岡総合病院,群馬県藤岡市中栗須８１３番地１,36.252886,139.076487,2026-06-01,1608.4,1,病院,prenatal+delivery+postnatal
10383,東海大学医学部付属八王子病院,東京都八王子市石川町１８３８,35.6732335,139.3569614,exact_name_pref_municipality_address,hospital,1311137304890,東海大学医学部付属八王子病院,東京都八王子市石川町１８３８,35.677165,139.363852,2026-06-01,760.6,1,病院,prenatal+delivery
10469,三沢市立三沢病院,青森県三沢市三沢字堀口１６４番地６５号,40.6693604,141.3898541,exact_name_pref_municipality_address,hospital,0210210000116,三沢市立三沢病院,青森県三沢市三沢字堀口１６４番地６５号,40.688859,141.403368,2026-06-01,2449.4,1,病院,prenatal+delivery
10470,山形県立中央病院,山形県山形市大字青柳１８００,38.3012489,140.3529214,exact_name_pref_municipality_address,hospital,061106530078,山形県立中央病院,山形県山形市大字青柳１８００,38.300115,140.34612,2026-06-01,606.8,1,病院,prenatal+delivery
10612,横須賀市立総合医療センター,神奈川県横須賀市神明町１番地８,35.2196215,139.7076787,exact_name_pref_municipality_address,hospital,1411431000594,横須賀市立総合医療センター,神奈川県横須賀市神明町１番地８,35.225678,139.70255,2026-06-01,818.9,1,病院,delivery+postnatal
10645,社会福祉法人　恩賜財団　済生会支部　福井県済生会　福井県済生会病院,福井県福井市和田中町舟橋７－１,36.0421041,136.2532078,exact_name_pref_municipality_address,hospital,1811180000250,社会福祉法人　恩賜財団　済生会支部　福井県済生会　福井県済生会病院,福井県福井市和田中町舟橋７－１,36.047394,136.252403,2026-06-01,592.6,1,病院,prenatal+delivery+postnatal
10855,旭川医科大学病院,北海道旭川市緑が丘東２条１丁目１番１号,43.7762654,142.3698175,exact_name_pref_municipality_address,hospital,0111010002130,旭川医科大学病院,北海道旭川市緑が丘東２条１丁目１番１号,43.729967,142.384425,2026-06-01,5280.2,1,病院,prenatal+delivery
10861,兵庫県立淡路医療センター,兵庫県洲本市塩屋１丁目１－１３７,34.3469915,134.8957461,exact_name_pref_municipality_address,hospital,2811280003440,兵庫県立淡路医療センター,兵庫県洲本市塩屋１丁目１－１３７,34.347395,134.877202,2026-06-01,1703.1,1,病院,prenatal+delivery+postnatal
10957,ゆしまウィメンズクリニック,東京都あきる野市牛沼131-3,35.7218409,139.2877833,exact_name_pref_municipality_address,clinic,1322138907400,ゆしまウィメンズクリニック,東京都あきる野市牛沼１３１－３,35.728935,139.274579,2026-06-01,1429.3,2,有床診療所,prenatal+delivery+postnatal
11122,鈴木産婦人科医院,茨城県水戸市東台１－１０－１９,36.3800928,140.4117537,exact_name_pref_municipality_address,clinic,082208511087,鈴木産婦人科医院,茨城県水戸市東台１－１０－１９,36.367961,140.493558,2026-06-01,7447.1,2,有床診療所,prenatal+delivery
11237,医療法人社団寿恵会　津田産婦人科医院,富山県砺波市杉木４丁目６９番地,36.6446842,136.9552548,exact_name_pref_municipality_address,clinic,1622160810481,医療法人社団寿恵会　津田産婦人科医院,富山県砺波市杉木４丁目６９番地,36.649765,136.955563,2026-06-01,565.6,2,有床診療所,delivery+postnatal
11282,花レディースクリニック,愛知県みよし市福谷町細田１－３,35.1223011,137.1072485,exact_name_pref_municipality_address,clinic,2322231500250,花レディースクリニック,愛知県みよし市福谷町細田１－３,35.089715,137.07468,2026-06-01,4680.4,2,有床診療所,prenatal+delivery+postnatal
11308,あおぞらレディス＆マタニティクリニック,長野県諏訪市中洲5764-1,36.0253416,138.1186244,exact_name_pref_municipality_address,clinic,2022205417410,あおぞらレディス＆マタニティクリニック,長野県諏訪市中洲５７６４－１,36.017852,138.114631,2026-06-01,906.9,2,有床診療所,prenatal+delivery+postnatal
11413,花岡レディースクリニック,長野県小諸市市町5－4－16,36.336387,138.414915,exact_name_pref_municipality_address,clinic,2022200520911,花岡レディースクリニック,長野県小諸市市町５－４－１６,36.307799,138.440535,2026-06-01,3920.9,2,有床診療所,prenatal+delivery+postnatal
11446,竹内レディースクリニック,鹿児島県姶良市東餠田５０２－２,31.7289987,130.6263203,exact_name_pref_municipality_address,clinic,46222550,竹内レディースクリニック,鹿児島県姶良市東餠田５０２－２,31.731938,130.632016,2026-06-01,630.1,2,有床診療所,prenatal+delivery+postnatal
11457,医療法人益治論会産婦人科いきめの杜クリニック,宮崎県宮崎市大字柏原４０７ー１,31.9337658,131.3694825,exact_name_pref_municipality_address,clinic,4522453172770,医療法人益治論会産婦人科いきめの杜クリニック,宮崎県宮崎市大字柏原４０７ー１,31.936935,131.374988,2026-06-01,627.8,2,有床診療所,prenatal+delivery
11524,フォレストベルクリニック,愛知県名古屋市守山区上志段味字羽前６００番地２,35.2476353,137.043707,exact_name_pref_municipality_address,clinic,2322232406460,フォレストベルクリニック,愛知県名古屋市守山区上志段味字羽前６００番地２,35.253165,137.03483,2026-06-01,1013.8,2,有床診療所,prenatal+delivery+postnatal
11558,医療法人苫米地レディースクリニック,青森県八戸市沢里下沢内３６－１,40.5005056,141.4765391,exact_name_pref_municipality_address,clinic,0220220000649,医療法人苫米地レディースクリニック,青森県八戸市沢里下沢内３６－１,40.493798,141.474816,2026-06-01,759.9,2,有床診療所,prenatal+delivery+postnatal
11578,医療法人　浅桐産婦人科,"岡山県倉敷市
連島町鶴新田１２６６－１",34.5379824,133.7118528,exact_name_pref_municipality_address,clinic,3322330010170,医療法人　浅桐産婦人科,岡山県倉敷市連島町鶴新田１２６６－１,34.543564,133.717019,2026-06-01,780.5,2,有床診療所,prenatal+delivery
11582,山梨市立産婦人科医院,山梨県山梨市上神内川１７２,35.6838673,138.6863962,exact_name_pref_municipality_address,clinic,1922190001183,山梨市立産婦人科医院,山梨県山梨市上神内川１７２,35.688485,138.685658,2026-06-01,517.8,2,有床診療所,prenatal+delivery+postnatal
11728,一般社団法人北九州助産センターお産の家よつ葉,福岡県北九州市八幡東区枝光本町８－１３,33.8743094,130.8152409,exact_name_pref_municipality_address,maternity_home,4040009070003,一般社団法人北九州助産センター　お産の家　よつ葉,福岡県北九州市八幡東区枝光本町８－１３,33.864794,130.800448,2026-06-01,1727.7,4,有床助産所,delivery+postnatal
11740,マミー助産院,愛媛県四国中央市土居町北野甲587－3,33.9587517,133.4032515,exact_name_pref_municipality_address,maternity_home,3845385100100,マミー助産院,愛媛県四国中央市土居町北野甲５８７－３,33.952336,133.391993,2026-06-01,1259.8,4,有床助産所,prenatal+delivery+postnatal
11795,共同助産所　お産子の家,滋賀県東近江市八日市緑町１７－５,35.1108987,136.2067443,exact_name_pref_municipality_address,maternity_home,2546250001200,共同助産所　お産子の家,滋賀県東近江市八日市緑町１７－５,35.004531,135.86859,2026-06-01,32973.5,4,有床助産所,delivery+postnatal
11887,助産院　陽,熊本県阿蘇市一の宮町宮地６１５４－１０仙酔峡ハイツＥ－１,32.9306107,131.1068482,exact_name_pref_municipality_address,maternity_home,434443560001,助産院陽,熊本県阿蘇市一の宮町宮地６１５４－１０　仙酔峡ハイツＥ－１,32.875074,131.002114,2026-06-01,11564.7,4,有床助産所,prenatal+delivery+postnatal
11890,おっぱいハウス池田助産院,宮崎県日南市大字星倉4418番地,31.6145538,131.3726904,exact_name_pref_municipality_address,maternity_home,4544450400160,おっぱいハウス　池田助産院,宮崎県日南市大字星倉４４１８番地,31.622451,131.368826,2026-06-01,951.3,4,有床助産所,prenatal+delivery+postnatal
11927,助産所ドゥーラえむあい,長野県伊那市日影534-1,35.8342259,137.9788178,exact_name_pref_municipality_address,maternity_home,2045200000130,助産所ドゥーラえむあい,長野県伊那市日影５３４－１,35.824509,137.96404,2026-06-01,1715.3,4,有床助産所,prenatal+delivery+postnatal
11970,医療法人社団協友会　千葉愛友会記念病院,千葉県流山市鰭ケ崎１－１,35.8431471,139.9105386,exact_name_pref_municipality_address,hospital,1211201365000,医療法人社団協友会　千葉愛友会記念病院,千葉県流山市鰭ケ崎１－１,35.836643,139.911635,2026-06-01,729.9,1,病院,prenatal+delivery+postnatal
12003,みなみ野グリーンゲイブルズクリニック,東京都八王子市大船町1001,35.6310705,139.3167208,exact_name_pref_municipality_address,clinic,1322137300074,みなみ野グリーンゲイブルズクリニック,東京都八王子市大船町１００１,35.626253,139.313164,2026-06-01,624.7,2,有床診療所,prenatal+delivery+postnatal
12023,あおのウイメンズクリニック,神奈川県横浜市戸塚区戸塚町４２１１,35.3965355,139.5300899,exact_name_pref_municipality_address,clinic,1421427002100,あおのウイメンズクリニック,神奈川県横浜市戸塚区戸塚町４２１１,35.391013,139.528656,2026-06-01,627.7,2,有床診療所,prenatal+delivery
12028,熊本バースクリニック,熊本県熊本市南区八幡５ー１０ー２３,32.742549,130.6841628,exact_name_pref_municipality_address,clinic,432243335060,熊本バースクリニック,熊本県熊本市南区八幡５ー１０ー２３,32.745973,130.680675,2026-06-01,501.4,2,有床診療所,prenatal+delivery+postnatal
12097,医療法人慈愛会秋葉産婦人科,茨城県古河市東本町２－９－２,36.2064861,139.7123594,exact_name_pref_municipality_address,clinic,0822080003556,医療法人慈愛会秋葉産婦人科,茨城県古河市東本町２－９－２,36.194043,139.716012,2026-06-01,1421.9,2,有床診療所,prenatal+delivery+postnatal
12305,冨田産婦人科医院,茨城県石岡市茨城３－５－３１,36.1778496,140.2849613,exact_name_pref_municipality_address,clinic,082208600512,冨田産婦人科医院,茨城県石岡市茨城３－５－３１,36.175278,140.289722,2026-06-01,514.2,3,無床診療所,prenatal+postnatal
12423,医療法人社団　こうちウィメンズクリニック,富山県魚津市吉島１－８０９,36.8245249,137.4201109,exact_name_pref_municipality_address,clinic,1622163000349,医療法人社団　こうちウィメンズクリニック,富山県魚津市吉島１－８０９,36.827781,137.412414,2026-06-01,774.9,3,無床診療所,prenatal
12445,可世木レディスクリニック,愛知県一宮市平和１－９－２６,35.3015191,136.7930931,exact_name_pref_municipality_address,clinic,2322230100770,可世木レディスクリニック,愛知県一宮市平和１－９－２６,35.302076,136.787055,2026-06-01,551.4,3,無床診療所,prenatal
12562,あさひクリニック,香川県高松市観光町５３８－２,34.3352828,134.065924,exact_name_pref_municipality_address,clinic,3722370500250,あさひクリニック,香川県高松市観光町５３８－２,34.340072,134.067215,2026-06-01,545.6,3,無床診療所,prenatal
12565,レディスクリニックコスモス,高知県高知市杉井流６－２７,33.5697283,133.5548485,exact_name_pref_municipality_address,clinic,3922393103160,レディスクリニックコスモス,高知県高知市杉井流６－２７,33.561318,133.538111,2026-06-01,1810.9,3,無床診療所,prenatal
12578,博多セントラルクリニック,福岡県福岡市博多区祗園町８ー１２ー６２４,33.5899622,130.3926587,exact_name_pref_municipality_address,clinic,4022400041830,博多セントラルクリニック,福岡県福岡市博多区祗園町８ー１２ー６２４,33.5914,130.410946,2026-06-01,1701.4,3,無床診療所,prenatal
15078,助産院わがや,宮崎県宮崎市佐土原町下那珂791番地5,32.0288873,131.4299607,exact_name_pref_municipality_address,maternity_home,4544453102080,助産院　わがや,宮崎県宮崎市佐土原町下那珂７９１番地５,32.005539,131.477703,2026-06-01,5196.3,100,,postnatal
15279,びわ子助産院,滋賀県大津市松原町１９−１１,34.9772447,135.9045016,exact_name_pref_municipality_address,maternity_home,2546250001130,びわ子助産院,滋賀県大津市松原町１９−１１,34.984879,135.892736,2026-06-01,1367.4,100,,postnatal
