birth_navi_id,facility_name,facility_type,prefecture_id,municipality_code,municipality_name,address,phone_number,service_pattern,work_group,location_model,resolution_status,recommended_action,official_address,official_latitude,official_longitude,classification_confidence,review_note,source_url
10706,JCHO群馬中央病院,病院,10,10201,前橋市,群馬県前橋市,0272218165,prenatal+delivery+postnatal,priority_22_known_facility_type,fixed_site,official_address_confirmed_manual_geocode,manual_geocode_official_address,群馬県前橋市紅雲町1-7-13,,,official/manual-source review,Official hospital address confirmed; exact coordinate not taken from an official coordinate field in this pass.,https://birth-navi.mhlw.go.jp/facilities/10706
11924,いかだい助産所,無床助産所,13,13117,北区,東京都北区,08050646003,prenatal+delivery+postnatal,priority_22_known_facility_type,fixed_site_candidate,official_address_confirmed_manual_geocode,manual_geocode_official_address,東京都北区十条仲原4丁目,,,official/manual-source review,Official location confirmed but address is only to chome level.,https://birth-navi.mhlw.go.jp/facilities/11924
12115,ゆっこ助産院,有床助産所,27,27227,東大阪市,大阪府東大阪市御厨5丁目-３－３９,05035535648,prenatal+delivery,priority_22_known_facility_type,fixed_site,official_address_confirmed_manual_geocode,manual_geocode_official_address,大阪府東大阪市御厨5丁目3番39号,,,official/manual-source review,Official listing confirms full street address and fixed-site access.,https://birth-navi.mhlw.go.jp/facilities/12115
11159,医療法人　レディスクリニック　セントセシリア,有床診療所,2,02201,青森市,青森県青森市,0177380321,prenatal+delivery,priority_22_known_facility_type,fixed_site,official_coordinate_confirmed,use_official_coordinate,青森県青森市筒井八ッ橋95-12,40.797419,140.764889,official/manual-source review,Deterministic name/source-category match.,https://birth-navi.mhlw.go.jp/facilities/11159
10881,財団法人　温知会　会津中央病院,病院,7,07202,会津若松市,福島県会津若松市,0242251515,prenatal+delivery+postnatal,priority_22_known_facility_type,fixed_site,official_coordinate_confirmed,use_official_coordinate,福島県会津若松市鶴賀町1-1,37.521911,139.945119,official/manual-source review,Deterministic hospital match.,https://birth-navi.mhlw.go.jp/facilities/10881
10993,都賀レディースクリニック,有床診療所,12,12104,千葉市若葉区,千葉県千葉市若葉区西都賀,0432552771,prenatal+delivery+postnatal,priority_22_known_facility_type,fixed_site,official_coordinate_confirmed,use_official_coordinate,千葉県千葉市若葉区西都賀1-7-6,35.634361,140.145525,official/manual-source review,Deterministic clinic match.,https://birth-navi.mhlw.go.jp/facilities/10993
10043,横須賀共済病院,病院,14,14201,横須賀市,神奈川県横須賀市米が浜通,0468222710,delivery,priority_22_known_facility_type,fixed_site,official_coordinate_confirmed,use_official_coordinate,神奈川県横須賀市米が浜通1丁目16,35.276678,139.674189,official/manual-source review,Deterministic hospital match.,https://birth-navi.mhlw.go.jp/facilities/10043
11818,宮﨑助産院,無床助産所,14,14204,鎌倉市,神奈川県鎌倉市大町,08013474428,prenatal+delivery+postnatal,priority_22_known_facility_type,fixed_site_candidate,official_coordinate_confirmed,use_official_coordinate_with_provenance,神奈川県鎌倉市大町,35.31368,139.560157,official/manual-source review,Official record matched by normalized name and municipality.,https://birth-navi.mhlw.go.jp/facilities/11818
10969,島岡医院,有床診療所,26,26107,京都市南区,京都府京都市,0756610746,prenatal+delivery+postnatal,priority_22_known_facility_type,fixed_site,official_coordinate_confirmed,use_official_coordinate,京都府京都市南区唐橋平垣町68,34.980759,135.735741,official/manual-source review,Deterministic clinic match.,https://birth-navi.mhlw.go.jp/facilities/10969
11324,津永産婦人科,有床診療所,35,35215,周南市,山口県周南市,0834218255,prenatal+delivery+postnatal,priority_22_known_facility_type,fixed_site,official_coordinate_confirmed,use_official_coordinate,山口県周南市川端町2-30,34.049139,131.810222,official/manual-source review,Deterministic clinic match.,https://birth-navi.mhlw.go.jp/facilities/11324
11315,レディースクリニック山田産婦人科,有床診療所,41,41203,鳥栖市,佐賀県鳥栖市蔵上,0942844656,delivery+postnatal,priority_22_known_facility_type,fixed_site,official_coordinate_confirmed,use_official_coordinate,佐賀県鳥栖市蔵上2-186,33.374067,130.491909,official/manual-source review,Deterministic clinic match.,https://birth-navi.mhlw.go.jp/facilities/11315
12682,にこ助産院,,1,01362,上ノ国町,函館市,,postnatal,postnatal_only_unresolved,fixed_site,classified_from_source_text,yes_after_address_confirmation,,,,medium,fixed-site institutional indicator but coarse address,https://birth-navi.mhlw.go.jp/facilities/12682
12739,まきばの助産院,,1,01693,標津町,標津郡中標津町,,postnatal,postnatal_only_unresolved,fixed_site,classified_from_source_text,yes_after_address_confirmation,,,,medium,fixed-site institutional indicator but coarse address,https://birth-navi.mhlw.go.jp/facilities/12739
12614,めまな助産院,,1,01100,札幌市,札幌市白石区菊水,09013073743,postnatal,postnatal_only_unresolved,fixed_site,classified_from_source_text,yes_after_address_confirmation,,,,medium,fixed-site institutional indicator but coarse address,https://birth-navi.mhlw.go.jp/facilities/12614
12613,助産院 tocohana,,1,01100,札幌市,札幌市北区あいの里,09026989741,postnatal,postnatal_only_unresolved,fixed_site,classified_from_source_text,yes_after_address_confirmation,,,,medium,fixed-site institutional indicator but coarse address,https://birth-navi.mhlw.go.jp/facilities/12613
12818,ねんねこ助産院,,4,04100,仙台市,仙台市青葉区柏木,07053274471,postnatal,postnatal_only_unresolved,fixed_site,classified_from_source_text,yes_after_address_confirmation,,,,medium,fixed-site institutional indicator but coarse address,https://birth-navi.mhlw.go.jp/facilities/12818
12828,ユーカリ助産院,,4,04100,仙台市,遠田郡美里町大柳,09070664900,postnatal,postnatal_only_unresolved,fixed_site,classified_from_source_text,yes_after_address_confirmation,,,,medium,fixed-site institutional indicator but coarse address,https://birth-navi.mhlw.go.jp/facilities/12828
12831,ゆきんこ助産院,,4,04100,仙台市,宮城郡利府町,09033664515,postnatal,postnatal_only_unresolved,fixed_site,classified_from_source_text,yes_after_address_confirmation,,,,medium,fixed-site institutional indicator but coarse address,https://birth-navi.mhlw.go.jp/facilities/12831
12875,あい助産院,,5,05214,にかほ市,由利本荘市,09013983499,postnatal,postnatal_only_unresolved,fixed_site,classified_from_source_text,yes_after_address_confirmation,,,,medium,fixed-site institutional indicator but coarse address,https://birth-navi.mhlw.go.jp/facilities/12875
15245,助産院 mooi,,6,06208,村山市,山形市,,postnatal,postnatal_only_unresolved,fixed_site,classified_from_source_text,yes_after_address_confirmation,,,,medium,fixed-site institutional indicator but coarse address,https://birth-navi.mhlw.go.jp/facilities/15245
12907,助産院mooi,,6,06321,河北町,山形市,,postnatal,postnatal_only_unresolved,fixed_site,classified_from_source_text,yes_after_address_confirmation,,,,medium,fixed-site institutional indicator but coarse address,https://birth-navi.mhlw.go.jp/facilities/12907
12910,助産院mooi,,6,06366,鮭川村,山形市,,postnatal,postnatal_only_unresolved,fixed_site,classified_from_source_text,yes_after_address_confirmation,,,,medium,fixed-site institutional indicator but coarse address,https://birth-navi.mhlw.go.jp/facilities/12910
12908,助産院カルナ,,6,06321,河北町,山形市,05017217257,postnatal,postnatal_only_unresolved,fixed_site,classified_from_source_text,yes_after_address_confirmation,,,,medium,fixed-site institutional indicator but coarse address,https://birth-navi.mhlw.go.jp/facilities/12908
12954,Aina(アイナ）助産院,,8,08205,石岡市,土浦市,08040074245,postnatal,postnatal_only_unresolved,fixed_site,classified_from_source_text,yes_after_address_confirmation,,,,medium,fixed-site institutional indicator but coarse address,https://birth-navi.mhlw.go.jp/facilities/12954
12953,すみれ助産院,,8,08205,石岡市,石岡市,09080395434,postnatal,postnatal_only_unresolved,fixed_site,classified_from_source_text,yes_after_address_confirmation,,,,medium,fixed-site institutional indicator but coarse address,https://birth-navi.mhlw.go.jp/facilities/12953
15438,ひよこ助産院,,8,08210,下妻市,つくば市竹園,08054803114,postnatal,postnatal_only_unresolved,fixed_site,classified_from_source_text,yes_after_address_confirmation,,,,medium,fixed-site institutional indicator but coarse address,https://birth-navi.mhlw.go.jp/facilities/15438
13126,ひまわり助産院,,11,11219,上尾市,上尾市富士見,09099619089,postnatal,postnatal_only_unresolved,fixed_site,classified_from_source_text,yes_after_address_confirmation,,,,medium,fixed-site institutional indicator but coarse address,https://birth-navi.mhlw.go.jp/facilities/13126
15476,つむなぎ助産院,,12,12228,四街道市,四街道市和良比,,postnatal,postnatal_only_unresolved,fixed_site,classified_from_source_text,yes_after_address_confirmation,,,,medium,fixed-site institutional indicator but coarse address,https://birth-navi.mhlw.go.jp/facilities/15476
13190,なつむら助産院,,12,12205,館山市,千葉県館山市北条,0470234564,postnatal,postnatal_only_unresolved,fixed_site,classified_from_source_text,yes_after_address_confirmation,,,,medium,fixed-site institutional indicator but coarse address,https://birth-navi.mhlw.go.jp/facilities/13190
13186,レ・アーリ助産院,,12,12204,船橋市,鎌ヶ谷市,,postnatal,postnatal_only_unresolved,fixed_site,classified_from_source_text,yes_after_address_confirmation,,,,medium,fixed-site institutional indicator but coarse address,https://birth-navi.mhlw.go.jp/facilities/13186
15466,鎌ヶ谷バースクリニック附属　助産院　THE CARE,,12,12204,船橋市,鎌ヶ谷市,0474465099,postnatal,postnatal_only_unresolved,fixed_site,classified_from_source_text,yes_after_address_confirmation,,,,medium,fixed-site institutional indicator but coarse address,https://birth-navi.mhlw.go.jp/facilities/15466
13183,船橋青い空こどもクリニック,,12,12204,船橋市,船橋市米ヶ崎町,0474070201,postnatal,postnatal_only_unresolved,fixed_site,classified_from_source_text,yes_after_address_confirmation,,,,medium,fixed-site institutional indicator but coarse address,https://birth-navi.mhlw.go.jp/facilities/13183
13543,SUNFLOWER助産院,,14,14216,座間市,相模原市,,postnatal,postnatal_only_unresolved,fixed_site,classified_from_source_text,yes_after_address_confirmation,,,,medium,fixed-site institutional indicator but coarse address,https://birth-navi.mhlw.go.jp/facilities/13543
13547,ここむすび助産院,,14,14216,座間市,大和市,,postnatal,postnatal_only_unresolved,fixed_site,classified_from_source_text,yes_after_address_confirmation,,,,medium,fixed-site institutional indicator but coarse address,https://birth-navi.mhlw.go.jp/facilities/13547
13498,出張助産師サロン　Ｂａｂｙ　Lｉｈｉ,,14,14203,平塚市,平塚市,07050822534,postnatal,postnatal_only_unresolved,fixed_site,classified_from_source_text,yes_after_address_confirmation,,,,medium,fixed-site institutional indicator but coarse address,https://birth-navi.mhlw.go.jp/facilities/13498
13544,助産院　織々,,14,14216,座間市,海老名市,09063390994,postnatal,postnatal_only_unresolved,fixed_site,classified_from_source_text,yes_after_address_confirmation,,,,medium,fixed-site institutional indicator but coarse address,https://birth-navi.mhlw.go.jp/facilities/13544
13446,助産師　兵頭めぐみ,,14,14100,横浜市,横浜市神奈川区,09079807526,postnatal,postnatal_only_unresolved,fixed_site,classified_from_source_text,yes_after_address_confirmation,,,,medium,fixed-site institutional indicator but coarse address,https://birth-navi.mhlw.go.jp/facilities/13446
13597,産後ケアハウス ねんね,,15,15212,村上市,【木・金曜日】新発田市中曽根町 【火・水曜日】新発田市住吉町,,postnatal,postnatal_only_unresolved,fixed_site,classified_from_source_text,yes_after_address_confirmation,,,,medium,fixed-site institutional indicator but coarse address,https://birth-navi.mhlw.go.jp/facilities/13597
15555,助産院　ほとり,,15,15100,新潟市,新潟市中央区東出来島,07091161229,postnatal,postnatal_only_unresolved,fixed_site,classified_from_source_text,yes_after_address_confirmation,,,,medium,fixed-site institutional indicator but coarse address,https://birth-navi.mhlw.go.jp/facilities/15555
13650,あやめ助産院,,17,17203,小松市,小松市西軽海町,09028337326,postnatal,postnatal_only_unresolved,fixed_site,classified_from_source_text,yes_after_address_confirmation,,,,medium,fixed-site institutional indicator but coarse address,https://birth-navi.mhlw.go.jp/facilities/13650
13652,さち助産院,,17,17203,小松市,小松市上本折町,08030442434,postnatal,postnatal_only_unresolved,fixed_site,classified_from_source_text,yes_after_address_confirmation,,,,medium,fixed-site institutional indicator but coarse address,https://birth-navi.mhlw.go.jp/facilities/13652
13654,矢野助産院,,17,17203,小松市,小松市蓮代寺町,,postnatal,postnatal_only_unresolved,fixed_site,classified_from_source_text,yes_after_address_confirmation,,,,medium,fixed-site institutional indicator but coarse address,https://birth-navi.mhlw.go.jp/facilities/13654
13703,ｉｏｒｉ助産院,,18,18210,坂井市,福井市町屋,09037628171,postnatal,postnatal_only_unresolved,fixed_site,classified_from_source_text,yes_after_address_confirmation,,,,medium,fixed-site institutional indicator but coarse address,https://birth-navi.mhlw.go.jp/facilities/13703
13710,NAMIE助産院,,18,18210,坂井市,敦賀市舞崎町,08040107674,postnatal,postnatal_only_unresolved,fixed_site,classified_from_source_text,yes_after_address_confirmation,,,,medium,fixed-site institutional indicator but coarse address,https://birth-navi.mhlw.go.jp/facilities/13710
13707,いちご助産院,,18,18210,坂井市,敦賀市山泉,09077409475,postnatal,postnatal_only_unresolved,fixed_site,classified_from_source_text,yes_after_address_confirmation,,,,medium,fixed-site institutional indicator but coarse address,https://birth-navi.mhlw.go.jp/facilities/13707
13692,なばたけ助産院,,18,18207,鯖江市,坂井市坂井町若宮,09061506375,postnatal,postnatal_only_unresolved,fixed_site,classified_from_source_text,yes_after_address_confirmation,,,,medium,fixed-site institutional indicator but coarse address,https://birth-navi.mhlw.go.jp/facilities/13692
13706,のじま助産院,,18,18210,坂井市,越前市,09085743190,postnatal,postnatal_only_unresolved,fixed_site,classified_from_source_text,yes_after_address_confirmation,,,,medium,fixed-site institutional indicator but coarse address,https://birth-navi.mhlw.go.jp/facilities/13706
13709,みちる助産院,,18,18210,坂井市,敦賀市松葉町,09071920733,postnatal,postnatal_only_unresolved,fixed_site,classified_from_source_text,yes_after_address_confirmation,,,,medium,fixed-site institutional indicator but coarse address,https://birth-navi.mhlw.go.jp/facilities/13709
13693,みらい助産院,,18,18207,鯖江市,越前町広野,09082610352,postnatal,postnatal_only_unresolved,fixed_site,classified_from_source_text,yes_after_address_confirmation,,,,medium,fixed-site institutional indicator but coarse address,https://birth-navi.mhlw.go.jp/facilities/13693
15247,むらみや助産院,,18,18205,大野市,大飯郡高浜町和田,09016374577,postnatal,postnatal_only_unresolved,fixed_site,classified_from_source_text,yes_after_address_confirmation,,,,medium,fixed-site institutional indicator but coarse address,https://birth-navi.mhlw.go.jp/facilities/15247
13712,やく助産院,,18,18210,坂井市,高浜町東三松,09090420803,postnatal,postnatal_only_unresolved,fixed_site,classified_from_source_text,yes_after_address_confirmation,,,,medium,fixed-site institutional indicator but coarse address,https://birth-navi.mhlw.go.jp/facilities/13712
15249,おおくら助産院・母乳育児ミルク相談室,,20,20361,下諏訪町,安曇野市豊科,0263727816,postnatal,postnatal_only_unresolved,fixed_site,classified_from_source_text,yes_after_address_confirmation,,,,medium,fixed-site institutional indicator but coarse address,https://birth-navi.mhlw.go.jp/facilities/15249
13826,おひさま助産院,,20,20350,長和町,駒ケ根市赤穂,09024484669,postnatal,postnatal_only_unresolved,fixed_site,classified_from_source_text,yes_after_address_confirmation,,,,medium,fixed-site institutional indicator but coarse address,https://birth-navi.mhlw.go.jp/facilities/13826
13827,ひより助産院・ひより母乳育児相談室,,20,20350,長和町,長野市栗田,09018293689,postnatal,postnatal_only_unresolved,fixed_site,classified_from_source_text,yes_after_address_confirmation,,,,medium,fixed-site institutional indicator but coarse address,https://birth-navi.mhlw.go.jp/facilities/13827
15253,めばえ助産院,,20,20361,下諏訪町,松本市岡田松岡,09024793199,postnatal,postnatal_only_unresolved,fixed_site,classified_from_source_text,yes_after_address_confirmation,,,,medium,fixed-site institutional indicator but coarse address,https://birth-navi.mhlw.go.jp/facilities/15253
13797,花雪助産院,,20,20208,小諸市,東御市八重原,,postnatal,postnatal_only_unresolved,fixed_site,classified_from_source_text,yes_after_address_confirmation,,,,medium,fixed-site institutional indicator but coarse address,https://birth-navi.mhlw.go.jp/facilities/13797
13868,花雪助産院,,20,20590,飯綱町,東御市八重原,,postnatal,postnatal_only_unresolved,fixed_site,classified_from_source_text,yes_after_address_confirmation,,,,medium,fixed-site institutional indicator but coarse address,https://birth-navi.mhlw.go.jp/facilities/13868
13829,華助産院,,20,20350,長和町,南箕輪村北殿,09057993729,postnatal,postnatal_only_unresolved,fixed_site,classified_from_source_text,yes_after_address_confirmation,,,,medium,fixed-site institutional indicator but coarse address,https://birth-navi.mhlw.go.jp/facilities/13829
13831,幸助産院,,20,20350,長和町,駒ケ根市赤穂,09033436330,postnatal,postnatal_only_unresolved,fixed_site,classified_from_source_text,yes_after_address_confirmation,,,,medium,fixed-site institutional indicator but coarse address,https://birth-navi.mhlw.go.jp/facilities/13831
15251,助産院   おん相談室,,20,20361,下諏訪町,松本市大手,,postnatal,postnatal_only_unresolved,fixed_site,classified_from_source_text,yes_after_address_confirmation,,,,medium,fixed-site institutional indicator but coarse address,https://birth-navi.mhlw.go.jp/facilities/15251
15250,助産院laugh（らふ）,,20,20361,下諏訪町,松本市大村,09067714839,postnatal,postnatal_only_unresolved,fixed_site,classified_from_source_text,yes_after_address_confirmation,,,,medium,fixed-site institutional indicator but coarse address,https://birth-navi.mhlw.go.jp/facilities/15250
15252,助産院スピカ,,20,20361,下諏訪町,松本市村井町,09079008082,postnatal,postnatal_only_unresolved,fixed_site,classified_from_source_text,yes_after_address_confirmation,,,,medium,fixed-site institutional indicator but coarse address,https://birth-navi.mhlw.go.jp/facilities/15252
13880,あかり助産院,,21,21205,関市,郡上市和良町,09076813444,postnatal,postnatal_only_unresolved,fixed_site,classified_from_source_text,yes_after_address_confirmation,,,,medium,fixed-site institutional indicator but coarse address,https://birth-navi.mhlw.go.jp/facilities/13880
13934,うえだ助産院,,22,22100,静岡市,静岡市清水区,09092261203,postnatal,postnatal_only_unresolved,fixed_site,classified_from_source_text,yes_after_address_confirmation,,,,medium,fixed-site institutional indicator but coarse address,https://birth-navi.mhlw.go.jp/facilities/13934
13925,オハナ助産院,,22,22100,静岡市,静岡市駿河区,09091974925,postnatal,postnatal_only_unresolved,fixed_site,classified_from_source_text,yes_after_address_confirmation,,,,medium,fixed-site institutional indicator but coarse address,https://birth-navi.mhlw.go.jp/facilities/13925
13924,きみいろ助産院,,22,22100,静岡市,静岡市葵区,09044078258,postnatal,postnatal_only_unresolved,fixed_site,classified_from_source_text,yes_after_address_confirmation,,,,medium,fixed-site institutional indicator but coarse address,https://birth-navi.mhlw.go.jp/facilities/13924
13966,サニーシード,,22,22210,富士市,富士市大淵,,postnatal,postnatal_only_unresolved,fixed_site,classified_from_source_text,yes_after_address_confirmation,,,,medium,fixed-site institutional indicator but coarse address,https://birth-navi.mhlw.go.jp/facilities/13966
13932,すずき助産院,,22,22100,静岡市,静岡市清水区,09032142434,postnatal,postnatal_only_unresolved,fixed_site,classified_from_source_text,yes_after_address_confirmation,,,,medium,fixed-site institutional indicator but coarse address,https://birth-navi.mhlw.go.jp/facilities/13932
13919,助産院 海の色,,22,22100,静岡市,静岡市駿河区中田,08051054724,postnatal,postnatal_only_unresolved,fixed_site,classified_from_source_text,yes_after_address_confirmation,,,,medium,fixed-site institutional indicator but coarse address,https://birth-navi.mhlw.go.jp/facilities/13919
13929,助産院　夢生,,22,22100,静岡市,静岡市清水区,08016215790,postnatal,postnatal_only_unresolved,fixed_site,classified_from_source_text,yes_after_address_confirmation,,,,medium,fixed-site institutional indicator but coarse address,https://birth-navi.mhlw.go.jp/facilities/13929
13926,母乳と育児の相談室　さと助産院,,22,22100,静岡市,静岡市駿河区,09029234475,postnatal,postnatal_only_unresolved,fixed_site,classified_from_source_text,yes_after_address_confirmation,,,,medium,fixed-site institutional indicator but coarse address,https://birth-navi.mhlw.go.jp/facilities/13926
14086,アロマ助産院ひだまり,,23,23222,東海市,愛知県東海市富木島町,08045442500,postnatal,postnatal_only_unresolved,fixed_site,classified_from_source_text,yes_after_address_confirmation,,,,medium,fixed-site institutional indicator but coarse address,https://birth-navi.mhlw.go.jp/facilities/14086
14146,しまなみ助産院・津,,24,24205,桑名市,津市上浜町（以下非公開）,09062333726,postnatal,postnatal_only_unresolved,fixed_site,classified_from_source_text,yes_after_address_confirmation,,,,medium,fixed-site institutional indicator but coarse address,https://birth-navi.mhlw.go.jp/facilities/14146
14148,しんぼ助産院,,24,24205,桑名市,名張市つつじが丘(以下非公開）,09023436735,postnatal,postnatal_only_unresolved,fixed_site,classified_from_source_text,yes_after_address_confirmation,,,,medium,fixed-site institutional indicator but coarse address,https://birth-navi.mhlw.go.jp/facilities/14148
14145,助産院　糸,,24,24205,桑名市,津市一色町（以下非公開）,09018607988,postnatal,postnatal_only_unresolved,fixed_site,classified_from_source_text,yes_after_address_confirmation,,,,medium,fixed-site institutional indicator but coarse address,https://birth-navi.mhlw.go.jp/facilities/14145
14274,うた助産院,,27,27205,吹田市,吹田市垂水町,09066767113,postnatal,postnatal_only_unresolved,fixed_site,classified_from_source_text,yes_after_address_confirmation,,,,medium,fixed-site institutional indicator but coarse address,https://birth-navi.mhlw.go.jp/facilities/14274
14262,てのての助産院,,27,27204,池田市,豊中市螢池東町,,postnatal,postnatal_only_unresolved,fixed_site,classified_from_source_text,yes_after_address_confirmation,,,,medium,fixed-site institutional indicator but coarse address,https://birth-navi.mhlw.go.jp/facilities/14262
14273,ゆな助産院,,27,27205,吹田市,吹田市千里山,09039432243,postnatal,postnatal_only_unresolved,fixed_site,classified_from_source_text,yes_after_address_confirmation,,,,medium,fixed-site institutional indicator but coarse address,https://birth-navi.mhlw.go.jp/facilities/14273
14282,遠藤助産院,,27,27205,吹田市,豊中市上新田,09011580371,postnatal,postnatal_only_unresolved,fixed_site,classified_from_source_text,yes_after_address_confirmation,,,,medium,fixed-site institutional indicator but coarse address,https://birth-navi.mhlw.go.jp/facilities/14282
14280,助産院Loulouルル,,27,27205,吹田市,大阪市西区,07012698683,postnatal,postnatal_only_unresolved,fixed_site,classified_from_source_text,yes_after_address_confirmation,,,,medium,fixed-site institutional indicator but coarse address,https://birth-navi.mhlw.go.jp/facilities/14280
14281,助産院Trust,,27,27205,吹田市,吹田市江坂町,09099950367,postnatal,postnatal_only_unresolved,fixed_site,classified_from_source_text,yes_after_address_confirmation,,,,medium,fixed-site institutional indicator but coarse address,https://birth-navi.mhlw.go.jp/facilities/14281
14504,町立奥出雲病院,,32,32343,奥出雲町,奥出雲町三成,0854541122,postnatal,postnatal_only_unresolved,fixed_site,classified_from_source_text,yes_after_address_confirmation,,,,medium,fixed-site institutional indicator but coarse address,https://birth-navi.mhlw.go.jp/facilities/14504
15674,くじら助産院　母乳育児相談室,,34,34212,東広島市,東広島市西条町,,postnatal,postnatal_only_unresolved,fixed_site,classified_from_source_text,yes_after_address_confirmation,,,,medium,fixed-site institutional indicator but coarse address,https://birth-navi.mhlw.go.jp/facilities/15674
15676,ゆら助産院,,34,34212,東広島市,東広島市八本松町,07056023835,postnatal,postnatal_only_unresolved,fixed_site,classified_from_source_text,yes_after_address_confirmation,,,,medium,fixed-site institutional indicator but coarse address,https://birth-navi.mhlw.go.jp/facilities/15676
15677,助産院はぐ,,34,34212,東広島市,東広島市高屋町,,postnatal,postnatal_only_unresolved,fixed_site,classified_from_source_text,yes_after_address_confirmation,,,,medium,fixed-site institutional indicator but coarse address,https://birth-navi.mhlw.go.jp/facilities/15677
15675,柳谷助産院,,34,34212,東広島市,東広島市西条町,09041019418,postnatal,postnatal_only_unresolved,fixed_site,classified_from_source_text,yes_after_address_confirmation,,,,medium,fixed-site institutional indicator but coarse address,https://birth-navi.mhlw.go.jp/facilities/15675
14565,和み助産院,,34,34205,尾道市,福山市三吉町,08026543862,postnatal,postnatal_only_unresolved,fixed_site,classified_from_source_text,yes_after_address_confirmation,,,,medium,fixed-site institutional indicator but coarse address,https://birth-navi.mhlw.go.jp/facilities/14565
14608,あいみ助産院,,35,35206,防府市,岩国市周東町,07085205156,postnatal,postnatal_only_unresolved,fixed_site,classified_from_source_text,yes_after_address_confirmation,,,,medium,fixed-site institutional indicator but coarse address,https://birth-navi.mhlw.go.jp/facilities/14608
14596,ほほえみ助産院,,35,35203,山口市,山口市,09075922013,postnatal,postnatal_only_unresolved,fixed_site,classified_from_source_text,yes_after_address_confirmation,,,,medium,fixed-site institutional indicator but coarse address,https://birth-navi.mhlw.go.jp/facilities/14596
15684,助産院 SeaSky,,35,35212,柳井市,光市浅江,07023672675,postnatal,postnatal_only_unresolved,fixed_site,classified_from_source_text,yes_after_address_confirmation,,,,medium,fixed-site institutional indicator but coarse address,https://birth-navi.mhlw.go.jp/facilities/15684
14663,山下助産院-OHANA-,,36,36468,つるぎ町,三好市池田町イケミナミ,0883723520,postnatal,postnatal_only_unresolved,fixed_site,classified_from_source_text,yes_after_address_confirmation,,,,medium,fixed-site institutional indicator but coarse address,https://birth-navi.mhlw.go.jp/facilities/14663
15698,めぐみ助産院,,37,37201,高松市,高松市林町,09052625494,postnatal,postnatal_only_unresolved,fixed_site,classified_from_source_text,yes_after_address_confirmation,,,,medium,fixed-site institutional indicator but coarse address,https://birth-navi.mhlw.go.jp/facilities/15698
15387,もものはな助産院,,37,37208,三豊市,高松市,07090411771,postnatal,postnatal_only_unresolved,fixed_site,classified_from_source_text,yes_after_address_confirmation,,,,medium,fixed-site institutional indicator but coarse address,https://birth-navi.mhlw.go.jp/facilities/15387
15386,屋島総合病院,,37,37208,三豊市,高松市,0878419141,postnatal,postnatal_only_unresolved,fixed_site,classified_from_source_text,yes_after_address_confirmation,,,,medium,fixed-site institutional indicator but coarse address,https://birth-navi.mhlw.go.jp/facilities/15386
15384,回生病院,,37,37208,三豊市,坂出市,0877456410,postnatal,postnatal_only_unresolved,fixed_site,classified_from_source_text,yes_after_address_confirmation,,,,medium,fixed-site institutional indicator but coarse address,https://birth-navi.mhlw.go.jp/facilities/15384
15383,厚仁病院,,37,37208,三豊市,丸亀市,0877232311,postnatal,postnatal_only_unresolved,fixed_site,classified_from_source_text,yes_after_address_confirmation,,,,medium,fixed-site institutional indicator but coarse address,https://birth-navi.mhlw.go.jp/facilities/15383
15385,西岡医院,,37,37208,三豊市,高松市,0878852021,postnatal,postnatal_only_unresolved,fixed_site,classified_from_source_text,yes_after_address_confirmation,,,,medium,fixed-site institutional indicator but coarse address,https://birth-navi.mhlw.go.jp/facilities/15385
15696,梨ん助産院　池田梨江,,37,37201,高松市,高松市,08060211713,postnatal,postnatal_only_unresolved,fixed_site,classified_from_source_text,yes_after_address_confirmation,,,,medium,fixed-site institutional indicator but coarse address,https://birth-navi.mhlw.go.jp/facilities/15696
14687,ひらた助産院,,38,38201,松山市,愛媛県,,postnatal,postnatal_only_unresolved,fixed_site,classified_from_source_text,yes_after_address_confirmation,,,,medium,fixed-site institutional indicator but coarse address,https://birth-navi.mhlw.go.jp/facilities/14687
15388,キャサリン助産院444,,39,39201,高知市,高知市知寄町,09082819165,postnatal,postnatal_only_unresolved,fixed_site,classified_from_source_text,yes_after_address_confirmation,,,,medium,fixed-site institutional indicator but coarse address,https://birth-navi.mhlw.go.jp/facilities/15388
15395,このは助産院,,39,39205,土佐市,高知市一宮東町,,postnatal,postnatal_only_unresolved,fixed_site,classified_from_source_text,yes_after_address_confirmation,,,,medium,fixed-site institutional indicator but coarse address,https://birth-navi.mhlw.go.jp/facilities/15395
15397,このは助産院,,39,39386,いの町,高知市一宮東町,,postnatal,postnatal_only_unresolved,fixed_site,classified_from_source_text,yes_after_address_confirmation,,,,medium,fixed-site institutional indicator but coarse address,https://birth-navi.mhlw.go.jp/facilities/15397
14719,産前産後ケアサロンnyuwa,,39,39201,高知市,高知市福井町,,postnatal,postnatal_only_unresolved,fixed_site,classified_from_source_text,yes_after_address_confirmation,,,,medium,fixed-site institutional indicator but coarse address,https://birth-navi.mhlw.go.jp/facilities/14719
14730,産前産後ケアサロンnyuwa,,39,39386,いの町,高知県高知市福井町,,postnatal,postnatal_only_unresolved,fixed_site,classified_from_source_text,yes_after_address_confirmation,,,,medium,fixed-site institutional indicator but coarse address,https://birth-navi.mhlw.go.jp/facilities/14730
15396,助産院asa,,39,39205,土佐市,南国市,,postnatal,postnatal_only_unresolved,fixed_site,classified_from_source_text,yes_after_address_confirmation,,,,medium,fixed-site institutional indicator but coarse address,https://birth-navi.mhlw.go.jp/facilities/15396
15398,助産院asa,,39,39386,いの町,南国市,,postnatal,postnatal_only_unresolved,fixed_site,classified_from_source_text,yes_after_address_confirmation,,,,medium,fixed-site institutional indicator but coarse address,https://birth-navi.mhlw.go.jp/facilities/15398
15391,助産院ことら,,39,39201,高知市,高知市宇津野,09071429644,postnatal,postnatal_only_unresolved,fixed_site,classified_from_source_text,yes_after_address_confirmation,,,,medium,fixed-site institutional indicator but coarse address,https://birth-navi.mhlw.go.jp/facilities/15391
14807,COCOながたベビーケアROOM,,40,40215,中間市,福岡市東区,09019718562,postnatal,postnatal_only_unresolved,fixed_site,classified_from_source_text,yes_after_address_confirmation,,,,medium,fixed-site institutional indicator but coarse address,https://birth-navi.mhlw.go.jp/facilities/14807
15726,あかね助産院,,40,40217,筑紫野市,福岡市博多区吉塚,09088325215,postnatal,postnatal_only_unresolved,fixed_site,classified_from_source_text,yes_after_address_confirmation,,,,medium,fixed-site institutional indicator but coarse address,https://birth-navi.mhlw.go.jp/facilities/15726
14773,あさひ助産院,,40,40205,飯塚市,福岡市西区西都,08064378277,postnatal,postnatal_only_unresolved,fixed_site,classified_from_source_text,yes_after_address_confirmation,,,,medium,fixed-site institutional indicator but coarse address,https://birth-navi.mhlw.go.jp/facilities/14773
14785,アマテラス助産院,,40,40205,飯塚市,糸島市高祖,08064016312,postnatal,postnatal_only_unresolved,fixed_site,classified_from_source_text,yes_after_address_confirmation,,,,medium,fixed-site institutional indicator but coarse address,https://birth-navi.mhlw.go.jp/facilities/14785
14774,えん助産院,,40,40205,飯塚市,福岡市博多区那珂,07090032134,postnatal,postnatal_only_unresolved,fixed_site,classified_from_source_text,yes_after_address_confirmation,,,,medium,fixed-site institutional indicator but coarse address,https://birth-navi.mhlw.go.jp/facilities/14774
14858,えん助産院,,40,40381,芦屋町,福岡市博多区那珂,,postnatal,postnatal_only_unresolved,fixed_site,classified_from_source_text,yes_after_address_confirmation,,,,medium,fixed-site institutional indicator but coarse address,https://birth-navi.mhlw.go.jp/facilities/14858
14860,えん助産院,,40,40383,岡垣町,福岡市博多区那珂,,postnatal,postnatal_only_unresolved,fixed_site,classified_from_source_text,yes_after_address_confirmation,,,,medium,fixed-site institutional indicator but coarse address,https://birth-navi.mhlw.go.jp/facilities/14860
14796,シフラ助産院,,40,40205,飯塚市,大牟田市南船津町,09030764255,postnatal,postnatal_only_unresolved,fixed_site,classified_from_source_text,yes_after_address_confirmation,,,,medium,fixed-site institutional indicator but coarse address,https://birth-navi.mhlw.go.jp/facilities/14796
15725,なぎ助産院,,40,40217,筑紫野市,福岡市早良区田村,08039658272,postnatal,postnatal_only_unresolved,fixed_site,classified_from_source_text,yes_after_address_confirmation,,,,medium,fixed-site institutional indicator but coarse address,https://birth-navi.mhlw.go.jp/facilities/15725
15732,なぎ助産院,,40,40219,大野城市,福岡市早良区田村,0809658272,postnatal,postnatal_only_unresolved,fixed_site,classified_from_source_text,yes_after_address_confirmation,,,,medium,fixed-site institutional indicator but coarse address,https://birth-navi.mhlw.go.jp/facilities/15732
14737,ファミリーケアこあらのおうち,,40,40100,北九州市,北九州市小倉南区,,postnatal,postnatal_only_unresolved,fixed_site,classified_from_source_text,yes_after_address_confirmation,,,,medium,fixed-site institutional indicator but coarse address,https://birth-navi.mhlw.go.jp/facilities/14737
14772,べふ助産院,,40,40205,飯塚市,福岡市城南区別府,09050572670,postnatal,postnatal_only_unresolved,fixed_site,classified_from_source_text,yes_after_address_confirmation,,,,medium,fixed-site institutional indicator but coarse address,https://birth-navi.mhlw.go.jp/facilities/14772
15724,まある助産院,,40,40217,筑紫野市,福岡市早良区高取,08052410615,postnatal,postnatal_only_unresolved,fixed_site,classified_from_source_text,yes_after_address_confirmation,,,,medium,fixed-site institutional indicator but coarse address,https://birth-navi.mhlw.go.jp/facilities/15724
15730,まな助産院,,40,40219,大野城市,福岡市博多区,08068125879,postnatal,postnatal_only_unresolved,fixed_site,classified_from_source_text,yes_after_address_confirmation,,,,medium,fixed-site institutional indicator but coarse address,https://birth-navi.mhlw.go.jp/facilities/15730
15728,ままらい助産院,,40,40218,春日市,春日市,08081321618,postnatal,postnatal_only_unresolved,fixed_site,classified_from_source_text,yes_after_address_confirmation,,,,medium,fixed-site institutional indicator but coarse address,https://birth-navi.mhlw.go.jp/facilities/15728
15731,まりも助産院,,40,40219,大野城市,福岡市南区向野,08052711139,postnatal,postnatal_only_unresolved,fixed_site,classified_from_source_text,yes_after_address_confirmation,,,,medium,fixed-site institutional indicator but coarse address,https://birth-navi.mhlw.go.jp/facilities/15731
14775,みい助産院,,40,40205,飯塚市,福岡市東区千早,07089730486,postnatal,postnatal_only_unresolved,fixed_site,classified_from_source_text,yes_after_address_confirmation,,,,medium,fixed-site institutional indicator but coarse address,https://birth-navi.mhlw.go.jp/facilities/14775
14817,ゆう助産院,,40,40217,筑紫野市,福岡市東区香椎,07092875318,postnatal,postnatal_only_unresolved,fixed_site,classified_from_source_text,yes_after_address_confirmation,,,,medium,fixed-site institutional indicator but coarse address,https://birth-navi.mhlw.go.jp/facilities/14817
14771,ゆらぎ助産院,,40,40205,飯塚市,福岡市早良区南庄,,postnatal,postnatal_only_unresolved,fixed_site,classified_from_source_text,yes_after_address_confirmation,,,,medium,fixed-site institutional indicator but coarse address,https://birth-navi.mhlw.go.jp/facilities/14771
14741,りつ助産院,,40,40100,北九州市,北九州市小倉南区,09073816513,postnatal,postnatal_only_unresolved,fixed_site,classified_from_source_text,yes_after_address_confirmation,,,,medium,fixed-site institutional indicator but coarse address,https://birth-navi.mhlw.go.jp/facilities/14741
14778,結心（ゆっこ）助産院,,40,40205,飯塚市,福岡市南区桧原,08027491676,postnatal,postnatal_only_unresolved,fixed_site,classified_from_source_text,yes_after_address_confirmation,,,,medium,fixed-site institutional indicator but coarse address,https://birth-navi.mhlw.go.jp/facilities/14778
14781,産前産後ケア　ももはな助産院,,40,40205,飯塚市,宗像市泉ヶ丘,08017694886,postnatal,postnatal_only_unresolved,fixed_site,classified_from_source_text,yes_after_address_confirmation,,,,medium,fixed-site institutional indicator but coarse address,https://birth-navi.mhlw.go.jp/facilities/14781
14803,産前産後ケア　ももはな助産院,,40,40207,柳川市,宗像市泉が丘,09017694886,postnatal,postnatal_only_unresolved,fixed_site,classified_from_source_text,yes_after_address_confirmation,,,,medium,fixed-site institutional indicator but coarse address,https://birth-navi.mhlw.go.jp/facilities/14803
14852,助産院　Ohana,,40,40230,糸島市,春日市,,postnatal,postnatal_only_unresolved,fixed_site,classified_from_source_text,yes_after_address_confirmation,,,,medium,fixed-site institutional indicator but coarse address,https://birth-navi.mhlw.go.jp/facilities/14852
14851,助産院　向日葵,,40,40230,糸島市,福岡市中央区地行,,postnatal,postnatal_only_unresolved,fixed_site,classified_from_source_text,yes_after_address_confirmation,,,,medium,fixed-site institutional indicator but coarse address,https://birth-navi.mhlw.go.jp/facilities/14851
15727,助産院まはろ,,40,40217,筑紫野市,久留米市,09081922767,postnatal,postnatal_only_unresolved,fixed_site,classified_from_source_text,yes_after_address_confirmation,,,,medium,fixed-site institutional indicator but coarse address,https://birth-navi.mhlw.go.jp/facilities/15727
14843,助産院向日葵,,40,40223,古賀市,福岡市中央区地行,,postnatal,postnatal_only_unresolved,fixed_site,classified_from_source_text,yes_after_address_confirmation,,,,medium,fixed-site institutional indicator but coarse address,https://birth-navi.mhlw.go.jp/facilities/14843
14784,晴助産院,,40,40205,飯塚市,中間市垣生,,postnatal,postnatal_only_unresolved,fixed_site,classified_from_source_text,yes_after_address_confirmation,,,,medium,fixed-site institutional indicator but coarse address,https://birth-navi.mhlw.go.jp/facilities/14784
15751,ここち助産院,,42,42201,長崎市,大村市松原,08064568468,postnatal,postnatal_only_unresolved,fixed_site,classified_from_source_text,yes_after_address_confirmation,,,,medium,fixed-site institutional indicator but coarse address,https://birth-navi.mhlw.go.jp/facilities/15751
15757,助産院Asa,,42,42322,川棚町,諫早市栄田町,09054878760,postnatal,postnatal_only_unresolved,fixed_site,classified_from_source_text,yes_after_address_confirmation,,,,medium,fixed-site institutional indicator but coarse address,https://birth-navi.mhlw.go.jp/facilities/15757
15745,千代の幸助産院,,42,42201,長崎市,長崎市三和町,0958001203,postnatal,postnatal_only_unresolved,fixed_site,classified_from_source_text,yes_after_address_confirmation,,,,medium,fixed-site institutional indicator but coarse address,https://birth-navi.mhlw.go.jp/facilities/15745
15756,茉莉花（まりほあ）助産院,,42,42322,川棚町,長崎市宝町,09049976888,postnatal,postnatal_only_unresolved,fixed_site,classified_from_source_text,yes_after_address_confirmation,,,,medium,fixed-site institutional indicator but coarse address,https://birth-navi.mhlw.go.jp/facilities/15756
15061,123（ひふみ）助産院,,44,44201,大分市,別府市光町,07024156581,postnatal,postnatal_only_unresolved,fixed_site,classified_from_source_text,yes_after_address_confirmation,,,,medium,fixed-site institutional indicator but coarse address,https://birth-navi.mhlw.go.jp/facilities/15061
15052,かおる助産院,,44,44201,大分市,大分市木上,09028574103,postnatal,postnatal_only_unresolved,fixed_site,classified_from_source_text,yes_after_address_confirmation,,,,medium,fixed-site institutional indicator but coarse address,https://birth-navi.mhlw.go.jp/facilities/15052
15053,サエラ助産院,,44,44201,大分市,大分市けやき台,09030751730,postnatal,postnatal_only_unresolved,fixed_site,classified_from_source_text,yes_after_address_confirmation,,,,medium,fixed-site institutional indicator but coarse address,https://birth-navi.mhlw.go.jp/facilities/15053
15069,といろ助産院,,44,44201,大分市,玖珠町大字塚脇,09025018145,postnatal,postnatal_only_unresolved,fixed_site,classified_from_source_text,yes_after_address_confirmation,,,,medium,fixed-site institutional indicator but coarse address,https://birth-navi.mhlw.go.jp/facilities/15069
15765,ともえ助産院,,44,44202,別府市,大分市坂ノ市西,07041028090,postnatal,postnatal_only_unresolved,fixed_site,classified_from_source_text,yes_after_address_confirmation,,,,medium,fixed-site institutional indicator but coarse address,https://birth-navi.mhlw.go.jp/facilities/15765
15050,なないろの虹助産院,,44,44201,大分市,大分市舞鶴町,09053796902,postnatal,postnatal_only_unresolved,fixed_site,classified_from_source_text,yes_after_address_confirmation,,,,medium,fixed-site institutional indicator but coarse address,https://birth-navi.mhlw.go.jp/facilities/15050
15051,ひきだ助産院　母乳と育児の相談室,,44,44201,大分市,大分市横尾東町,08042820054,postnatal,postnatal_only_unresolved,fixed_site,classified_from_source_text,yes_after_address_confirmation,,,,medium,fixed-site institutional indicator but coarse address,https://birth-navi.mhlw.go.jp/facilities/15051
15056,ほのぼの助産院,,44,44201,大分市,大分市寒田,09071667467,postnatal,postnatal_only_unresolved,fixed_site,classified_from_source_text,yes_after_address_confirmation,,,,medium,fixed-site institutional indicator but coarse address,https://birth-navi.mhlw.go.jp/facilities/15056
15065,助産院おまめのおうち,,44,44201,大分市,由布市湯布院町川南,08056097063,postnatal,postnatal_only_unresolved,fixed_site,classified_from_source_text,yes_after_address_confirmation,,,,medium,fixed-site institutional indicator but coarse address,https://birth-navi.mhlw.go.jp/facilities/15065
15054,詫摩助産院,,44,44201,大分市,大分市大字志生木,09028548773,postnatal,postnatal_only_unresolved,fixed_site,classified_from_source_text,yes_after_address_confirmation,,,,medium,fixed-site institutional indicator but coarse address,https://birth-navi.mhlw.go.jp/facilities/15054
15144,FUFU助産院,,46,46392,さつま町,さつま町宮之城屋地,09074711360,postnatal,postnatal_only_unresolved,fixed_site,classified_from_source_text,yes_after_address_confirmation,,,,medium,fixed-site institutional indicator but coarse address,https://birth-navi.mhlw.go.jp/facilities/15144
15126,あいかな助産院,,46,46215,薩摩川内市,薩摩川内市五代町,,postnatal,postnatal_only_unresolved,fixed_site,classified_from_source_text,yes_after_address_confirmation,,,,medium,fixed-site institutional indicator but coarse address,https://birth-navi.mhlw.go.jp/facilities/15126
15123,たけのこ助産院,,46,46215,薩摩川内市,薩摩川内市城上町,09033221670,postnatal,postnatal_only_unresolved,fixed_site,classified_from_source_text,yes_after_address_confirmation,,,,medium,fixed-site institutional indicator but coarse address,https://birth-navi.mhlw.go.jp/facilities/15123
15124,ふわり助産院,,46,46215,薩摩川内市,薩摩川内市平佐町,09049969641,postnatal,postnatal_only_unresolved,fixed_site,classified_from_source_text,yes_after_address_confirmation,,,,medium,fixed-site institutional indicator but coarse address,https://birth-navi.mhlw.go.jp/facilities/15124
15122,るんるん助産院,,46,46215,薩摩川内市,薩摩川内市平佐町,09050251656,postnatal,postnatal_only_unresolved,fixed_site,classified_from_source_text,yes_after_address_confirmation,,,,medium,fixed-site institutional indicator but coarse address,https://birth-navi.mhlw.go.jp/facilities/15122
15121,岩元助産院,,46,46215,薩摩川内市,薩摩川内市平佐,09086692573,postnatal,postnatal_only_unresolved,fixed_site,classified_from_source_text,yes_after_address_confirmation,,,,medium,fixed-site institutional indicator but coarse address,https://birth-navi.mhlw.go.jp/facilities/15121
15207,BAO助産院,,47,47306,今帰仁村,名護市,,postnatal,postnatal_only_unresolved,fixed_site,classified_from_source_text,yes_after_address_confirmation,,,,medium,fixed-site institutional indicator but coarse address,https://birth-navi.mhlw.go.jp/facilities/15207
15180,みねた助産院,,47,47209,名護市,沖縄市,08034695476,postnatal,postnatal_only_unresolved,fixed_site,classified_from_source_text,yes_after_address_confirmation,,,,medium,fixed-site institutional indicator but coarse address,https://birth-navi.mhlw.go.jp/facilities/15180
15206,やんばる希望が丘助産院,,47,47306,今帰仁村,今帰仁村,,postnatal,postnatal_only_unresolved,fixed_site,classified_from_source_text,yes_after_address_confirmation,,,,medium,fixed-site institutional indicator but coarse address,https://birth-navi.mhlw.go.jp/facilities/15206
15239,ゆいは　助産院,,47,47350,南風原町,南風原町字宮平,09053876009,postnatal,postnatal_only_unresolved,fixed_site,classified_from_source_text,yes_after_address_confirmation,,,,medium,fixed-site institutional indicator but coarse address,https://birth-navi.mhlw.go.jp/facilities/15239
15237,助産院　ゆくぐくる,,47,47350,南風原町,南風原町字宮平,09059478172,postnatal,postnatal_only_unresolved,fixed_site,classified_from_source_text,yes_after_address_confirmation,,,,medium,fixed-site institutional indicator but coarse address,https://birth-navi.mhlw.go.jp/facilities/15237
15209,母子未来センター,,47,47306,今帰仁村,沖縄市,,postnatal,postnatal_only_unresolved,fixed_site,classified_from_source_text,yes_after_address_confirmation,,,,medium,fixed-site institutional indicator but coarse address,https://birth-navi.mhlw.go.jp/facilities/15209
12615,訪問専門助産院 にじいろの月,,1,01100,札幌市,厚別区厚別,07074639355,postnatal,postnatal_only_unresolved,hybrid_or_review,classified_from_source_text,review,,,,medium,both outreach wording and fixed-site indicators,https://birth-navi.mhlw.go.jp/facilities/12615
12965,サポート　うぶごえ,,8,08215,北茨城市,高萩市,,postnatal,postnatal_only_unresolved,manual_review_required,classified_from_source_text,review,,,,low,source does not establish fixed-site versus outreach model,https://birth-navi.mhlw.go.jp/facilities/12965
13308,おくだいら助産所,,13,13117,北区,北区志茂,09062762830,postnatal,postnatal_only_unresolved,manual_review_required,classified_from_source_text,review,,,,low,source does not establish fixed-site versus outreach model,https://birth-navi.mhlw.go.jp/facilities/13308
13545,たいよう母乳育児相談室,,14,14216,座間市,座間市,08030982524,postnatal,postnatal_only_unresolved,manual_review_required,classified_from_source_text,review,,,,low,source does not establish fixed-site versus outreach model,https://birth-navi.mhlw.go.jp/facilities/13545
13464,つづき母乳育児相談室,,14,14100,横浜市,横浜市都筑区,0459008970,postnatal,postnatal_only_unresolved,manual_review_required,classified_from_source_text,review,,,,low,source does not establish fixed-site versus outreach model,https://birth-navi.mhlw.go.jp/facilities/13464
13501,栗原母乳育児相談室,,14,14203,平塚市,茅ヶ崎市菱沼海岸,08048833867,postnatal,postnatal_only_unresolved,manual_review_required,classified_from_source_text,review,,,,low,source does not establish fixed-site versus outreach model,https://birth-navi.mhlw.go.jp/facilities/13501
13542,山浦　直子,,14,14216,座間市,海老名市,09024517160,postnatal,postnatal_only_unresolved,manual_review_required,classified_from_source_text,review,,,,low,source does not establish fixed-site versus outreach model,https://birth-navi.mhlw.go.jp/facilities/13542
13540,大山　綾花,,14,14216,座間市,座間市,09093576192,postnatal,postnatal_only_unresolved,manual_review_required,classified_from_source_text,review,,,,low,source does not establish fixed-site versus outreach model,https://birth-navi.mhlw.go.jp/facilities/13540
13541,鈴木　亜紀,,14,14216,座間市,海老名市,08050065059,postnatal,postnatal_only_unresolved,manual_review_required,classified_from_source_text,review,,,,low,source does not establish fixed-site versus outreach model,https://birth-navi.mhlw.go.jp/facilities/13541
13592,神林　恵子,,15,15208,小千谷市,小千谷市片貝町,09078358696,postnatal,postnatal_only_unresolved,manual_review_required,classified_from_source_text,review,,,,low,source does not establish fixed-site versus outreach model,https://birth-navi.mhlw.go.jp/facilities/13592
13653,ははまる助産院,,17,17203,小松市,小松市松梨町,,postnatal,postnatal_only_unresolved,hybrid_or_review,classified_from_source_text,review,,,,medium,both outreach wording and fixed-site indicators,https://birth-navi.mhlw.go.jp/facilities/13653
13689,千秋助産所,,18,18207,鯖江市,福井市春日町,09097675095,postnatal,postnatal_only_unresolved,manual_review_required,classified_from_source_text,review,,,,low,source does not establish fixed-site versus outreach model,https://birth-navi.mhlw.go.jp/facilities/13689
13694,塚本助産所,,18,18207,鯖江市,敦賀市昭和町,09082692990,postnatal,postnatal_only_unresolved,manual_review_required,classified_from_source_text,review,,,,low,source does not establish fixed-site versus outreach model,https://birth-navi.mhlw.go.jp/facilities/13694
13799,あさなみ助産所,,20,20209,伊那市,伊那市美篶,09035133168,postnatal,postnatal_only_unresolved,manual_review_required,classified_from_source_text,review,,,,low,source does not establish fixed-site versus outreach model,https://birth-navi.mhlw.go.jp/facilities/13799
15254,さくらこ助産所,,20,20361,下諏訪町,伊那市西町,08051428157,postnatal,postnatal_only_unresolved,manual_review_required,classified_from_source_text,review,,,,low,source does not establish fixed-site versus outreach model,https://birth-navi.mhlw.go.jp/facilities/15254
13788,たかの母子相談室,,20,20207,須坂市,須坂市亀倉,,postnatal,postnatal_only_unresolved,manual_review_required,classified_from_source_text,review,,,,low,source does not establish fixed-site versus outreach model,https://birth-navi.mhlw.go.jp/facilities/13788
13802,たかの母子相談室,,20,20211,中野市,須坂市亀倉,08072113838,postnatal,postnatal_only_unresolved,manual_review_required,classified_from_source_text,review,,,,low,source does not establish fixed-site versus outreach model,https://birth-navi.mhlw.go.jp/facilities/13802
15256,バースコンダクター楽育 （らくいく）,,20,20361,下諏訪町,飯田市三日市場,09083297466,postnatal,postnatal_only_unresolved,manual_review_required,classified_from_source_text,review,,,,low,source does not establish fixed-site versus outreach model,https://birth-navi.mhlw.go.jp/facilities/15256
15255,マルメロ育児支援室,,20,20361,下諏訪町,上伊那郡宮田村駒ヶ原,08093029407,postnatal,postnatal_only_unresolved,manual_review_required,classified_from_source_text,review,,,,low,source does not establish fixed-site versus outreach model,https://birth-navi.mhlw.go.jp/facilities/15255
13847,長野県助産所,,20,20388,宮田村,それぞれの施設による,,postnatal,postnatal_only_unresolved,manual_review_required,classified_from_source_text,review,,,,low,source does not establish fixed-site versus outreach model,https://birth-navi.mhlw.go.jp/facilities/13847
13830,母乳相談室あいら,,20,20350,長和町,南箕輪村田畑,09040225061,postnatal,postnatal_only_unresolved,manual_review_required,classified_from_source_text,review,,,,low,source does not establish fixed-site versus outreach model,https://birth-navi.mhlw.go.jp/facilities/13830
13933,お母さんと赤ちゃんの相談 ぬくもり,,22,22100,静岡市,静岡市清水区,09038791573,postnatal,postnatal_only_unresolved,manual_review_required,classified_from_source_text,review,,,,low,source does not establish fixed-site versus outreach model,https://birth-navi.mhlw.go.jp/facilities/13933
13927,にこ相談室,,22,22100,静岡市,静岡市駿河区,09070419554,postnatal,postnatal_only_unresolved,manual_review_required,classified_from_source_text,review,,,,low,source does not establish fixed-site versus outreach model,https://birth-navi.mhlw.go.jp/facilities/13927
13964,マニーズテラス　ククー,,22,22210,富士市,富士市岩本,07089691041,postnatal,postnatal_only_unresolved,manual_review_required,classified_from_source_text,review,,,,low,source does not establish fixed-site versus outreach model,https://birth-navi.mhlw.go.jp/facilities/13964
13928,出張専門　しもむら助産院,,22,22100,静岡市,静岡市清水区,09093363659,postnatal,postnatal_only_unresolved,hybrid_or_review,classified_from_source_text,review,,,,medium,both outreach wording and fixed-site indicators,https://birth-navi.mhlw.go.jp/facilities/13928
13930,母乳体操　軽いお産,,22,22100,静岡市,静岡市清水区,0543404033,postnatal,postnatal_only_unresolved,manual_review_required,classified_from_source_text,review,,,,low,source does not establish fixed-site versus outreach model,https://birth-navi.mhlw.go.jp/facilities/13930
14085,しなのき訪問助産院,,23,23222,東海市,愛知県東海市,09085473170,postnatal,postnatal_only_unresolved,hybrid_or_review,classified_from_source_text,review,,,,medium,both outreach wording and fixed-site indicators,https://birth-navi.mhlw.go.jp/facilities/14085
14138,OLA,,24,24205,桑名市,三重郡菰野町（以下非公開）,09068034358,postnatal,postnatal_only_unresolved,manual_review_required,classified_from_source_text,review,,,,low,source does not establish fixed-site versus outreach model,https://birth-navi.mhlw.go.jp/facilities/14138
14143,うららか,,24,24205,桑名市,鈴鹿市稲生塩屋（以下非公開）,09025010328,postnatal,postnatal_only_unresolved,manual_review_required,classified_from_source_text,review,,,,low,source does not establish fixed-site versus outreach model,https://birth-navi.mhlw.go.jp/facilities/14143
14142,きわ助産所,,24,24205,桑名市,鈴鹿市南玉垣町（以下非公開）,09090502073,postnatal,postnatal_only_unresolved,manual_review_required,classified_from_source_text,review,,,,low,source does not establish fixed-site versus outreach model,https://birth-navi.mhlw.go.jp/facilities/14142
14130,ご縁まる,,24,24205,桑名市,"三重郡川越町亀田新田
（以下非公開）",07016656685,postnatal,postnatal_only_unresolved,manual_review_required,classified_from_source_text,review,,,,low,source does not establish fixed-site versus outreach model,https://birth-navi.mhlw.go.jp/facilities/14130
14141,とも助産所,,24,24205,桑名市,鈴鹿市（以下非公開）,09021326980,postnatal,postnatal_only_unresolved,manual_review_required,classified_from_source_text,review,,,,low,source does not establish fixed-site versus outreach model,https://birth-navi.mhlw.go.jp/facilities/14141
14133,はなえみ助産所,,24,24205,桑名市,四日市市阿倉川（以下非公開）,09035829111,postnatal,postnatal_only_unresolved,manual_review_required,classified_from_source_text,review,,,,low,source does not establish fixed-site versus outreach model,https://birth-navi.mhlw.go.jp/facilities/14133
15258,もなみ助産所,,24,24207,鈴鹿市,津市,09070454383,postnatal,postnatal_only_unresolved,manual_review_required,classified_from_source_text,review,,,,low,source does not establish fixed-site versus outreach model,https://birth-navi.mhlw.go.jp/facilities/15258
14132,出張専門アキ助産院,,24,24205,桑名市,四日市市山城町（以下非公開）,07091501848,postnatal,postnatal_only_unresolved,hybrid_or_review,classified_from_source_text,review,,,,medium,both outreach wording and fixed-site indicators,https://birth-navi.mhlw.go.jp/facilities/14132
15623,助産所　お日さま,,24,24202,四日市市,四日市市西山町,09073048425,postnatal,postnatal_only_unresolved,manual_review_required,classified_from_source_text,review,,,,low,source does not establish fixed-site versus outreach model,https://birth-navi.mhlw.go.jp/facilities/15623
14140,助産所ははみちる,,24,24205,桑名市,鈴鹿市郡山町（以下非公開）,09039687653,postnatal,postnatal_only_unresolved,manual_review_required,classified_from_source_text,review,,,,low,source does not establish fixed-site versus outreach model,https://birth-navi.mhlw.go.jp/facilities/14140
15266,松村母乳相談室,,25,25201,大津市,滋賀県近江八幡市馬淵町,09088262011,postnatal,postnatal_only_unresolved,manual_review_required,classified_from_source_text,review,,,,low,source does not establish fixed-site versus outreach model,https://birth-navi.mhlw.go.jp/facilities/15266
15624,訪問助産師保育士　でことぼこ,,25,25201,大津市,大津市,09054679268,postnatal,postnatal_only_unresolved,hybrid_or_review,classified_from_source_text,review,,,,medium,both outreach wording and fixed-site indicators,https://birth-navi.mhlw.go.jp/facilities/15624
14291,社会福祉法人　八尾隣保館　ルフレ八尾,,27,27212,八尾市,八尾市高美町,0729221032,postnatal,postnatal_only_unresolved,manual_review_required,classified_from_source_text,review,,,,low,source does not establish fixed-site versus outreach model,https://birth-navi.mhlw.go.jp/facilities/14291
14411,"あかちゃんとママの寄り添いサポート""ここねっと""",,30,30201,和歌山市,和歌山市小松原,,postnatal,postnatal_only_unresolved,manual_review_required,classified_from_source_text,review,,,,low,source does not establish fixed-site versus outreach model,https://birth-navi.mhlw.go.jp/facilities/14411
14419,あかちゃんとママの寄り添いサポート“ここねっと”,,30,30202,海南市,和歌山市小松原,,postnatal,postnatal_only_unresolved,manual_review_required,classified_from_source_text,review,,,,low,source does not establish fixed-site versus outreach model,https://birth-navi.mhlw.go.jp/facilities/14419
15678,よこやま産婦人科,,34,34212,東広島市,東広島市高屋町,0824347777,postnatal,postnatal_only_unresolved,manual_review_required,classified_from_source_text,review,,,,low,source does not establish fixed-site versus outreach model,https://birth-navi.mhlw.go.jp/facilities/15678
15683,助産所　晴の灯,,35,35212,柳井市,柳井市遠崎,08063239252,postnatal,postnatal_only_unresolved,manual_review_required,classified_from_source_text,review,,,,low,source does not establish fixed-site versus outreach model,https://birth-navi.mhlw.go.jp/facilities/15683
15700,大島　嘉子,,37,37201,高松市,高松市牟礼町,09047848893,postnatal,postnatal_only_unresolved,manual_review_required,classified_from_source_text,review,,,,low,source does not establish fixed-site versus outreach model,https://birth-navi.mhlw.go.jp/facilities/15700
14683,nogamidwife,,38,38201,松山市,松山市北斎院町,09015710515,postnatal,postnatal_only_unresolved,manual_review_required,classified_from_source_text,review,,,,low,source does not establish fixed-site versus outreach model,https://birth-navi.mhlw.go.jp/facilities/14683
14769,Maternity home ハコ音色,,40,40205,飯塚市,福岡市早良区野芥,09050153820,postnatal,postnatal_only_unresolved,manual_review_required,classified_from_source_text,review,,,,low,source does not establish fixed-site versus outreach model,https://birth-navi.mhlw.go.jp/facilities/14769
14767,マタニティ・サポート佳,,40,40205,飯塚市,北九州市八幡西区浅川学園台,09097251047,postnatal,postnatal_only_unresolved,manual_review_required,classified_from_source_text,review,,,,low,source does not establish fixed-site versus outreach model,https://birth-navi.mhlw.go.jp/facilities/14767
14866,親子サポート　ほほえみ,,40,40621,苅田町,北九州市小倉南区津田新町,09094805196,postnatal,postnatal_only_unresolved,manual_review_required,classified_from_source_text,review,,,,low,source does not establish fixed-site versus outreach model,https://birth-navi.mhlw.go.jp/facilities/14866
15718,訪問助産院はるなの,,40,40100,北九州市,北九州市八幡西区,08055842138,postnatal,postnatal_only_unresolved,hybrid_or_review,classified_from_source_text,review,,,,medium,both outreach wording and fixed-site indicators,https://birth-navi.mhlw.go.jp/facilities/15718
15746,出張専門すみれ助産院,,42,42201,長崎市,長崎市相生町,09064270054,postnatal,postnatal_only_unresolved,hybrid_or_review,classified_from_source_text,review,,,,medium,both outreach wording and fixed-site indicators,https://birth-navi.mhlw.go.jp/facilities/15746
15752,出張専門助産院ひなた,,42,42201,長崎市,壱岐市勝本町立石仲触,09074796428,postnatal,postnatal_only_unresolved,hybrid_or_review,classified_from_source_text,review,,,,medium,both outreach wording and fixed-site indicators,https://birth-navi.mhlw.go.jp/facilities/15752
15744,福田母乳育児相談室,,42,42201,長崎市,長崎市魚の町,0958292200,postnatal,postnatal_only_unresolved,manual_review_required,classified_from_source_text,review,,,,low,source does not establish fixed-site versus outreach model,https://birth-navi.mhlw.go.jp/facilities/15744
15753,訪問型　さき助産院,,42,42201,長崎市,西彼杵郡長与町,09051866339,postnatal,postnatal_only_unresolved,hybrid_or_review,classified_from_source_text,review,,,,medium,both outreach wording and fixed-site indicators,https://birth-navi.mhlw.go.jp/facilities/15753
15055,mom＆babysalon en,,44,44201,大分市,大分市上田町,09045834852,postnatal,postnatal_only_unresolved,manual_review_required,classified_from_source_text,review,,,,low,source does not establish fixed-site versus outreach model,https://birth-navi.mhlw.go.jp/facilities/15055
15074,となりのおばちゃん田原助産所,,44,44201,大分市,中津市下宮永,08039442980,postnatal,postnatal_only_unresolved,manual_review_required,classified_from_source_text,review,,,,low,source does not establish fixed-site versus outreach model,https://birth-navi.mhlw.go.jp/facilities/15074
15063,吉田助産所,,44,44201,大分市,臼杵市南海添,09045839195,postnatal,postnatal_only_unresolved,manual_review_required,classified_from_source_text,review,,,,low,source does not establish fixed-site versus outreach model,https://birth-navi.mhlw.go.jp/facilities/15063
15057,産前産後ケアNeRiNe,,44,44201,大分市,大分市明野北,09050969499,postnatal,postnatal_only_unresolved,manual_review_required,classified_from_source_text,review,,,,low,source does not establish fixed-site versus outreach model,https://birth-navi.mhlw.go.jp/facilities/15057
15049,室助産所,,44,44201,大分市,大分市季の坂,09073813175,postnatal,postnatal_only_unresolved,manual_review_required,classified_from_source_text,review,,,,low,source does not establish fixed-site versus outreach model,https://birth-navi.mhlw.go.jp/facilities/15049
15062,助産所宙SORA,,44,44201,大分市,臼杵市大字江無田,09074731797,postnatal,postnatal_only_unresolved,manual_review_required,classified_from_source_text,review,,,,low,source does not establish fixed-site versus outreach model,https://birth-navi.mhlw.go.jp/facilities/15062
15073,堂本助産所,,44,44201,大分市,中津市大字宮夫,09084066727,postnatal,postnatal_only_unresolved,manual_review_required,classified_from_source_text,review,,,,low,source does not establish fixed-site versus outreach model,https://birth-navi.mhlw.go.jp/facilities/15073
15048,敷嶋助産所,,44,44201,大分市,大分市羽田,09043439701,postnatal,postnatal_only_unresolved,manual_review_required,classified_from_source_text,review,,,,low,source does not establish fixed-site versus outreach model,https://birth-navi.mhlw.go.jp/facilities/15048
15064,母乳・育児相談とまり木,,44,44201,大分市,臼杵市野津町,09098106834,postnatal,postnatal_only_unresolved,manual_review_required,classified_from_source_text,review,,,,low,source does not establish fixed-site versus outreach model,https://birth-navi.mhlw.go.jp/facilities/15064
15085,黒木　亜紀子,,45,45201,宮崎市,宮崎市清水,09080026371,postnatal,postnatal_only_unresolved,manual_review_required,classified_from_source_text,review,,,,low,source does not establish fixed-site versus outreach model,https://birth-navi.mhlw.go.jp/facilities/15085
15141,壽じょさん院,,46,46225,姶良市,姶良市松原町,08042704723,postnatal,postnatal_only_unresolved,manual_review_required,classified_from_source_text,review,,,,low,source does not establish fixed-site versus outreach model,https://birth-navi.mhlw.go.jp/facilities/15141
15211,エスフール,,47,47306,今帰仁村,名護市,,postnatal,postnatal_only_unresolved,manual_review_required,classified_from_source_text,review,,,,low,source does not establish fixed-site versus outreach model,https://birth-navi.mhlw.go.jp/facilities/15211
15208,美ら海ハシイ産婦人科,,47,47306,今帰仁村,名護市,,postnatal,postnatal_only_unresolved,manual_review_required,classified_from_source_text,review,,,,low,source does not establish fixed-site versus outreach model,https://birth-navi.mhlw.go.jp/facilities/15208
13110,埼玉県助産師会所沢地区,,11,11209,飯能市,埼玉県,,postnatal,postnatal_only_unresolved,outreach_or_mobile,classified_from_source_text,no_or_review,,,,medium,individual midwife listing with coarse address,https://birth-navi.mhlw.go.jp/facilities/13110
13391,助産師　川杉,,13,13205,青梅市,青梅市河辺町,09065602366,postnatal,postnatal_only_unresolved,outreach_or_mobile,classified_from_source_text,no_or_review,,,,medium,individual midwife listing with coarse address,https://birth-navi.mhlw.go.jp/facilities/13391
13443,助産師　宮﨑　悦子,,14,14100,横浜市,横浜市港北区大倉山,0455429433,postnatal,postnatal_only_unresolved,outreach_or_mobile,classified_from_source_text,no_or_review,,,,medium,individual midwife listing with coarse address,https://birth-navi.mhlw.go.jp/facilities/13443
13462,助産師　高橋幸子,,14,14100,横浜市,横浜市鶴見区馬場,08013999715,postnatal,postnatal_only_unresolved,outreach_or_mobile,classified_from_source_text,no_or_review,,,,medium,individual midwife listing with coarse address,https://birth-navi.mhlw.go.jp/facilities/13462
13472,助産師　市原こずえ,,14,14100,横浜市,横浜市金沢区釜利谷東,09035050294,postnatal,postnatal_only_unresolved,outreach_or_mobile,classified_from_source_text,no_or_review,,,,medium,individual midwife listing with coarse address,https://birth-navi.mhlw.go.jp/facilities/13472
13461,助産師　小島明子,,14,14100,横浜市,横浜市港北区大曽根,08078861258,postnatal,postnatal_only_unresolved,outreach_or_mobile,classified_from_source_text,no_or_review,,,,medium,individual midwife listing with coarse address,https://birth-navi.mhlw.go.jp/facilities/13461
13465,助産師　大塚　桜子,,14,14100,横浜市,横浜市保土ケ谷区坂本町,08052001619,postnatal,postnatal_only_unresolved,outreach_or_mobile,classified_from_source_text,no_or_review,,,,medium,individual midwife listing with coarse address,https://birth-navi.mhlw.go.jp/facilities/13465
13459,助産師　日野川　真由美,,14,14100,横浜市,横浜市港南区港南台,09060079937,postnatal,postnatal_only_unresolved,outreach_or_mobile,classified_from_source_text,no_or_review,,,,medium,individual midwife listing with coarse address,https://birth-navi.mhlw.go.jp/facilities/13459
13593,助産師細川,,15,15208,小千谷市,小千谷市三仏生,09033311030,postnatal,postnatal_only_unresolved,outreach_or_mobile,classified_from_source_text,no_or_review,,,,medium,individual midwife listing with coarse address,https://birth-navi.mhlw.go.jp/facilities/13593
13824,助産師相談所,,20,20309,佐久穂町,佐久穂町,0267862202,postnatal,postnatal_only_unresolved,outreach_or_mobile,classified_from_source_text,no_or_review,,,,medium,individual midwife listing with coarse address,https://birth-navi.mhlw.go.jp/facilities/13824
13931,助産師  大石　桃子,,22,22100,静岡市,静岡市駿河区,08016283870,postnatal,postnatal_only_unresolved,outreach_or_mobile,classified_from_source_text,no_or_review,,,,medium,individual midwife listing with coarse address,https://birth-navi.mhlw.go.jp/facilities/13931
14629,助産師　篠原　美弥子,,35,35216,山陽小野田市,山陽小野田市,09089962359,postnatal,postnatal_only_unresolved,outreach_or_mobile,classified_from_source_text,no_or_review,,,,medium,individual midwife listing with coarse address,https://birth-navi.mhlw.go.jp/facilities/14629
11892,助産院月天心,無床助産所,1,01108,札幌市厚別区,北海道札幌市厚別区　　現在出張訪問のみ自宅出産のみ,09082736256,delivery,priority_22_known_facility_type,outreach_or_mobile,outreach_confirmed,do_not_assign_facility_point,,,,official/manual-source review,Source states current service is outreach/home-birth only.,https://birth-navi.mhlw.go.jp/facilities/11892
12211,助産院乃々,無床助産所,1,01108,札幌市厚別区,北海道札幌市厚別区,09086308419,delivery+postnatal,priority_22_known_facility_type,outreach_or_mobile,outreach_confirmed,do_not_assign_facility_point,北海道札幌市厚別区青葉町,,,official/manual-source review,Official site describes a home-visit-only midwifery practice.,https://birth-navi.mhlw.go.jp/facilities/12211
11793,出張専門ゆずのき助産院,無床助産所,8,08228,坂東市,茨城県坂東市,09027473214,prenatal+delivery+postnatal,priority_22_known_facility_type,outreach_or_mobile,outreach_confirmed,do_not_assign_facility_point,茨城県坂東市小山1185-2,,,official/manual-source review,Official listing identifies it as outreach-only.,https://birth-navi.mhlw.go.jp/facilities/11793
11854,さくら咲く助産院　出張専門,無床助産所,12,12106,千葉市美浜区,千葉県千葉市美浜区高洲,09084795020,delivery,priority_22_known_facility_type,outreach_or_mobile,outreach_confirmed,do_not_assign_facility_point,千葉県千葉市美浜区高洲,,,official/manual-source review,Facility name explicitly states outreach-only.,https://birth-navi.mhlw.go.jp/facilities/11854
11839,出張専門　向谷地幸子,無床助産所,13,13112,世田谷区,東京都世田谷区,09098487043,prenatal+delivery,priority_22_known_facility_type,outreach_or_mobile,outreach_confirmed,do_not_assign_facility_point,東京都世田谷区粕谷,,,official/manual-source review,Deterministic official listing; provider is explicitly outreach-only.,https://birth-navi.mhlw.go.jp/facilities/11839
11900,助産院太陽と月,無床助産所,22,22103,静岡市清水区,静岡県静岡市清水区,09064669713,delivery+postnatal,priority_22_known_facility_type,outreach_or_mobile,outreach_confirmed,do_not_assign_facility_point,静岡県静岡市清水区港町,,,official/manual-source review,Birth Navi states that there is no facility because it is an outreach-only practice.,https://birth-navi.mhlw.go.jp/facilities/11900
12600,木梨助産院,無床助産所,22,22208,伊東市,静岡県伊東市,0557450002,prenatal+delivery,priority_22_known_facility_type,outreach_service_with_registered_base,registered_base_outreach_service,do_not_use_as_service_location; optional_base_geocode,静岡県伊東市荻565-46,,,official/manual-source review,Prefectural registry gives a specific base address and marks delivery as outreach-only; municipal page lists visit-type postnatal care.,https://birth-navi.mhlw.go.jp/facilities/12600
11835,出張専門あいうみ助産院,無床助産所,23,23211,豊田市,愛知県豊田市田中町,09029434067,delivery+postnatal,priority_22_known_facility_type,outreach_or_mobile,outreach_confirmed,do_not_assign_facility_point,愛知県豊田市田中町,,,official/manual-source review,Facility name explicitly states outreach-only.,https://birth-navi.mhlw.go.jp/facilities/11835
11763,中村助産院（出張専門）,無床助産所,26,26103,京都市左京区,京都府京都市左京区,09050114011,delivery,priority_22_known_facility_type,outreach_or_mobile,outreach_confirmed,do_not_assign_facility_point,京都府京都市左京区,,,official/manual-source review,Facility name explicitly states outreach-only.,https://birth-navi.mhlw.go.jp/facilities/11763
12133,とも助産院,無床助産所,27,27123,大阪市淀川区,大阪府大阪市淀川区,08061030711,delivery,priority_22_known_facility_type,outreach_or_mobile,outreach_confirmed,do_not_assign_facility_point,大阪府大阪市淀川区加島,,,official/manual-source review,Official listing states it is outreach-only and has no facility.,https://birth-navi.mhlw.go.jp/facilities/12133
14616,あさのみ助産院,,35,35208,岩国市,愛媛県新居浜市,09031826795,none,other_unresolved,undetermined,manual_review_required,review_before_geocoding,,,,low,Not in priority 22 and not postnatal-only; manual review required.,https://birth-navi.mhlw.go.jp/facilities/14616
14609,いそはま助産院,,35,35206,防府市,周南市本町,08077411692,none,other_unresolved,undetermined,manual_review_required,review_before_geocoding,,,,low,Not in priority 22 and not postnatal-only; manual review required.,https://birth-navi.mhlw.go.jp/facilities/14609
14598,いそはま助産所,,35,35203,山口市,周南市本町,09079492603,none,other_unresolved,undetermined,manual_review_required,review_before_geocoding,,,,low,Not in priority 22 and not postnatal-only; manual review required.,https://birth-navi.mhlw.go.jp/facilities/14598
14611,とよしま助産院,,35,35206,防府市,萩市大字堀内,09075443902,none,other_unresolved,undetermined,manual_review_required,review_before_geocoding,,,,low,Not in priority 22 and not postnatal-only; manual review required.,https://birth-navi.mhlw.go.jp/facilities/14611
14603,マミーズハウス,,35,35203,山口市,岩国市南岩国町,09041060730,none,other_unresolved,undetermined,manual_review_required,review_before_geocoding,,,,low,Not in priority 22 and not postnatal-only; manual review required.,https://birth-navi.mhlw.go.jp/facilities/14603
14595,助産院ぽわんと,,35,35203,山口市,山口市小郡上郷,08029220568,none,other_unresolved,undetermined,manual_review_required,review_before_geocoding,,,,low,Not in priority 22 and not postnatal-only; manual review required.,https://birth-navi.mhlw.go.jp/facilities/14595
15142,出張専門助産院 Mom Tomoni,,46,46225,姶良市,鹿児島市,,none,other_unresolved,undetermined,manual_review_required,review_before_geocoding,,,,low,Not in priority 22 and not postnatal-only; manual review required.,https://birth-navi.mhlw.go.jp/facilities/15142
12696,出張専門助産師みやした,,1,01543,美幌町,北見市,09018906285,postnatal,postnatal_only_unresolved,outreach_or_mobile,classified_from_source_text,no,,,,high,explicit outreach/mobile wording in name/address/access,https://birth-navi.mhlw.go.jp/facilities/12696
12761,出張専門助産所グランマ,,2,02384,鶴田町,鯵ヶ沢町,08018032719,postnatal,postnatal_only_unresolved,outreach_or_mobile,classified_from_source_text,no,,,,high,explicit outreach/mobile wording in name/address/access,https://birth-navi.mhlw.go.jp/facilities/12761
12966,出張訪問助産師　長谷川左弥子,,8,08215,北茨城市,日立市川尻町,08010328181,postnatal,postnatal_only_unresolved,outreach_or_mobile,classified_from_source_text,no,,,,high,explicit outreach/mobile wording in name/address/access,https://birth-navi.mhlw.go.jp/facilities/12966
13043,出張専門助産所　にこ,,9,09364,野木町,茨城県古河市雷電町,08039340025,postnatal,postnatal_only_unresolved,outreach_or_mobile,classified_from_source_text,no,,,,high,explicit outreach/mobile wording in name/address/access,https://birth-navi.mhlw.go.jp/facilities/13043
13187,千葉県助産師会,,12,12204,船橋市,自宅にお伺いします,,postnatal,postnatal_only_unresolved,outreach_or_mobile,classified_from_source_text,no,,,,high,explicit outreach/mobile wording in name/address/access,https://birth-navi.mhlw.go.jp/facilities/13187
15248,つちの子母乳育児相談室（出張専門）,,20,20361,下諏訪町,長野市上松,08051427659,postnatal,postnatal_only_unresolved,outreach_or_mobile,classified_from_source_text,no,,,,high,explicit outreach/mobile wording in name/address/access,https://birth-navi.mhlw.go.jp/facilities/15248
13751,産前産後ケア訪問　なつめ,,20,20201,長野市,長野市川中島町原,09083031972,postnatal,postnatal_only_unresolved,outreach_or_mobile,classified_from_source_text,no,,,,high,explicit outreach/mobile wording in name/address/access,https://birth-navi.mhlw.go.jp/facilities/13751
15238,コツヨシ小児・母子訪問看護ステーション,,47,47350,南風原町,南風原町字津嘉山,0988892525,postnatal,postnatal_only_unresolved,outreach_or_mobile,classified_from_source_text,no,,,,high,explicit outreach/mobile wording in name/address/access,https://birth-navi.mhlw.go.jp/facilities/15238
11889,リラ助産院,無床助産所,1,01204,旭川市,北海道旭川市神居七条六丁目,09031193256,delivery+postnatal,priority_22_known_facility_type,undetermined,manual_lookup_required,manual_verify_before_point_geocoding,北海道旭川市神居七条六丁目,,,official/manual-source review,No sufficiently specific independent official location source was established.,https://birth-navi.mhlw.go.jp/facilities/11889
