birth_navi_id,facility_name,prefecture_id,municipality_code,municipality_name,address,access_method,phone_number,location_model,coordinate_semantics,classification_confidence,classification_reason,manual_point_geocoding,source_url
12613,助産院 tocohana,1,01100,札幌市,札幌市北区あいの里,,09026989741,fixed_site,service_site_or_provider_base,medium,fixed-site institutional indicator but coarse address,confirm_public_base_address_then_geocode,https://birth-navi.mhlw.go.jp/facilities/12613
12614,めまな助産院,1,01100,札幌市,札幌市白石区菊水,,09013073743,fixed_site,service_site_or_provider_base,medium,fixed-site institutional indicator but coarse address,confirm_public_base_address_then_geocode,https://birth-navi.mhlw.go.jp/facilities/12614
12615,訪問専門助産院 にじいろの月,1,01100,札幌市,厚別区厚別,,07074639355,hybrid_or_review,provider_base_with_outreach_service,medium,both outreach wording and fixed-site indicators,identify_registered_or_business_base_then_geocode,https://birth-navi.mhlw.go.jp/facilities/12615
12682,にこ助産院,1,01362,上ノ国町,函館市,,,fixed_site,service_site_or_provider_base,medium,fixed-site institutional indicator but coarse address,confirm_public_base_address_then_geocode,https://birth-navi.mhlw.go.jp/facilities/12682
12696,出張専門助産師みやした,1,01543,美幌町,北見市,,09018906285,outreach_or_mobile,registered_or_business_base_not_service_location,high,explicit outreach/mobile wording in name/address/access; base coordinate remains analytically useful as an approximate provider origin,identify_registered_or_business_base_then_geocode,https://birth-navi.mhlw.go.jp/facilities/12696
12739,まきばの助産院,1,01693,標津町,標津郡中標津町,駐車場,,fixed_site,service_site_or_provider_base,medium,fixed-site institutional indicator but coarse address,confirm_public_base_address_then_geocode,https://birth-navi.mhlw.go.jp/facilities/12739
12761,出張専門助産所グランマ,2,02384,鶴田町,鯵ヶ沢町,,08018032719,outreach_or_mobile,registered_or_business_base_not_service_location,high,explicit outreach/mobile wording in name/address/access; base coordinate remains analytically useful as an approximate provider origin,identify_registered_or_business_base_then_geocode,https://birth-navi.mhlw.go.jp/facilities/12761
12818,ねんねこ助産院,4,04100,仙台市,仙台市青葉区柏木,東北大学病院から5㎞圏は内自転車で訪問致します。地下鉄・JR・バスで訪問可能な範囲（最寄り駅・停留所から徒歩30分以内まで）,07053274471,fixed_site,service_site_or_provider_base,medium,fixed-site institutional indicator but coarse address,confirm_public_base_address_then_geocode,https://birth-navi.mhlw.go.jp/facilities/12818
12828,ユーカリ助産院,4,04100,仙台市,遠田郡美里町大柳,,09070664900,fixed_site,service_site_or_provider_base,medium,fixed-site institutional indicator but coarse address,confirm_public_base_address_then_geocode,https://birth-navi.mhlw.go.jp/facilities/12828
12831,ゆきんこ助産院,4,04100,仙台市,宮城郡利府町,,09033664515,fixed_site,service_site_or_provider_base,medium,fixed-site institutional indicator but coarse address,confirm_public_base_address_then_geocode,https://birth-navi.mhlw.go.jp/facilities/12831
12875,あい助産院,5,05214,にかほ市,由利本荘市,,09013983499,fixed_site,service_site_or_provider_base,medium,fixed-site institutional indicator but coarse address,confirm_public_base_address_then_geocode,https://birth-navi.mhlw.go.jp/facilities/12875
12907,助産院mooi,6,06321,河北町,山形市,,,fixed_site,service_site_or_provider_base,medium,fixed-site institutional indicator but coarse address,confirm_public_base_address_then_geocode,https://birth-navi.mhlw.go.jp/facilities/12907
12908,助産院カルナ,6,06321,河北町,山形市,,05017217257,fixed_site,service_site_or_provider_base,medium,fixed-site institutional indicator but coarse address,confirm_public_base_address_then_geocode,https://birth-navi.mhlw.go.jp/facilities/12908
12910,助産院mooi,6,06366,鮭川村,山形市,,,fixed_site,service_site_or_provider_base,medium,fixed-site institutional indicator but coarse address,confirm_public_base_address_then_geocode,https://birth-navi.mhlw.go.jp/facilities/12910
12953,すみれ助産院,8,08205,石岡市,石岡市,出張型,09080395434,fixed_site,service_site_or_provider_base,medium,fixed-site institutional indicator but coarse address,confirm_public_base_address_then_geocode,https://birth-navi.mhlw.go.jp/facilities/12953
12954,Aina(アイナ）助産院,8,08205,石岡市,土浦市,出張型,08040074245,fixed_site,service_site_or_provider_base,medium,fixed-site institutional indicator but coarse address,confirm_public_base_address_then_geocode,https://birth-navi.mhlw.go.jp/facilities/12954
12965,サポート　うぶごえ,8,08215,北茨城市,高萩市,,,manual_review_required,undetermined_until_review,low,source does not establish fixed-site versus outreach model,review_location_model_then_geocode_provider_base,https://birth-navi.mhlw.go.jp/facilities/12965
12966,出張訪問助産師　長谷川左弥子,8,08215,北茨城市,日立市川尻町,,08010328181,outreach_or_mobile,registered_or_business_base_not_service_location,high,explicit outreach/mobile wording in name/address/access; base coordinate remains analytically useful as an approximate provider origin,identify_registered_or_business_base_then_geocode,https://birth-navi.mhlw.go.jp/facilities/12966
13043,出張専門助産所　にこ,9,09364,野木町,茨城県古河市雷電町,,08039340025,outreach_or_mobile,registered_or_business_base_not_service_location,high,explicit outreach/mobile wording in name/address/access; base coordinate remains analytically useful as an approximate provider origin,identify_registered_or_business_base_then_geocode,https://birth-navi.mhlw.go.jp/facilities/13043
13110,埼玉県助産師会所沢地区,11,11209,飯能市,埼玉県,,,outreach_or_mobile,registered_or_business_base_not_service_location,medium,individual midwife listing with coarse address; base coordinate remains analytically useful as an approximate provider origin,identify_registered_or_business_base_then_geocode,https://birth-navi.mhlw.go.jp/facilities/13110
13126,ひまわり助産院,11,11219,上尾市,上尾市富士見,,09099619089,fixed_site,service_site_or_provider_base,medium,fixed-site institutional indicator but coarse address,confirm_public_base_address_then_geocode,https://birth-navi.mhlw.go.jp/facilities/13126
13183,船橋青い空こどもクリニック,12,12204,船橋市,船橋市米ヶ崎町,,0474070201,fixed_site,service_site_or_provider_base,medium,fixed-site institutional indicator but coarse address,confirm_public_base_address_then_geocode,https://birth-navi.mhlw.go.jp/facilities/13183
13186,レ・アーリ助産院,12,12204,船橋市,鎌ヶ谷市,,,fixed_site,service_site_or_provider_base,medium,fixed-site institutional indicator but coarse address,confirm_public_base_address_then_geocode,https://birth-navi.mhlw.go.jp/facilities/13186
13187,千葉県助産師会,12,12204,船橋市,自宅にお伺いします,,,outreach_or_mobile,registered_or_business_base_not_service_location,high,explicit outreach/mobile wording in name/address/access; base coordinate remains analytically useful as an approximate provider origin,identify_registered_or_business_base_then_geocode,https://birth-navi.mhlw.go.jp/facilities/13187
13190,なつむら助産院,12,12205,館山市,千葉県館山市北条,館山駅,0470234564,fixed_site,service_site_or_provider_base,medium,fixed-site institutional indicator but coarse address,confirm_public_base_address_then_geocode,https://birth-navi.mhlw.go.jp/facilities/13190
13308,おくだいら助産所,13,13117,北区,北区志茂,,09062762830,manual_review_required,undetermined_until_review,low,source does not establish fixed-site versus outreach model,review_location_model_then_geocode_provider_base,https://birth-navi.mhlw.go.jp/facilities/13308
13391,助産師　川杉,13,13205,青梅市,青梅市河辺町,,09065602366,outreach_or_mobile,registered_or_business_base_not_service_location,medium,individual midwife listing with coarse address; base coordinate remains analytically useful as an approximate provider origin,identify_registered_or_business_base_then_geocode,https://birth-navi.mhlw.go.jp/facilities/13391
13443,助産師　宮﨑　悦子,14,14100,横浜市,横浜市港北区大倉山,,0455429433,outreach_or_mobile,registered_or_business_base_not_service_location,medium,individual midwife listing with coarse address; base coordinate remains analytically useful as an approximate provider origin,identify_registered_or_business_base_then_geocode,https://birth-navi.mhlw.go.jp/facilities/13443
13446,助産師　兵頭めぐみ,14,14100,横浜市,横浜市神奈川区,JR東神奈川駅,09079807526,fixed_site,service_site_or_provider_base,medium,fixed-site institutional indicator but coarse address,confirm_public_base_address_then_geocode,https://birth-navi.mhlw.go.jp/facilities/13446
13459,助産師　日野川　真由美,14,14100,横浜市,横浜市港南区港南台,,09060079937,outreach_or_mobile,registered_or_business_base_not_service_location,medium,individual midwife listing with coarse address; base coordinate remains analytically useful as an approximate provider origin,identify_registered_or_business_base_then_geocode,https://birth-navi.mhlw.go.jp/facilities/13459
13461,助産師　小島明子,14,14100,横浜市,横浜市港北区大曽根,,08078861258,outreach_or_mobile,registered_or_business_base_not_service_location,medium,individual midwife listing with coarse address; base coordinate remains analytically useful as an approximate provider origin,identify_registered_or_business_base_then_geocode,https://birth-navi.mhlw.go.jp/facilities/13461
13462,助産師　高橋幸子,14,14100,横浜市,横浜市鶴見区馬場,,08013999715,outreach_or_mobile,registered_or_business_base_not_service_location,medium,individual midwife listing with coarse address; base coordinate remains analytically useful as an approximate provider origin,identify_registered_or_business_base_then_geocode,https://birth-navi.mhlw.go.jp/facilities/13462
13464,つづき母乳育児相談室,14,14100,横浜市,横浜市都筑区,,0459008970,manual_review_required,undetermined_until_review,low,source does not establish fixed-site versus outreach model,review_location_model_then_geocode_provider_base,https://birth-navi.mhlw.go.jp/facilities/13464
13465,助産師　大塚　桜子,14,14100,横浜市,横浜市保土ケ谷区坂本町,,08052001619,outreach_or_mobile,registered_or_business_base_not_service_location,medium,individual midwife listing with coarse address; base coordinate remains analytically useful as an approximate provider origin,identify_registered_or_business_base_then_geocode,https://birth-navi.mhlw.go.jp/facilities/13465
13472,助産師　市原こずえ,14,14100,横浜市,横浜市金沢区釜利谷東,,09035050294,outreach_or_mobile,registered_or_business_base_not_service_location,medium,individual midwife listing with coarse address; base coordinate remains analytically useful as an approximate provider origin,identify_registered_or_business_base_then_geocode,https://birth-navi.mhlw.go.jp/facilities/13472
13498,出張助産師サロン　Ｂａｂｙ　Lｉｈｉ,14,14203,平塚市,平塚市,,07050822534,fixed_site,service_site_or_provider_base,medium,fixed-site institutional indicator but coarse address,confirm_public_base_address_then_geocode,https://birth-navi.mhlw.go.jp/facilities/13498
13501,栗原母乳育児相談室,14,14203,平塚市,茅ヶ崎市菱沼海岸,,08048833867,manual_review_required,undetermined_until_review,low,source does not establish fixed-site versus outreach model,review_location_model_then_geocode_provider_base,https://birth-navi.mhlw.go.jp/facilities/13501
13540,大山　綾花,14,14216,座間市,座間市,,09093576192,manual_review_required,undetermined_until_review,low,source does not establish fixed-site versus outreach model,review_location_model_then_geocode_provider_base,https://birth-navi.mhlw.go.jp/facilities/13540
13541,鈴木　亜紀,14,14216,座間市,海老名市,,08050065059,manual_review_required,undetermined_until_review,low,source does not establish fixed-site versus outreach model,review_location_model_then_geocode_provider_base,https://birth-navi.mhlw.go.jp/facilities/13541
13542,山浦　直子,14,14216,座間市,海老名市,,09024517160,manual_review_required,undetermined_until_review,low,source does not establish fixed-site versus outreach model,review_location_model_then_geocode_provider_base,https://birth-navi.mhlw.go.jp/facilities/13542
13543,SUNFLOWER助産院,14,14216,座間市,相模原市,,,fixed_site,service_site_or_provider_base,medium,fixed-site institutional indicator but coarse address,confirm_public_base_address_then_geocode,https://birth-navi.mhlw.go.jp/facilities/13543
13544,助産院　織々,14,14216,座間市,海老名市,,09063390994,fixed_site,service_site_or_provider_base,medium,fixed-site institutional indicator but coarse address,confirm_public_base_address_then_geocode,https://birth-navi.mhlw.go.jp/facilities/13544
13545,たいよう母乳育児相談室,14,14216,座間市,座間市,,08030982524,manual_review_required,undetermined_until_review,low,source does not establish fixed-site versus outreach model,review_location_model_then_geocode_provider_base,https://birth-navi.mhlw.go.jp/facilities/13545
13547,ここむすび助産院,14,14216,座間市,大和市,,,fixed_site,service_site_or_provider_base,medium,fixed-site institutional indicator but coarse address,confirm_public_base_address_then_geocode,https://birth-navi.mhlw.go.jp/facilities/13547
13592,神林　恵子,15,15208,小千谷市,小千谷市片貝町,,09078358696,manual_review_required,undetermined_until_review,low,source does not establish fixed-site versus outreach model,review_location_model_then_geocode_provider_base,https://birth-navi.mhlw.go.jp/facilities/13592
13593,助産師細川,15,15208,小千谷市,小千谷市三仏生,,09033311030,outreach_or_mobile,registered_or_business_base_not_service_location,medium,individual midwife listing with coarse address; base coordinate remains analytically useful as an approximate provider origin,identify_registered_or_business_base_then_geocode,https://birth-navi.mhlw.go.jp/facilities/13593
13597,産後ケアハウス ねんね,15,15212,村上市,【木・金曜日】新発田市中曽根町 【火・水曜日】新発田市住吉町,,,fixed_site,service_site_or_provider_base,medium,fixed-site institutional indicator but coarse address,confirm_public_base_address_then_geocode,https://birth-navi.mhlw.go.jp/facilities/13597
13650,あやめ助産院,17,17203,小松市,小松市西軽海町,,09028337326,fixed_site,service_site_or_provider_base,medium,fixed-site institutional indicator but coarse address,confirm_public_base_address_then_geocode,https://birth-navi.mhlw.go.jp/facilities/13650
13652,さち助産院,17,17203,小松市,小松市上本折町,,08030442434,fixed_site,service_site_or_provider_base,medium,fixed-site institutional indicator but coarse address,confirm_public_base_address_then_geocode,https://birth-navi.mhlw.go.jp/facilities/13652
13653,ははまる助産院,17,17203,小松市,小松市松梨町,出張専門,,hybrid_or_review,provider_base_with_outreach_service,medium,both outreach wording and fixed-site indicators,identify_registered_or_business_base_then_geocode,https://birth-navi.mhlw.go.jp/facilities/13653
13654,矢野助産院,17,17203,小松市,小松市蓮代寺町,,,fixed_site,service_site_or_provider_base,medium,fixed-site institutional indicator but coarse address,confirm_public_base_address_then_geocode,https://birth-navi.mhlw.go.jp/facilities/13654
13689,千秋助産所,18,18207,鯖江市,福井市春日町,,09097675095,manual_review_required,undetermined_until_review,low,source does not establish fixed-site versus outreach model,review_location_model_then_geocode_provider_base,https://birth-navi.mhlw.go.jp/facilities/13689
13692,なばたけ助産院,18,18207,鯖江市,坂井市坂井町若宮,,09061506375,fixed_site,service_site_or_provider_base,medium,fixed-site institutional indicator but coarse address,confirm_public_base_address_then_geocode,https://birth-navi.mhlw.go.jp/facilities/13692
13693,みらい助産院,18,18207,鯖江市,越前町広野,,09082610352,fixed_site,service_site_or_provider_base,medium,fixed-site institutional indicator but coarse address,confirm_public_base_address_then_geocode,https://birth-navi.mhlw.go.jp/facilities/13693
13694,塚本助産所,18,18207,鯖江市,敦賀市昭和町,,09082692990,manual_review_required,undetermined_until_review,low,source does not establish fixed-site versus outreach model,review_location_model_then_geocode_provider_base,https://birth-navi.mhlw.go.jp/facilities/13694
13703,ｉｏｒｉ助産院,18,18210,坂井市,福井市町屋,,09037628171,fixed_site,service_site_or_provider_base,medium,fixed-site institutional indicator but coarse address,confirm_public_base_address_then_geocode,https://birth-navi.mhlw.go.jp/facilities/13703
13706,のじま助産院,18,18210,坂井市,越前市,,09085743190,fixed_site,service_site_or_provider_base,medium,fixed-site institutional indicator but coarse address,confirm_public_base_address_then_geocode,https://birth-navi.mhlw.go.jp/facilities/13706
13707,いちご助産院,18,18210,坂井市,敦賀市山泉,,09077409475,fixed_site,service_site_or_provider_base,medium,fixed-site institutional indicator but coarse address,confirm_public_base_address_then_geocode,https://birth-navi.mhlw.go.jp/facilities/13707
13709,みちる助産院,18,18210,坂井市,敦賀市松葉町,,09071920733,fixed_site,service_site_or_provider_base,medium,fixed-site institutional indicator but coarse address,confirm_public_base_address_then_geocode,https://birth-navi.mhlw.go.jp/facilities/13709
13710,NAMIE助産院,18,18210,坂井市,敦賀市舞崎町,,08040107674,fixed_site,service_site_or_provider_base,medium,fixed-site institutional indicator but coarse address,confirm_public_base_address_then_geocode,https://birth-navi.mhlw.go.jp/facilities/13710
13712,やく助産院,18,18210,坂井市,高浜町東三松,,09090420803,fixed_site,service_site_or_provider_base,medium,fixed-site institutional indicator but coarse address,confirm_public_base_address_then_geocode,https://birth-navi.mhlw.go.jp/facilities/13712
13751,産前産後ケア訪問　なつめ,20,20201,長野市,長野市川中島町原,ご自宅や里帰り先に訪問いたします。,09083031972,outreach_or_mobile,registered_or_business_base_not_service_location,high,explicit outreach/mobile wording in name/address/access; base coordinate remains analytically useful as an approximate provider origin,identify_registered_or_business_base_then_geocode,https://birth-navi.mhlw.go.jp/facilities/13751
13788,たかの母子相談室,20,20207,須坂市,須坂市亀倉,,,manual_review_required,undetermined_until_review,low,source does not establish fixed-site versus outreach model,review_location_model_then_geocode_provider_base,https://birth-navi.mhlw.go.jp/facilities/13788
13797,花雪助産院,20,20208,小諸市,東御市八重原,予約はLINEでhttps://line.me/R/ti/p@123nreck,,fixed_site,service_site_or_provider_base,medium,fixed-site institutional indicator but coarse address,confirm_public_base_address_then_geocode,https://birth-navi.mhlw.go.jp/facilities/13797
13799,あさなみ助産所,20,20209,伊那市,伊那市美篶,,09035133168,manual_review_required,undetermined_until_review,low,source does not establish fixed-site versus outreach model,review_location_model_then_geocode_provider_base,https://birth-navi.mhlw.go.jp/facilities/13799
13802,たかの母子相談室,20,20211,中野市,須坂市亀倉,,08072113838,manual_review_required,undetermined_until_review,low,source does not establish fixed-site versus outreach model,review_location_model_then_geocode_provider_base,https://birth-navi.mhlw.go.jp/facilities/13802
13824,助産師相談所,20,20309,佐久穂町,佐久穂町,,0267862202,outreach_or_mobile,registered_or_business_base_not_service_location,medium,individual midwife listing with coarse address; base coordinate remains analytically useful as an approximate provider origin,identify_registered_or_business_base_then_geocode,https://birth-navi.mhlw.go.jp/facilities/13824
13826,おひさま助産院,20,20350,長和町,駒ケ根市赤穂,,09024484669,fixed_site,service_site_or_provider_base,medium,fixed-site institutional indicator but coarse address,confirm_public_base_address_then_geocode,https://birth-navi.mhlw.go.jp/facilities/13826
13827,ひより助産院・ひより母乳育児相談室,20,20350,長和町,長野市栗田,,09018293689,fixed_site,service_site_or_provider_base,medium,fixed-site institutional indicator but coarse address,confirm_public_base_address_then_geocode,https://birth-navi.mhlw.go.jp/facilities/13827
13829,華助産院,20,20350,長和町,南箕輪村北殿,,09057993729,fixed_site,service_site_or_provider_base,medium,fixed-site institutional indicator but coarse address,confirm_public_base_address_then_geocode,https://birth-navi.mhlw.go.jp/facilities/13829
13830,母乳相談室あいら,20,20350,長和町,南箕輪村田畑,,09040225061,manual_review_required,undetermined_until_review,low,source does not establish fixed-site versus outreach model,review_location_model_then_geocode_provider_base,https://birth-navi.mhlw.go.jp/facilities/13830
13831,幸助産院,20,20350,長和町,駒ケ根市赤穂,,09033436330,fixed_site,service_site_or_provider_base,medium,fixed-site institutional indicator but coarse address,confirm_public_base_address_then_geocode,https://birth-navi.mhlw.go.jp/facilities/13831
13847,長野県助産所,20,20388,宮田村,それぞれの施設による,それぞれの施設による,,manual_review_required,undetermined_until_review,low,source does not establish fixed-site versus outreach model,review_location_model_then_geocode_provider_base,https://birth-navi.mhlw.go.jp/facilities/13847
13868,花雪助産院,20,20590,飯綱町,東御市八重原,,,fixed_site,service_site_or_provider_base,medium,fixed-site institutional indicator but coarse address,confirm_public_base_address_then_geocode,https://birth-navi.mhlw.go.jp/facilities/13868
13880,あかり助産院,21,21205,関市,郡上市和良町,駐車場：あり,09076813444,fixed_site,service_site_or_provider_base,medium,fixed-site institutional indicator but coarse address,confirm_public_base_address_then_geocode,https://birth-navi.mhlw.go.jp/facilities/13880
13919,助産院 海の色,22,22100,静岡市,静岡市駿河区中田,,08051054724,fixed_site,service_site_or_provider_base,medium,fixed-site institutional indicator but coarse address,confirm_public_base_address_then_geocode,https://birth-navi.mhlw.go.jp/facilities/13919
13924,きみいろ助産院,22,22100,静岡市,静岡市葵区,,09044078258,fixed_site,service_site_or_provider_base,medium,fixed-site institutional indicator but coarse address,confirm_public_base_address_then_geocode,https://birth-navi.mhlw.go.jp/facilities/13924
13925,オハナ助産院,22,22100,静岡市,静岡市駿河区,,09091974925,fixed_site,service_site_or_provider_base,medium,fixed-site institutional indicator but coarse address,confirm_public_base_address_then_geocode,https://birth-navi.mhlw.go.jp/facilities/13925
13926,母乳と育児の相談室　さと助産院,22,22100,静岡市,静岡市駿河区,,09029234475,fixed_site,service_site_or_provider_base,medium,fixed-site institutional indicator but coarse address,confirm_public_base_address_then_geocode,https://birth-navi.mhlw.go.jp/facilities/13926
13927,にこ相談室,22,22100,静岡市,静岡市駿河区,,09070419554,manual_review_required,undetermined_until_review,low,source does not establish fixed-site versus outreach model,review_location_model_then_geocode_provider_base,https://birth-navi.mhlw.go.jp/facilities/13927
13928,出張専門　しもむら助産院,22,22100,静岡市,静岡市清水区,,09093363659,hybrid_or_review,provider_base_with_outreach_service,medium,both outreach wording and fixed-site indicators,identify_registered_or_business_base_then_geocode,https://birth-navi.mhlw.go.jp/facilities/13928
13929,助産院　夢生,22,22100,静岡市,静岡市清水区,,08016215790,fixed_site,service_site_or_provider_base,medium,fixed-site institutional indicator but coarse address,confirm_public_base_address_then_geocode,https://birth-navi.mhlw.go.jp/facilities/13929
13930,母乳体操　軽いお産,22,22100,静岡市,静岡市清水区,,0543404033,manual_review_required,undetermined_until_review,low,source does not establish fixed-site versus outreach model,review_location_model_then_geocode_provider_base,https://birth-navi.mhlw.go.jp/facilities/13930
13931,助産師  大石　桃子,22,22100,静岡市,静岡市駿河区,,08016283870,outreach_or_mobile,registered_or_business_base_not_service_location,medium,individual midwife listing with coarse address; base coordinate remains analytically useful as an approximate provider origin,identify_registered_or_business_base_then_geocode,https://birth-navi.mhlw.go.jp/facilities/13931
13932,すずき助産院,22,22100,静岡市,静岡市清水区,,09032142434,fixed_site,service_site_or_provider_base,medium,fixed-site institutional indicator but coarse address,confirm_public_base_address_then_geocode,https://birth-navi.mhlw.go.jp/facilities/13932
13933,お母さんと赤ちゃんの相談 ぬくもり,22,22100,静岡市,静岡市清水区,,09038791573,manual_review_required,undetermined_until_review,low,source does not establish fixed-site versus outreach model,review_location_model_then_geocode_provider_base,https://birth-navi.mhlw.go.jp/facilities/13933
13934,うえだ助産院,22,22100,静岡市,静岡市清水区,,09092261203,fixed_site,service_site_or_provider_base,medium,fixed-site institutional indicator but coarse address,confirm_public_base_address_then_geocode,https://birth-navi.mhlw.go.jp/facilities/13934
13964,マニーズテラス　ククー,22,22210,富士市,富士市岩本,,07089691041,manual_review_required,undetermined_until_review,low,source does not establish fixed-site versus outreach model,review_location_model_then_geocode_provider_base,https://birth-navi.mhlw.go.jp/facilities/13964
13966,サニーシード,22,22210,富士市,富士市大淵,駐車場有,,fixed_site,service_site_or_provider_base,medium,fixed-site institutional indicator but coarse address,confirm_public_base_address_then_geocode,https://birth-navi.mhlw.go.jp/facilities/13966
14085,しなのき訪問助産院,23,23222,東海市,愛知県東海市,,09085473170,hybrid_or_review,provider_base_with_outreach_service,medium,both outreach wording and fixed-site indicators,identify_registered_or_business_base_then_geocode,https://birth-navi.mhlw.go.jp/facilities/14085
14086,アロマ助産院ひだまり,23,23222,東海市,愛知県東海市富木島町,知多バス『上野台』下車徒歩３分　駐車場あり,08045442500,fixed_site,service_site_or_provider_base,medium,fixed-site institutional indicator but coarse address,confirm_public_base_address_then_geocode,https://birth-navi.mhlw.go.jp/facilities/14086
14130,ご縁まる,24,24205,桑名市,"三重郡川越町亀田新田
（以下非公開）",,07016656685,manual_review_required,undetermined_until_review,low,source does not establish fixed-site versus outreach model,review_location_model_then_geocode_provider_base,https://birth-navi.mhlw.go.jp/facilities/14130
14132,出張専門アキ助産院,24,24205,桑名市,四日市市山城町（以下非公開）,,07091501848,hybrid_or_review,provider_base_with_outreach_service,medium,both outreach wording and fixed-site indicators,identify_registered_or_business_base_then_geocode,https://birth-navi.mhlw.go.jp/facilities/14132
14133,はなえみ助産所,24,24205,桑名市,四日市市阿倉川（以下非公開）,,09035829111,manual_review_required,undetermined_until_review,low,source does not establish fixed-site versus outreach model,review_location_model_then_geocode_provider_base,https://birth-navi.mhlw.go.jp/facilities/14133
14138,OLA,24,24205,桑名市,三重郡菰野町（以下非公開）,,09068034358,manual_review_required,undetermined_until_review,low,source does not establish fixed-site versus outreach model,review_location_model_then_geocode_provider_base,https://birth-navi.mhlw.go.jp/facilities/14138
14140,助産所ははみちる,24,24205,桑名市,鈴鹿市郡山町（以下非公開）,,09039687653,manual_review_required,undetermined_until_review,low,source does not establish fixed-site versus outreach model,review_location_model_then_geocode_provider_base,https://birth-navi.mhlw.go.jp/facilities/14140
14141,とも助産所,24,24205,桑名市,鈴鹿市（以下非公開）,,09021326980,manual_review_required,undetermined_until_review,low,source does not establish fixed-site versus outreach model,review_location_model_then_geocode_provider_base,https://birth-navi.mhlw.go.jp/facilities/14141
14142,きわ助産所,24,24205,桑名市,鈴鹿市南玉垣町（以下非公開）,,09090502073,manual_review_required,undetermined_until_review,low,source does not establish fixed-site versus outreach model,review_location_model_then_geocode_provider_base,https://birth-navi.mhlw.go.jp/facilities/14142
14143,うららか,24,24205,桑名市,鈴鹿市稲生塩屋（以下非公開）,,09025010328,manual_review_required,undetermined_until_review,low,source does not establish fixed-site versus outreach model,review_location_model_then_geocode_provider_base,https://birth-navi.mhlw.go.jp/facilities/14143
14145,助産院　糸,24,24205,桑名市,津市一色町（以下非公開）,,09018607988,fixed_site,service_site_or_provider_base,medium,fixed-site institutional indicator but coarse address,confirm_public_base_address_then_geocode,https://birth-navi.mhlw.go.jp/facilities/14145
14146,しまなみ助産院・津,24,24205,桑名市,津市上浜町（以下非公開）,,09062333726,fixed_site,service_site_or_provider_base,medium,fixed-site institutional indicator but coarse address,confirm_public_base_address_then_geocode,https://birth-navi.mhlw.go.jp/facilities/14146
14148,しんぼ助産院,24,24205,桑名市,名張市つつじが丘(以下非公開）,,09023436735,fixed_site,service_site_or_provider_base,medium,fixed-site institutional indicator but coarse address,confirm_public_base_address_then_geocode,https://birth-navi.mhlw.go.jp/facilities/14148
14262,てのての助産院,27,27204,池田市,豊中市螢池東町,,,fixed_site,service_site_or_provider_base,medium,fixed-site institutional indicator but coarse address,confirm_public_base_address_then_geocode,https://birth-navi.mhlw.go.jp/facilities/14262
14273,ゆな助産院,27,27205,吹田市,吹田市千里山,,09039432243,fixed_site,service_site_or_provider_base,medium,fixed-site institutional indicator but coarse address,confirm_public_base_address_then_geocode,https://birth-navi.mhlw.go.jp/facilities/14273
14274,うた助産院,27,27205,吹田市,吹田市垂水町,,09066767113,fixed_site,service_site_or_provider_base,medium,fixed-site institutional indicator but coarse address,confirm_public_base_address_then_geocode,https://birth-navi.mhlw.go.jp/facilities/14274
14280,助産院Loulouルル,27,27205,吹田市,大阪市西区,,07012698683,fixed_site,service_site_or_provider_base,medium,fixed-site institutional indicator but coarse address,confirm_public_base_address_then_geocode,https://birth-navi.mhlw.go.jp/facilities/14280
14281,助産院Trust,27,27205,吹田市,吹田市江坂町,,09099950367,fixed_site,service_site_or_provider_base,medium,fixed-site institutional indicator but coarse address,confirm_public_base_address_then_geocode,https://birth-navi.mhlw.go.jp/facilities/14281
14282,遠藤助産院,27,27205,吹田市,豊中市上新田,,09011580371,fixed_site,service_site_or_provider_base,medium,fixed-site institutional indicator but coarse address,confirm_public_base_address_then_geocode,https://birth-navi.mhlw.go.jp/facilities/14282
14291,社会福祉法人　八尾隣保館　ルフレ八尾,27,27212,八尾市,八尾市高美町,,0729221032,manual_review_required,undetermined_until_review,low,source does not establish fixed-site versus outreach model,review_location_model_then_geocode_provider_base,https://birth-navi.mhlw.go.jp/facilities/14291
14411,"あかちゃんとママの寄り添いサポート""ここねっと""",30,30201,和歌山市,和歌山市小松原,,,manual_review_required,undetermined_until_review,low,source does not establish fixed-site versus outreach model,review_location_model_then_geocode_provider_base,https://birth-navi.mhlw.go.jp/facilities/14411
14419,あかちゃんとママの寄り添いサポート“ここねっと”,30,30202,海南市,和歌山市小松原,,,manual_review_required,undetermined_until_review,low,source does not establish fixed-site versus outreach model,review_location_model_then_geocode_provider_base,https://birth-navi.mhlw.go.jp/facilities/14419
14504,町立奥出雲病院,32,32343,奥出雲町,奥出雲町三成,出雲三成駅より車で5分,0854541122,fixed_site,service_site_or_provider_base,medium,fixed-site institutional indicator but coarse address,confirm_public_base_address_then_geocode,https://birth-navi.mhlw.go.jp/facilities/14504
14565,和み助産院,34,34205,尾道市,福山市三吉町,,08026543862,fixed_site,service_site_or_provider_base,medium,fixed-site institutional indicator but coarse address,confirm_public_base_address_then_geocode,https://birth-navi.mhlw.go.jp/facilities/14565
14596,ほほえみ助産院,35,35203,山口市,山口市,,09075922013,fixed_site,service_site_or_provider_base,medium,fixed-site institutional indicator but coarse address,confirm_public_base_address_then_geocode,https://birth-navi.mhlw.go.jp/facilities/14596
14608,あいみ助産院,35,35206,防府市,岩国市周東町,,07085205156,fixed_site,service_site_or_provider_base,medium,fixed-site institutional indicator but coarse address,confirm_public_base_address_then_geocode,https://birth-navi.mhlw.go.jp/facilities/14608
14629,助産師　篠原　美弥子,35,35216,山陽小野田市,山陽小野田市,,09089962359,outreach_or_mobile,registered_or_business_base_not_service_location,medium,individual midwife listing with coarse address; base coordinate remains analytically useful as an approximate provider origin,identify_registered_or_business_base_then_geocode,https://birth-navi.mhlw.go.jp/facilities/14629
14663,山下助産院-OHANA-,36,36468,つるぎ町,三好市池田町イケミナミ,,0883723520,fixed_site,service_site_or_provider_base,medium,fixed-site institutional indicator but coarse address,confirm_public_base_address_then_geocode,https://birth-navi.mhlw.go.jp/facilities/14663
14683,nogamidwife,38,38201,松山市,松山市北斎院町,,09015710515,manual_review_required,undetermined_until_review,low,source does not establish fixed-site versus outreach model,review_location_model_then_geocode_provider_base,https://birth-navi.mhlw.go.jp/facilities/14683
14687,ひらた助産院,38,38201,松山市,愛媛県,,,fixed_site,service_site_or_provider_base,medium,fixed-site institutional indicator but coarse address,confirm_public_base_address_then_geocode,https://birth-navi.mhlw.go.jp/facilities/14687
14719,産前産後ケアサロンnyuwa,39,39201,高知市,高知市福井町,,,fixed_site,service_site_or_provider_base,medium,fixed-site institutional indicator but coarse address,confirm_public_base_address_then_geocode,https://birth-navi.mhlw.go.jp/facilities/14719
14730,産前産後ケアサロンnyuwa,39,39386,いの町,高知県高知市福井町,,,fixed_site,service_site_or_provider_base,medium,fixed-site institutional indicator but coarse address,confirm_public_base_address_then_geocode,https://birth-navi.mhlw.go.jp/facilities/14730
14737,ファミリーケアこあらのおうち,40,40100,北九州市,北九州市小倉南区,駐車場有,,fixed_site,service_site_or_provider_base,medium,fixed-site institutional indicator but coarse address,confirm_public_base_address_then_geocode,https://birth-navi.mhlw.go.jp/facilities/14737
14741,りつ助産院,40,40100,北九州市,北九州市小倉南区,,09073816513,fixed_site,service_site_or_provider_base,medium,fixed-site institutional indicator but coarse address,confirm_public_base_address_then_geocode,https://birth-navi.mhlw.go.jp/facilities/14741
14767,マタニティ・サポート佳,40,40205,飯塚市,北九州市八幡西区浅川学園台,,09097251047,manual_review_required,undetermined_until_review,low,source does not establish fixed-site versus outreach model,review_location_model_then_geocode_provider_base,https://birth-navi.mhlw.go.jp/facilities/14767
14769,Maternity home ハコ音色,40,40205,飯塚市,福岡市早良区野芥,,09050153820,manual_review_required,undetermined_until_review,low,source does not establish fixed-site versus outreach model,review_location_model_then_geocode_provider_base,https://birth-navi.mhlw.go.jp/facilities/14769
14771,ゆらぎ助産院,40,40205,飯塚市,福岡市早良区南庄,,,fixed_site,service_site_or_provider_base,medium,fixed-site institutional indicator but coarse address,confirm_public_base_address_then_geocode,https://birth-navi.mhlw.go.jp/facilities/14771
14772,べふ助産院,40,40205,飯塚市,福岡市城南区別府,,09050572670,fixed_site,service_site_or_provider_base,medium,fixed-site institutional indicator but coarse address,confirm_public_base_address_then_geocode,https://birth-navi.mhlw.go.jp/facilities/14772
14773,あさひ助産院,40,40205,飯塚市,福岡市西区西都,,08064378277,fixed_site,service_site_or_provider_base,medium,fixed-site institutional indicator but coarse address,confirm_public_base_address_then_geocode,https://birth-navi.mhlw.go.jp/facilities/14773
14774,えん助産院,40,40205,飯塚市,福岡市博多区那珂,,07090032134,fixed_site,service_site_or_provider_base,medium,fixed-site institutional indicator but coarse address,confirm_public_base_address_then_geocode,https://birth-navi.mhlw.go.jp/facilities/14774
14775,みい助産院,40,40205,飯塚市,福岡市東区千早,,07089730486,fixed_site,service_site_or_provider_base,medium,fixed-site institutional indicator but coarse address,confirm_public_base_address_then_geocode,https://birth-navi.mhlw.go.jp/facilities/14775
14778,結心（ゆっこ）助産院,40,40205,飯塚市,福岡市南区桧原,,08027491676,fixed_site,service_site_or_provider_base,medium,fixed-site institutional indicator but coarse address,confirm_public_base_address_then_geocode,https://birth-navi.mhlw.go.jp/facilities/14778
14781,産前産後ケア　ももはな助産院,40,40205,飯塚市,宗像市泉ヶ丘,,08017694886,fixed_site,service_site_or_provider_base,medium,fixed-site institutional indicator but coarse address,confirm_public_base_address_then_geocode,https://birth-navi.mhlw.go.jp/facilities/14781
14784,晴助産院,40,40205,飯塚市,中間市垣生,,,fixed_site,service_site_or_provider_base,medium,fixed-site institutional indicator but coarse address,confirm_public_base_address_then_geocode,https://birth-navi.mhlw.go.jp/facilities/14784
14785,アマテラス助産院,40,40205,飯塚市,糸島市高祖,,08064016312,fixed_site,service_site_or_provider_base,medium,fixed-site institutional indicator but coarse address,confirm_public_base_address_then_geocode,https://birth-navi.mhlw.go.jp/facilities/14785
14796,シフラ助産院,40,40205,飯塚市,大牟田市南船津町,,09030764255,fixed_site,service_site_or_provider_base,medium,fixed-site institutional indicator but coarse address,confirm_public_base_address_then_geocode,https://birth-navi.mhlw.go.jp/facilities/14796
14803,産前産後ケア　ももはな助産院,40,40207,柳川市,宗像市泉が丘,,09017694886,fixed_site,service_site_or_provider_base,medium,fixed-site institutional indicator but coarse address,confirm_public_base_address_then_geocode,https://birth-navi.mhlw.go.jp/facilities/14803
14807,COCOながたベビーケアROOM,40,40215,中間市,福岡市東区,,09019718562,fixed_site,service_site_or_provider_base,medium,fixed-site institutional indicator but coarse address,confirm_public_base_address_then_geocode,https://birth-navi.mhlw.go.jp/facilities/14807
14817,ゆう助産院,40,40217,筑紫野市,福岡市東区香椎,,07092875318,fixed_site,service_site_or_provider_base,medium,fixed-site institutional indicator but coarse address,confirm_public_base_address_then_geocode,https://birth-navi.mhlw.go.jp/facilities/14817
14843,助産院向日葵,40,40223,古賀市,福岡市中央区地行,,,fixed_site,service_site_or_provider_base,medium,fixed-site institutional indicator but coarse address,confirm_public_base_address_then_geocode,https://birth-navi.mhlw.go.jp/facilities/14843
14851,助産院　向日葵,40,40230,糸島市,福岡市中央区地行,,,fixed_site,service_site_or_provider_base,medium,fixed-site institutional indicator but coarse address,confirm_public_base_address_then_geocode,https://birth-navi.mhlw.go.jp/facilities/14851
14852,助産院　Ohana,40,40230,糸島市,春日市,,,fixed_site,service_site_or_provider_base,medium,fixed-site institutional indicator but coarse address,confirm_public_base_address_then_geocode,https://birth-navi.mhlw.go.jp/facilities/14852
14858,えん助産院,40,40381,芦屋町,福岡市博多区那珂,,,fixed_site,service_site_or_provider_base,medium,fixed-site institutional indicator but coarse address,confirm_public_base_address_then_geocode,https://birth-navi.mhlw.go.jp/facilities/14858
14860,えん助産院,40,40383,岡垣町,福岡市博多区那珂,,,fixed_site,service_site_or_provider_base,medium,fixed-site institutional indicator but coarse address,confirm_public_base_address_then_geocode,https://birth-navi.mhlw.go.jp/facilities/14860
14866,親子サポート　ほほえみ,40,40621,苅田町,北九州市小倉南区津田新町,,09094805196,manual_review_required,undetermined_until_review,low,source does not establish fixed-site versus outreach model,review_location_model_then_geocode_provider_base,https://birth-navi.mhlw.go.jp/facilities/14866
15048,敷嶋助産所,44,44201,大分市,大分市羽田,,09043439701,manual_review_required,undetermined_until_review,low,source does not establish fixed-site versus outreach model,review_location_model_then_geocode_provider_base,https://birth-navi.mhlw.go.jp/facilities/15048
15049,室助産所,44,44201,大分市,大分市季の坂,,09073813175,manual_review_required,undetermined_until_review,low,source does not establish fixed-site versus outreach model,review_location_model_then_geocode_provider_base,https://birth-navi.mhlw.go.jp/facilities/15049
15050,なないろの虹助産院,44,44201,大分市,大分市舞鶴町,,09053796902,fixed_site,service_site_or_provider_base,medium,fixed-site institutional indicator but coarse address,confirm_public_base_address_then_geocode,https://birth-navi.mhlw.go.jp/facilities/15050
15051,ひきだ助産院　母乳と育児の相談室,44,44201,大分市,大分市横尾東町,,08042820054,fixed_site,service_site_or_provider_base,medium,fixed-site institutional indicator but coarse address,confirm_public_base_address_then_geocode,https://birth-navi.mhlw.go.jp/facilities/15051
15052,かおる助産院,44,44201,大分市,大分市木上,,09028574103,fixed_site,service_site_or_provider_base,medium,fixed-site institutional indicator but coarse address,confirm_public_base_address_then_geocode,https://birth-navi.mhlw.go.jp/facilities/15052
15053,サエラ助産院,44,44201,大分市,大分市けやき台,,09030751730,fixed_site,service_site_or_provider_base,medium,fixed-site institutional indicator but coarse address,confirm_public_base_address_then_geocode,https://birth-navi.mhlw.go.jp/facilities/15053
15054,詫摩助産院,44,44201,大分市,大分市大字志生木,,09028548773,fixed_site,service_site_or_provider_base,medium,fixed-site institutional indicator but coarse address,confirm_public_base_address_then_geocode,https://birth-navi.mhlw.go.jp/facilities/15054
15055,mom＆babysalon en,44,44201,大分市,大分市上田町,,09045834852,manual_review_required,undetermined_until_review,low,source does not establish fixed-site versus outreach model,review_location_model_then_geocode_provider_base,https://birth-navi.mhlw.go.jp/facilities/15055
15056,ほのぼの助産院,44,44201,大分市,大分市寒田,,09071667467,fixed_site,service_site_or_provider_base,medium,fixed-site institutional indicator but coarse address,confirm_public_base_address_then_geocode,https://birth-navi.mhlw.go.jp/facilities/15056
15057,産前産後ケアNeRiNe,44,44201,大分市,大分市明野北,,09050969499,manual_review_required,undetermined_until_review,low,source does not establish fixed-site versus outreach model,review_location_model_then_geocode_provider_base,https://birth-navi.mhlw.go.jp/facilities/15057
15061,123（ひふみ）助産院,44,44201,大分市,別府市光町,,07024156581,fixed_site,service_site_or_provider_base,medium,fixed-site institutional indicator but coarse address,confirm_public_base_address_then_geocode,https://birth-navi.mhlw.go.jp/facilities/15061
15062,助産所宙SORA,44,44201,大分市,臼杵市大字江無田,,09074731797,manual_review_required,undetermined_until_review,low,source does not establish fixed-site versus outreach model,review_location_model_then_geocode_provider_base,https://birth-navi.mhlw.go.jp/facilities/15062
15063,吉田助産所,44,44201,大分市,臼杵市南海添,,09045839195,manual_review_required,undetermined_until_review,low,source does not establish fixed-site versus outreach model,review_location_model_then_geocode_provider_base,https://birth-navi.mhlw.go.jp/facilities/15063
15064,母乳・育児相談とまり木,44,44201,大分市,臼杵市野津町,,09098106834,manual_review_required,undetermined_until_review,low,source does not establish fixed-site versus outreach model,review_location_model_then_geocode_provider_base,https://birth-navi.mhlw.go.jp/facilities/15064
15065,助産院おまめのおうち,44,44201,大分市,由布市湯布院町川南,,08056097063,fixed_site,service_site_or_provider_base,medium,fixed-site institutional indicator but coarse address,confirm_public_base_address_then_geocode,https://birth-navi.mhlw.go.jp/facilities/15065
15069,といろ助産院,44,44201,大分市,玖珠町大字塚脇,,09025018145,fixed_site,service_site_or_provider_base,medium,fixed-site institutional indicator but coarse address,confirm_public_base_address_then_geocode,https://birth-navi.mhlw.go.jp/facilities/15069
15073,堂本助産所,44,44201,大分市,中津市大字宮夫,,09084066727,manual_review_required,undetermined_until_review,low,source does not establish fixed-site versus outreach model,review_location_model_then_geocode_provider_base,https://birth-navi.mhlw.go.jp/facilities/15073
15074,となりのおばちゃん田原助産所,44,44201,大分市,中津市下宮永,,08039442980,manual_review_required,undetermined_until_review,low,source does not establish fixed-site versus outreach model,review_location_model_then_geocode_provider_base,https://birth-navi.mhlw.go.jp/facilities/15074
15085,黒木　亜紀子,45,45201,宮崎市,宮崎市清水,,09080026371,manual_review_required,undetermined_until_review,low,source does not establish fixed-site versus outreach model,review_location_model_then_geocode_provider_base,https://birth-navi.mhlw.go.jp/facilities/15085
15121,岩元助産院,46,46215,薩摩川内市,薩摩川内市平佐,,09086692573,fixed_site,service_site_or_provider_base,medium,fixed-site institutional indicator but coarse address,confirm_public_base_address_then_geocode,https://birth-navi.mhlw.go.jp/facilities/15121
15122,るんるん助産院,46,46215,薩摩川内市,薩摩川内市平佐町,,09050251656,fixed_site,service_site_or_provider_base,medium,fixed-site institutional indicator but coarse address,confirm_public_base_address_then_geocode,https://birth-navi.mhlw.go.jp/facilities/15122
15123,たけのこ助産院,46,46215,薩摩川内市,薩摩川内市城上町,,09033221670,fixed_site,service_site_or_provider_base,medium,fixed-site institutional indicator but coarse address,confirm_public_base_address_then_geocode,https://birth-navi.mhlw.go.jp/facilities/15123
15124,ふわり助産院,46,46215,薩摩川内市,薩摩川内市平佐町,,09049969641,fixed_site,service_site_or_provider_base,medium,fixed-site institutional indicator but coarse address,confirm_public_base_address_then_geocode,https://birth-navi.mhlw.go.jp/facilities/15124
15126,あいかな助産院,46,46215,薩摩川内市,薩摩川内市五代町,,,fixed_site,service_site_or_provider_base,medium,fixed-site institutional indicator but coarse address,confirm_public_base_address_then_geocode,https://birth-navi.mhlw.go.jp/facilities/15126
15141,壽じょさん院,46,46225,姶良市,姶良市松原町,ご予約・お問合せは公式LINEにて,08042704723,manual_review_required,undetermined_until_review,low,source does not establish fixed-site versus outreach model,review_location_model_then_geocode_provider_base,https://birth-navi.mhlw.go.jp/facilities/15141
15144,FUFU助産院,46,46392,さつま町,さつま町宮之城屋地,,09074711360,fixed_site,service_site_or_provider_base,medium,fixed-site institutional indicator but coarse address,confirm_public_base_address_then_geocode,https://birth-navi.mhlw.go.jp/facilities/15144
15180,みねた助産院,47,47209,名護市,沖縄市,,08034695476,fixed_site,service_site_or_provider_base,medium,fixed-site institutional indicator but coarse address,confirm_public_base_address_then_geocode,https://birth-navi.mhlw.go.jp/facilities/15180
15206,やんばる希望が丘助産院,47,47306,今帰仁村,今帰仁村,,,fixed_site,service_site_or_provider_base,medium,fixed-site institutional indicator but coarse address,confirm_public_base_address_then_geocode,https://birth-navi.mhlw.go.jp/facilities/15206
15207,BAO助産院,47,47306,今帰仁村,名護市,,,fixed_site,service_site_or_provider_base,medium,fixed-site institutional indicator but coarse address,confirm_public_base_address_then_geocode,https://birth-navi.mhlw.go.jp/facilities/15207
15208,美ら海ハシイ産婦人科,47,47306,今帰仁村,名護市,,,manual_review_required,undetermined_until_review,low,source does not establish fixed-site versus outreach model,review_location_model_then_geocode_provider_base,https://birth-navi.mhlw.go.jp/facilities/15208
15209,母子未来センター,47,47306,今帰仁村,沖縄市,,,fixed_site,service_site_or_provider_base,medium,fixed-site institutional indicator but coarse address,confirm_public_base_address_then_geocode,https://birth-navi.mhlw.go.jp/facilities/15209
15211,エスフール,47,47306,今帰仁村,名護市,,,manual_review_required,undetermined_until_review,low,source does not establish fixed-site versus outreach model,review_location_model_then_geocode_provider_base,https://birth-navi.mhlw.go.jp/facilities/15211
15237,助産院　ゆくぐくる,47,47350,南風原町,南風原町字宮平,,09059478172,fixed_site,service_site_or_provider_base,medium,fixed-site institutional indicator but coarse address,confirm_public_base_address_then_geocode,https://birth-navi.mhlw.go.jp/facilities/15237
15238,コツヨシ小児・母子訪問看護ステーション,47,47350,南風原町,南風原町字津嘉山,,0988892525,outreach_or_mobile,registered_or_business_base_not_service_location,high,explicit outreach/mobile wording in name/address/access; base coordinate remains analytically useful as an approximate provider origin,identify_registered_or_business_base_then_geocode,https://birth-navi.mhlw.go.jp/facilities/15238
15239,ゆいは　助産院,47,47350,南風原町,南風原町字宮平,,09053876009,fixed_site,service_site_or_provider_base,medium,fixed-site institutional indicator but coarse address,confirm_public_base_address_then_geocode,https://birth-navi.mhlw.go.jp/facilities/15239
15245,助産院 mooi,6,06208,村山市,山形市,,,fixed_site,service_site_or_provider_base,medium,fixed-site institutional indicator but coarse address,confirm_public_base_address_then_geocode,https://birth-navi.mhlw.go.jp/facilities/15245
15247,むらみや助産院,18,18205,大野市,大飯郡高浜町和田,,09016374577,fixed_site,service_site_or_provider_base,medium,fixed-site institutional indicator but coarse address,confirm_public_base_address_then_geocode,https://birth-navi.mhlw.go.jp/facilities/15247
15248,つちの子母乳育児相談室（出張専門）,20,20361,下諏訪町,長野市上松,,08051427659,outreach_or_mobile,registered_or_business_base_not_service_location,high,explicit outreach/mobile wording in name/address/access; base coordinate remains analytically useful as an approximate provider origin,identify_registered_or_business_base_then_geocode,https://birth-navi.mhlw.go.jp/facilities/15248
15249,おおくら助産院・母乳育児ミルク相談室,20,20361,下諏訪町,安曇野市豊科,,0263727816,fixed_site,service_site_or_provider_base,medium,fixed-site institutional indicator but coarse address,confirm_public_base_address_then_geocode,https://birth-navi.mhlw.go.jp/facilities/15249
15250,助産院laugh（らふ）,20,20361,下諏訪町,松本市大村,,09067714839,fixed_site,service_site_or_provider_base,medium,fixed-site institutional indicator but coarse address,confirm_public_base_address_then_geocode,https://birth-navi.mhlw.go.jp/facilities/15250
15251,助産院   おん相談室,20,20361,下諏訪町,松本市大手,,,fixed_site,service_site_or_provider_base,medium,fixed-site institutional indicator but coarse address,confirm_public_base_address_then_geocode,https://birth-navi.mhlw.go.jp/facilities/15251
15252,助産院スピカ,20,20361,下諏訪町,松本市村井町,,09079008082,fixed_site,service_site_or_provider_base,medium,fixed-site institutional indicator but coarse address,confirm_public_base_address_then_geocode,https://birth-navi.mhlw.go.jp/facilities/15252
15253,めばえ助産院,20,20361,下諏訪町,松本市岡田松岡,,09024793199,fixed_site,service_site_or_provider_base,medium,fixed-site institutional indicator but coarse address,confirm_public_base_address_then_geocode,https://birth-navi.mhlw.go.jp/facilities/15253
15254,さくらこ助産所,20,20361,下諏訪町,伊那市西町,,08051428157,manual_review_required,undetermined_until_review,low,source does not establish fixed-site versus outreach model,review_location_model_then_geocode_provider_base,https://birth-navi.mhlw.go.jp/facilities/15254
15255,マルメロ育児支援室,20,20361,下諏訪町,上伊那郡宮田村駒ヶ原,,08093029407,manual_review_required,undetermined_until_review,low,source does not establish fixed-site versus outreach model,review_location_model_then_geocode_provider_base,https://birth-navi.mhlw.go.jp/facilities/15255
15256,バースコンダクター楽育 （らくいく）,20,20361,下諏訪町,飯田市三日市場,,09083297466,manual_review_required,undetermined_until_review,low,source does not establish fixed-site versus outreach model,review_location_model_then_geocode_provider_base,https://birth-navi.mhlw.go.jp/facilities/15256
15258,もなみ助産所,24,24207,鈴鹿市,津市,,09070454383,manual_review_required,undetermined_until_review,low,source does not establish fixed-site versus outreach model,review_location_model_then_geocode_provider_base,https://birth-navi.mhlw.go.jp/facilities/15258
15266,松村母乳相談室,25,25201,大津市,滋賀県近江八幡市馬淵町,,09088262011,manual_review_required,undetermined_until_review,low,source does not establish fixed-site versus outreach model,review_location_model_then_geocode_provider_base,https://birth-navi.mhlw.go.jp/facilities/15266
15383,厚仁病院,37,37208,三豊市,丸亀市,,0877232311,fixed_site,service_site_or_provider_base,medium,fixed-site institutional indicator but coarse address,confirm_public_base_address_then_geocode,https://birth-navi.mhlw.go.jp/facilities/15383
15384,回生病院,37,37208,三豊市,坂出市,,0877456410,fixed_site,service_site_or_provider_base,medium,fixed-site institutional indicator but coarse address,confirm_public_base_address_then_geocode,https://birth-navi.mhlw.go.jp/facilities/15384
15385,西岡医院,37,37208,三豊市,高松市,,0878852021,fixed_site,service_site_or_provider_base,medium,fixed-site institutional indicator but coarse address,confirm_public_base_address_then_geocode,https://birth-navi.mhlw.go.jp/facilities/15385
15386,屋島総合病院,37,37208,三豊市,高松市,,0878419141,fixed_site,service_site_or_provider_base,medium,fixed-site institutional indicator but coarse address,confirm_public_base_address_then_geocode,https://birth-navi.mhlw.go.jp/facilities/15386
15387,もものはな助産院,37,37208,三豊市,高松市,,07090411771,fixed_site,service_site_or_provider_base,medium,fixed-site institutional indicator but coarse address,confirm_public_base_address_then_geocode,https://birth-navi.mhlw.go.jp/facilities/15387
15388,キャサリン助産院444,39,39201,高知市,高知市知寄町,,09082819165,fixed_site,service_site_or_provider_base,medium,fixed-site institutional indicator but coarse address,confirm_public_base_address_then_geocode,https://birth-navi.mhlw.go.jp/facilities/15388
15391,助産院ことら,39,39201,高知市,高知市宇津野,,09071429644,fixed_site,service_site_or_provider_base,medium,fixed-site institutional indicator but coarse address,confirm_public_base_address_then_geocode,https://birth-navi.mhlw.go.jp/facilities/15391
15395,このは助産院,39,39205,土佐市,高知市一宮東町,,,fixed_site,service_site_or_provider_base,medium,fixed-site institutional indicator but coarse address,confirm_public_base_address_then_geocode,https://birth-navi.mhlw.go.jp/facilities/15395
15396,助産院asa,39,39205,土佐市,南国市,,,fixed_site,service_site_or_provider_base,medium,fixed-site institutional indicator but coarse address,confirm_public_base_address_then_geocode,https://birth-navi.mhlw.go.jp/facilities/15396
15397,このは助産院,39,39386,いの町,高知市一宮東町,,,fixed_site,service_site_or_provider_base,medium,fixed-site institutional indicator but coarse address,confirm_public_base_address_then_geocode,https://birth-navi.mhlw.go.jp/facilities/15397
15398,助産院asa,39,39386,いの町,南国市,,,fixed_site,service_site_or_provider_base,medium,fixed-site institutional indicator but coarse address,confirm_public_base_address_then_geocode,https://birth-navi.mhlw.go.jp/facilities/15398
15438,ひよこ助産院,8,08210,下妻市,つくば市竹園,,08054803114,fixed_site,service_site_or_provider_base,medium,fixed-site institutional indicator but coarse address,confirm_public_base_address_then_geocode,https://birth-navi.mhlw.go.jp/facilities/15438
15466,鎌ヶ谷バースクリニック附属　助産院　THE CARE,12,12204,船橋市,鎌ヶ谷市,,0474465099,fixed_site,service_site_or_provider_base,medium,fixed-site institutional indicator but coarse address,confirm_public_base_address_then_geocode,https://birth-navi.mhlw.go.jp/facilities/15466
15476,つむなぎ助産院,12,12228,四街道市,四街道市和良比,,,fixed_site,service_site_or_provider_base,medium,fixed-site institutional indicator but coarse address,confirm_public_base_address_then_geocode,https://birth-navi.mhlw.go.jp/facilities/15476
15555,助産院　ほとり,15,15100,新潟市,新潟市中央区東出来島,詳しい住所はお問い合わせください,07091161229,fixed_site,service_site_or_provider_base,medium,fixed-site institutional indicator but coarse address,confirm_public_base_address_then_geocode,https://birth-navi.mhlw.go.jp/facilities/15555
15623,助産所　お日さま,24,24202,四日市市,四日市市西山町,,09073048425,manual_review_required,undetermined_until_review,low,source does not establish fixed-site versus outreach model,review_location_model_then_geocode_provider_base,https://birth-navi.mhlw.go.jp/facilities/15623
15624,訪問助産師保育士　でことぼこ,25,25201,大津市,大津市,訪問専門です。瀬田駅近くより訪問致します。,09054679268,hybrid_or_review,provider_base_with_outreach_service,medium,both outreach wording and fixed-site indicators,identify_registered_or_business_base_then_geocode,https://birth-navi.mhlw.go.jp/facilities/15624
15674,くじら助産院　母乳育児相談室,34,34212,東広島市,東広島市西条町,,,fixed_site,service_site_or_provider_base,medium,fixed-site institutional indicator but coarse address,confirm_public_base_address_then_geocode,https://birth-navi.mhlw.go.jp/facilities/15674
15675,柳谷助産院,34,34212,東広島市,東広島市西条町,,09041019418,fixed_site,service_site_or_provider_base,medium,fixed-site institutional indicator but coarse address,confirm_public_base_address_then_geocode,https://birth-navi.mhlw.go.jp/facilities/15675
15676,ゆら助産院,34,34212,東広島市,東広島市八本松町,,07056023835,fixed_site,service_site_or_provider_base,medium,fixed-site institutional indicator but coarse address,confirm_public_base_address_then_geocode,https://birth-navi.mhlw.go.jp/facilities/15676
15677,助産院はぐ,34,34212,東広島市,東広島市高屋町,,,fixed_site,service_site_or_provider_base,medium,fixed-site institutional indicator but coarse address,confirm_public_base_address_then_geocode,https://birth-navi.mhlw.go.jp/facilities/15677
15678,よこやま産婦人科,34,34212,東広島市,東広島市高屋町,,0824347777,manual_review_required,undetermined_until_review,low,source does not establish fixed-site versus outreach model,review_location_model_then_geocode_provider_base,https://birth-navi.mhlw.go.jp/facilities/15678
15683,助産所　晴の灯,35,35212,柳井市,柳井市遠崎,,08063239252,manual_review_required,undetermined_until_review,low,source does not establish fixed-site versus outreach model,review_location_model_then_geocode_provider_base,https://birth-navi.mhlw.go.jp/facilities/15683
15684,助産院 SeaSky,35,35212,柳井市,光市浅江,,07023672675,fixed_site,service_site_or_provider_base,medium,fixed-site institutional indicator but coarse address,confirm_public_base_address_then_geocode,https://birth-navi.mhlw.go.jp/facilities/15684
15696,梨ん助産院　池田梨江,37,37201,高松市,高松市,,08060211713,fixed_site,service_site_or_provider_base,medium,fixed-site institutional indicator but coarse address,confirm_public_base_address_then_geocode,https://birth-navi.mhlw.go.jp/facilities/15696
15698,めぐみ助産院,37,37201,高松市,高松市林町,,09052625494,fixed_site,service_site_or_provider_base,medium,fixed-site institutional indicator but coarse address,confirm_public_base_address_then_geocode,https://birth-navi.mhlw.go.jp/facilities/15698
15700,大島　嘉子,37,37201,高松市,高松市牟礼町,,09047848893,manual_review_required,undetermined_until_review,low,source does not establish fixed-site versus outreach model,review_location_model_then_geocode_provider_base,https://birth-navi.mhlw.go.jp/facilities/15700
15718,訪問助産院はるなの,40,40100,北九州市,北九州市八幡西区,,08055842138,hybrid_or_review,provider_base_with_outreach_service,medium,both outreach wording and fixed-site indicators,identify_registered_or_business_base_then_geocode,https://birth-navi.mhlw.go.jp/facilities/15718
15724,まある助産院,40,40217,筑紫野市,福岡市早良区高取,,08052410615,fixed_site,service_site_or_provider_base,medium,fixed-site institutional indicator but coarse address,confirm_public_base_address_then_geocode,https://birth-navi.mhlw.go.jp/facilities/15724
15725,なぎ助産院,40,40217,筑紫野市,福岡市早良区田村,,08039658272,fixed_site,service_site_or_provider_base,medium,fixed-site institutional indicator but coarse address,confirm_public_base_address_then_geocode,https://birth-navi.mhlw.go.jp/facilities/15725
15726,あかね助産院,40,40217,筑紫野市,福岡市博多区吉塚,,09088325215,fixed_site,service_site_or_provider_base,medium,fixed-site institutional indicator but coarse address,confirm_public_base_address_then_geocode,https://birth-navi.mhlw.go.jp/facilities/15726
15727,助産院まはろ,40,40217,筑紫野市,久留米市,,09081922767,fixed_site,service_site_or_provider_base,medium,fixed-site institutional indicator but coarse address,confirm_public_base_address_then_geocode,https://birth-navi.mhlw.go.jp/facilities/15727
15728,ままらい助産院,40,40218,春日市,春日市,,08081321618,fixed_site,service_site_or_provider_base,medium,fixed-site institutional indicator but coarse address,confirm_public_base_address_then_geocode,https://birth-navi.mhlw.go.jp/facilities/15728
15730,まな助産院,40,40219,大野城市,福岡市博多区,,08068125879,fixed_site,service_site_or_provider_base,medium,fixed-site institutional indicator but coarse address,confirm_public_base_address_then_geocode,https://birth-navi.mhlw.go.jp/facilities/15730
15731,まりも助産院,40,40219,大野城市,福岡市南区向野,,08052711139,fixed_site,service_site_or_provider_base,medium,fixed-site institutional indicator but coarse address,confirm_public_base_address_then_geocode,https://birth-navi.mhlw.go.jp/facilities/15731
15732,なぎ助産院,40,40219,大野城市,福岡市早良区田村,,0809658272,fixed_site,service_site_or_provider_base,medium,fixed-site institutional indicator but coarse address,confirm_public_base_address_then_geocode,https://birth-navi.mhlw.go.jp/facilities/15732
15744,福田母乳育児相談室,42,42201,長崎市,長崎市魚の町,,0958292200,manual_review_required,undetermined_until_review,low,source does not establish fixed-site versus outreach model,review_location_model_then_geocode_provider_base,https://birth-navi.mhlw.go.jp/facilities/15744
15745,千代の幸助産院,42,42201,長崎市,長崎市三和町,,0958001203,fixed_site,service_site_or_provider_base,medium,fixed-site institutional indicator but coarse address,confirm_public_base_address_then_geocode,https://birth-navi.mhlw.go.jp/facilities/15745
15746,出張専門すみれ助産院,42,42201,長崎市,長崎市相生町,,09064270054,hybrid_or_review,provider_base_with_outreach_service,medium,both outreach wording and fixed-site indicators,identify_registered_or_business_base_then_geocode,https://birth-navi.mhlw.go.jp/facilities/15746
15751,ここち助産院,42,42201,長崎市,大村市松原,,08064568468,fixed_site,service_site_or_provider_base,medium,fixed-site institutional indicator but coarse address,confirm_public_base_address_then_geocode,https://birth-navi.mhlw.go.jp/facilities/15751
15752,出張専門助産院ひなた,42,42201,長崎市,壱岐市勝本町立石仲触,,09074796428,hybrid_or_review,provider_base_with_outreach_service,medium,both outreach wording and fixed-site indicators,identify_registered_or_business_base_then_geocode,https://birth-navi.mhlw.go.jp/facilities/15752
15753,訪問型　さき助産院,42,42201,長崎市,西彼杵郡長与町,,09051866339,hybrid_or_review,provider_base_with_outreach_service,medium,both outreach wording and fixed-site indicators,identify_registered_or_business_base_then_geocode,https://birth-navi.mhlw.go.jp/facilities/15753
15756,茉莉花（まりほあ）助産院,42,42322,川棚町,長崎市宝町,,09049976888,fixed_site,service_site_or_provider_base,medium,fixed-site institutional indicator but coarse address,confirm_public_base_address_then_geocode,https://birth-navi.mhlw.go.jp/facilities/15756
15757,助産院Asa,42,42322,川棚町,諫早市栄田町,,09054878760,fixed_site,service_site_or_provider_base,medium,fixed-site institutional indicator but coarse address,confirm_public_base_address_then_geocode,https://birth-navi.mhlw.go.jp/facilities/15757
15765,ともえ助産院,44,44202,別府市,大分市坂ノ市西,,07041028090,fixed_site,service_site_or_provider_base,medium,fixed-site institutional indicator but coarse address,confirm_public_base_address_then_geocode,https://birth-navi.mhlw.go.jp/facilities/15765
