birth_navi_id,facility_name,facility_type,resolution_status,location_model,coordinate_semantics,official_address,official_latitude,official_longitude,coordinate_action,source_name,source_url,note
11892,助産院月天心,無床助産所,outreach_confirmed,outreach_or_mobile,registered_or_business_base_not_service_location,,,,identify_registered_or_business_base_then_geocode,Birth Navi,https://birth-navi.mhlw.go.jp/facilities/11892,"Source states current service is outreach/home-birth only. Provider/base coordinates should still be acquired for approximate service-area modeling, but must not be interpreted as the actual service-delivery point."
12211,助産院乃々,無床助産所,outreach_confirmed,outreach_or_mobile,registered_or_business_base_not_service_location,北海道札幌市厚別区青葉町,,,identify_registered_or_business_base_then_geocode,助産院乃々 official website,https://ayanono-jyosanin.jp/about/,"Official site describes a home-visit-only midwifery practice. Provider/base coordinates should still be acquired for approximate service-area modeling, but must not be interpreted as the actual service-delivery point."
11889,リラ助産院,無床助産所,manual_lookup_required,undetermined,provider_base_semantics_to_be_confirmed,北海道旭川市神居七条六丁目,,,manual_verify_before_point_geocoding,Birth Navi,https://birth-navi.mhlw.go.jp/facilities/11889,No sufficiently specific independent official location source was established.
11159,医療法人 レディスクリニック セントセシリア,有床診療所,official_coordinate_confirmed,fixed_site,service_site_or_provider_base,青森県青森市筒井八ッ橋95-12,40.797419,140.764889,use_official_coordinate,MHLW Medical Information Net open data,https://www.mhlw.go.jp/stf/seisakunitsuite/bunya/kenkou_iryou/iryou/newpage_43373.html,Deterministic name/source-category match.
10881,財団法人 温知会 会津中央病院,病院,official_coordinate_confirmed,fixed_site,service_site_or_provider_base,福島県会津若松市鶴賀町1-1,37.521911,139.945119,use_official_coordinate,MHLW Medical Information Net open data,https://www.mhlw.go.jp/stf/seisakunitsuite/bunya/kenkou_iryou/iryou/newpage_43373.html,Deterministic hospital match.
11793,出張専門ゆずのき助産院,無床助産所,outreach_confirmed,outreach_or_mobile,registered_or_business_base_not_service_location,茨城県坂東市小山1185-2,,,identify_registered_or_business_base_then_geocode,MHLW Medical Information Net,https://www.iryou.teikyouseido.mhlw.go.jp/,"Official listing identifies it as outreach-only. Provider/base coordinates should still be acquired for approximate service-area modeling, but must not be interpreted as the actual service-delivery point."
10706,JCHO群馬中央病院,病院,official_address_confirmed_manual_geocode,fixed_site,service_site_or_provider_base,群馬県前橋市紅雲町1-7-13,,,manual_geocode_official_address,JCHO Gunma Chuo Hospital,https://gunma.jcho.go.jp/,Official hospital address confirmed; exact coordinate not taken from an official coordinate field in this pass.
10993,都賀レディースクリニック,有床診療所,official_coordinate_confirmed,fixed_site,service_site_or_provider_base,千葉県千葉市若葉区西都賀1-7-6,35.634361,140.145525,use_official_coordinate,MHLW Medical Information Net open data,https://www.mhlw.go.jp/stf/seisakunitsuite/bunya/kenkou_iryou/iryou/newpage_43373.html,Deterministic clinic match.
11854,さくら咲く助産院 出張専門,無床助産所,outreach_confirmed,outreach_or_mobile,registered_or_business_base_not_service_location,千葉県千葉市美浜区高洲,,,identify_registered_or_business_base_then_geocode,Birth Navi,https://birth-navi.mhlw.go.jp/facilities/11854,"Facility name explicitly states outreach-only. Provider/base coordinates should still be acquired for approximate service-area modeling, but must not be interpreted as the actual service-delivery point."
11839,出張専門 向谷地幸子,無床助産所,outreach_confirmed,outreach_or_mobile,registered_or_business_base_not_service_location,東京都世田谷区粕谷,,,identify_registered_or_business_base_then_geocode,MHLW Medical Information Net open data,https://www.mhlw.go.jp/stf/seisakunitsuite/bunya/kenkou_iryou/iryou/newpage_43373.html,"Deterministic official listing; provider is explicitly outreach-only. Provider/base coordinates should still be acquired for approximate service-area modeling, but must not be interpreted as the actual service-delivery point."
11924,いかだい助産所,無床助産所,official_address_confirmed_manual_geocode,fixed_site_candidate,service_site_or_provider_base,東京都北区十条仲原4丁目,,,manual_geocode_official_address,MHLW Medical Information Net,https://www.iryou.teikyouseido.mhlw.go.jp/znk-web/juminkanja/S2430/initialize?kikanCd=4135800000&kikanKbn=4&prefCd=13,Official location confirmed but address is only to chome level.
10043,横須賀共済病院,病院,official_coordinate_confirmed,fixed_site,service_site_or_provider_base,神奈川県横須賀市米が浜通1丁目16,35.276678,139.674189,use_official_coordinate,MHLW Medical Information Net open data,https://www.mhlw.go.jp/stf/seisakunitsuite/bunya/kenkou_iryou/iryou/newpage_43373.html,Deterministic hospital match.
11818,宮﨑助産院,無床助産所,official_coordinate_confirmed,fixed_site_candidate,service_site_or_provider_base,神奈川県鎌倉市大町,35.31368,139.560157,use_official_coordinate_with_provenance,MHLW Medical Information Net open data,https://www.mhlw.go.jp/stf/seisakunitsuite/bunya/kenkou_iryou/iryou/newpage_43373.html,Official record matched by normalized name and municipality.
11900,助産院太陽と月,無床助産所,outreach_confirmed,outreach_or_mobile,registered_or_business_base_not_service_location,静岡県静岡市清水区港町,,,identify_registered_or_business_base_then_geocode,Birth Navi,https://birth-navi.mhlw.go.jp/facilities/11900,"Birth Navi states that there is no facility because it is an outreach-only practice. Provider/base coordinates should still be acquired for approximate service-area modeling, but must not be interpreted as the actual service-delivery point."
12600,木梨助産院,無床助産所,registered_base_outreach_service,outreach_service_with_registered_base,registered_or_business_base_not_service_location,静岡県伊東市荻565-46,,,geocode_registered_base_as_provider_origin,静岡県助産所名簿 / 伊豆市,https://www.pref.shizuoka.jp/_res/projects/default_project/_page_/001/023/838/03-017.pdf,Prefectural registry gives a specific base address and marks delivery as outreach-only; municipal page lists visit-type postnatal care. Use the registered base only as a provider-origin proxy for service-area analysis.
11835,出張専門あいうみ助産院,無床助産所,outreach_confirmed,outreach_or_mobile,registered_or_business_base_not_service_location,愛知県豊田市田中町,,,identify_registered_or_business_base_then_geocode,Birth Navi,https://birth-navi.mhlw.go.jp/facilities/11835,"Facility name explicitly states outreach-only. Provider/base coordinates should still be acquired for approximate service-area modeling, but must not be interpreted as the actual service-delivery point."
11763,中村助産院（出張専門）,無床助産所,outreach_confirmed,outreach_or_mobile,registered_or_business_base_not_service_location,京都府京都市左京区,,,identify_registered_or_business_base_then_geocode,Birth Navi,https://birth-navi.mhlw.go.jp/facilities/11763,"Facility name explicitly states outreach-only. Provider/base coordinates should still be acquired for approximate service-area modeling, but must not be interpreted as the actual service-delivery point."
10969,島岡医院,有床診療所,official_coordinate_confirmed,fixed_site,service_site_or_provider_base,京都府京都市南区唐橋平垣町68,34.980759,135.735741,use_official_coordinate,MHLW Medical Information Net open data,https://www.mhlw.go.jp/stf/seisakunitsuite/bunya/kenkou_iryou/iryou/newpage_43373.html,Deterministic clinic match.
12133,とも助産院,無床助産所,outreach_confirmed,outreach_or_mobile,registered_or_business_base_not_service_location,大阪府大阪市淀川区加島,,,identify_registered_or_business_base_then_geocode,MHLW Medical Information Net,https://www.iryou.teikyouseido.mhlw.go.jp/znk-web/juminkanja/S2430/initialize?kikanCd=9278006380&kikanKbn=4&prefCd=27,"Official listing states it is outreach-only and has no facility. Provider/base coordinates should still be acquired for approximate service-area modeling, but must not be interpreted as the actual service-delivery point."
12115,ゆっこ助産院,有床助産所,official_address_confirmed_manual_geocode,fixed_site,service_site_or_provider_base,大阪府東大阪市御厨5丁目3番39号,,,manual_geocode_official_address,MHLW Medical Information Net,https://www.iryou.teikyouseido.mhlw.go.jp/,Official listing confirms full street address and fixed-site access.
11324,津永産婦人科,有床診療所,official_coordinate_confirmed,fixed_site,service_site_or_provider_base,山口県周南市川端町2-30,34.049139,131.810222,use_official_coordinate,MHLW Medical Information Net open data,https://www.mhlw.go.jp/stf/seisakunitsuite/bunya/kenkou_iryou/iryou/newpage_43373.html,Deterministic clinic match.
11315,レディースクリニック山田産婦人科,有床診療所,official_coordinate_confirmed,fixed_site,service_site_or_provider_base,佐賀県鳥栖市蔵上2-186,33.374067,130.491909,use_official_coordinate,MHLW Medical Information Net open data,https://www.mhlw.go.jp/stf/seisakunitsuite/bunya/kenkou_iryou/iryou/newpage_43373.html,Deterministic clinic match.
