birth_navi_id,facility_name,facility_type,birth_navi_address,birth_navi_phone,rank,name_similarity,official_source,official_id,official_name,official_address,official_latitude,official_longitude
11892,助産院月天心,無床助産所,北海道札幌市厚別区　　現在出張訪問のみ自宅出産のみ,09082736256,1,0.6000,maternity_home,0144011400010,要助産院,北海道新冠郡新冠町字大富１４６−１,0.0,0.0
12211,助産院乃々,無床助産所,北海道札幌市厚別区,09086308419,1,0.6667,maternity_home,0144011400010,要助産院,北海道新冠郡新冠町字大富１４６−１,0.0,0.0
11889,リラ助産院,無床助産所,北海道旭川市神居七条六丁目,09031193256,1,0.6667,maternity_home,0144011400010,要助産院,北海道新冠郡新冠町字大富１４６−１,0.0,0.0
11159,医療法人　レディスクリニック　セントセシリア,有床診療所,青森県青森市,0177380321,1,1.0000,clinic,0220220000259,医療法人　レディスクリニックセントセシリア,青森県青森市筒井八ッ橋９５－１２,40.797419,140.764889
11159,医療法人　レディスクリニック　セントセシリア,有床診療所,青森県青森市,0177380321,2,0.6667,clinic,0220220000737,安齋レディスクリニック,青森県五所川原市一ツ谷５３６－１８,40.812301,140.45308
11159,医療法人　レディスクリニック　セントセシリア,有床診療所,青森県青森市,0177380321,3,0.6429,clinic,0220220000366,レディスクリニックすごう,青森県弘前市外崎五丁目７－４,40.595575,140.494726
11159,医療法人　レディスクリニック　セントセシリア,有床診療所,青森県青森市,0177380321,4,0.6429,clinic,0220220001024,麻美レディースクリニック,青森県八戸市根城５丁目１番２号,40.507812,141.472166
11159,医療法人　レディスクリニック　セントセシリア,有床診療所,青森県青森市,0177380321,5,0.6207,clinic,0220220000360,しらとりレディスクリニック,青森県弘前市豊原２－１－２,40.581437,140.475923
10881,財団法人　温知会　会津中央病院,病院,福島県会津若松市,0242251515,1,0.9500,hospital,0710710000062,会津中央病院,福島県会津若松市鶴賀町１－１,37.521911,139.945119
10881,財団法人　温知会　会津中央病院,病院,福島県会津若松市,0242251515,2,0.5882,hospital,0710710000072,医療法人　明精会　会津西病院,福島県会津若松市北会津町東小松２３３５番地,37.472911,139.889706
10881,財団法人　温知会　会津中央病院,病院,福島県会津若松市,0242251515,3,0.5556,hospital,0710710000084,医療法人社団茶畑会相馬中央病院,福島県相馬市沖ノ内三丁目５番地の１８,37.806703,140.934331
11793,出張専門ゆずのき助産院,無床助産所,茨城県坂東市,09027473214,1,1.0000,maternity_home,0840800800010,出張専門　ゆずのき助産院,茨城県坂東市小山１１８５－２,0.0,0.0
10706,JCHO群馬中央病院,病院,群馬県前橋市,0272218165,1,0.5714,hospital,1011100000040,群馬病院,群馬県高崎市稲荷台町１３６,36.381905,139.025095
10993,都賀レディースクリニック,有床診療所,千葉県千葉市若葉区西都賀,0432552771,1,0.9500,clinic,1221206024000,医療法人社団志栄会都賀レディースクリニック,千葉県千葉市若葉区西都賀１－７－６,35.634361,140.145525
10993,都賀レディースクリニック,有床診療所,千葉県千葉市若葉区西都賀,0432552771,2,0.8696,clinic,1221206994900,医療法人社団　Ｋレディースクリニック,千葉県船橋市１丁目３番１号Ｋメディカルモール２０４号,35.707006,139.983732
10993,都賀レディースクリニック,有床診療所,千葉県千葉市若葉区西都賀,0432552771,3,0.8696,clinic,1221220807800,花レディースクリニック,千葉県千葉市緑区おゆみ野南３－２８－１,35.549326,140.166413
10993,都賀レディースクリニック,有床診療所,千葉県千葉市若葉区西都賀,0432552771,4,0.8696,clinic,1221224862200,レディースクリニックＫ,千葉県松戸市根本４５３番地の３,35.785913,139.902246
10993,都賀レディースクリニック,有床診療所,千葉県千葉市若葉区西都賀,0432552771,5,0.8333,clinic,1221200659900,川嶋レディースクリニック,千葉県市川市妙典５－７－９,35.691996,139.929918
11854,さくら咲く助産院　出張専門,無床助産所,千葉県千葉市美浜区高洲,09084795020,1,0.6364,maternity_home,1241227477100,まりん助産院（出張専門）,千葉県千葉市中央区青葉町,35.607417,140.123014
11854,さくら咲く助産院　出張専門,無床助産所,千葉県千葉市美浜区高洲,09084795020,2,0.6087,maternity_home,1241225188700,ぽかぽか助産院（出張専門）,千葉県習志野市香澄２－９－１１,35.666275,140.027238
11854,さくら咲く助産院　出張専門,無床助産所,千葉県千葉市美浜区高洲,09084795020,3,0.5714,maternity_home,1241200568100,鶴岡助産所（出張専門）,千葉県習志野市藤崎,35.690715,140.037034
11839,出張専門　向谷地幸子,無床助産所,東京都世田谷区,09098487043,1,1.0000,maternity_home,1344132700033,出張専門　向谷地　幸子,東京都世田谷区粕谷,35.664393,139.608166
11924,いかだい助産所,無床助産所,東京都北区,08050646003,1,0.6154,maternity_home,1344136500023,みらい助産所,東京都練馬区春日町６,35.753376,139.635645
11924,いかだい助産所,無床助産所,東京都北区,08050646003,2,0.6154,maternity_home,1344136500026,おかだ助産院,東京都練馬区桜台３－２５－６,35.744774,139.666713
11924,いかだい助産所,無床助産所,東京都北区,08050646003,3,0.6154,maternity_home,1344136500028,あおい助産所,東京都練馬区関町南１－２－２７,35.721903,139.595714
11924,いかだい助産所,無床助産所,東京都北区,08050646003,4,0.6154,maternity_home,1344136500256,いつき助産所,東京都練馬区向山１－４－７,35.737774,139.642715
11924,いかだい助産所,無床助産所,東京都北区,08050646003,5,0.5714,maternity_home,1344139700140,さかもと助産所,東京都東久留米市小山５－１－３５,0.0,0.0
10043,横須賀共済病院,病院,神奈川県横須賀市米が浜通,0468222710,1,1.0000,hospital,1411409480000,国家公務員共済組合連合会横須賀共済病院,神奈川県横須賀市米が浜通１丁目１６,35.276678,139.674189
10043,横須賀共済病院,病院,神奈川県横須賀市米が浜通,0468222710,2,0.7143,hospital,1411405507400,国家公務員共済組合連合会横浜南共済病院,神奈川県横浜市金沢区六浦東１－２１－１,35.320633,139.622485
10043,横須賀共済病院,病院,神奈川県横須賀市米が浜通,0468222710,3,0.7143,hospital,1411414815300,国家公務員共済組合連合会横浜栄共済病院,神奈川県横浜市栄区桂町１３２,35.362261,139.550559
10043,横須賀共済病院,病院,神奈川県横須賀市米が浜通,0468222710,4,0.6667,hospital,1411409484300,自衛隊横須賀病院,神奈川県横須賀市田浦港町１７６６番１号,35.293756,139.635256
10043,横須賀共済病院,病院,神奈川県横須賀市米が浜通,0468222710,5,0.6250,hospital,1411409489400,横須賀市立市民病院,神奈川県横須賀市長坂１丁目３番２号,35.22273,139.627112
11818,宮﨑助産院,無床助産所,神奈川県鎌倉市大町,08013474428,1,0.8000,maternity_home,1441400853000,宮崎助産院,神奈川県鎌倉市大町,35.31368,139.560157
11818,宮﨑助産院,無床助産所,神奈川県鎌倉市大町,08013474428,2,0.6000,maternity_home,1441405798000,山本助産院,神奈川県横浜市金沢区六浦２－１４－１２,35.333043,139.612399
11818,宮﨑助産院,無床助産所,神奈川県鎌倉市大町,08013474428,3,0.6000,maternity_home,1441407044800,豊倉助産院,神奈川県横浜市泉区緑園２－１９－２４,35.43906,139.517794
11818,宮﨑助産院,無床助産所,神奈川県鎌倉市大町,08013474428,4,0.6000,maternity_home,1441408278000,小峯助産院,神奈川県川崎市幸区小倉２丁目３２番５号,35.540955,139.666449
11818,宮﨑助産院,無床助産所,神奈川県鎌倉市大町,08013474428,5,0.6000,maternity_home,1441409284000,稲田助産院,神奈川県川崎市多摩区菅稲田堤３－４－１,35.633318,139.540317
12600,木梨助産院,無床助産所,静岡県伊東市,0557450002,1,0.6667,maternity_home,2245227302250,和助産院,静岡県磐田市大久保７３３－３７,34.771277,137.851223
12600,木梨助産院,無床助産所,静岡県伊東市,0557450002,2,0.6154,maternity_home,2245226002540,ぶどうの木助産院,静岡県静岡市駿河区中村町１６番地の４,34.954573,138.393193
12600,木梨助産院,無床助産所,静岡県伊東市,0557450002,3,0.6000,maternity_home,2245225801050,あお助産院,静岡県富士宮市山宮１１－１１,35.257,138.633582
12600,木梨助産院,無床助産所,静岡県伊東市,0557450002,4,0.6000,maternity_home,2245226000100,渡辺助産院,静岡県静岡市葵区上足洗一丁目４－１,34.988874,138.393364
12600,木梨助産院,無床助産所,静岡県伊東市,0557450002,5,0.6000,maternity_home,2245226002830,まき助産院,静岡県静岡市葵区与一３丁目４番１６号,35.009528,138.368659
11835,出張専門あいうみ助産院,無床助産所,愛知県豊田市田中町,09029434067,1,0.6667,maternity_home,2344232400310,出張専門助産院　あゆみ,愛知県名古屋市北区,35.206622,136.923154
11835,出張専門あいうみ助産院,無床助産所,愛知県豊田市田中町,09029434067,2,0.6667,maternity_home,2344232800200,出張専門　ママン助産院,愛知県豊田市花沢町,0.0,0.0
11835,出張専門あいうみ助産院,無床助産所,愛知県豊田市田中町,09029434067,3,0.6364,maternity_home,2344230100180,出張専門助産院ゆいま〜る,愛知県一宮市高田字南屋敷２３番地５,0.0,0.0
11835,出張専門あいうみ助産院,無床助産所,愛知県豊田市田中町,09029434067,4,0.6364,maternity_home,2344231300060,出張専門　Ｎａｍｉ助産院,愛知県刈谷市高津波町６ー１３５ー４,35.002732,136.987422
11835,出張専門あいうみ助産院,無床助産所,愛知県豊田市田中町,09029434067,5,0.6364,maternity_home,2344232600190,出張専門助産院　結　－Ｙｕｕ－,愛知県豊橋市石巻町川添１－４０,34.780847,137.443885
11763,中村助産院（出張専門）,無床助産所,京都府京都市左京区,09050114011,1,0.7778,maternity_home,2642651100008,えみ助産院（出張専門）,京都府木津川市木津川台８－２９－１９,0.0,0.0
11763,中村助産院（出張専門）,無床助産所,京都府京都市左京区,09050114011,2,0.7368,maternity_home,2642651000023,あおい助産院（出張専門）,京都府京都市北区紫竹上園生町３３－７,35.054002,135.75007
10969,島岡医院,有床診療所,京都府京都市,0756610746,1,1.0000,clinic,2622620000315,島岡医院,京都府京都市南区唐橋平垣町６８,34.980759,135.735741
10969,島岡医院,有床診療所,京都府京都市,0756610746,2,0.7500,clinic,2622620000098,医療法人福島医院,京都府京都市下京区新町通北小路上る平野町７６６,34.990731,135.757072
10969,島岡医院,有床診療所,京都府京都市,0756610746,3,0.7500,clinic,2622620000134,医療法人岡林医院,京都府京都市下京区西洞院通松原下る永倉町５５５番地４,34.998035,135.755016
10969,島岡医院,有床診療所,京都府京都市,0756610746,4,0.7500,clinic,2622620000150,医療法人岡崎医院,京都府京都市下京区中堂寺前田町８,34.994369,135.746128
10969,島岡医院,有床診療所,京都府京都市,0756610746,5,0.7500,clinic,2622620000548,濱島医院,京都府京都市北区衣笠天神森町１６,35.036336,135.732266
12133,とも助産院,無床助産所,大阪府大阪市淀川区,08061030711,1,1.0000,maternity_home,2749278006380,とも助産院,大阪府大阪市淀川区加島,0.0,0.0
12133,とも助産院,無床助産所,大阪府大阪市淀川区,08061030711,2,0.9091,maternity_home,2749278005260,ともこ助産院,大阪府大阪市港区市岡元町３－１０－１６－１４０３,34.667594,135.464195
12133,とも助産院,無床助産所,大阪府大阪市淀川区,08061030711,3,0.9091,maternity_home,2749278008270,ともよ助産院,大阪府大阪市城東区関目２－６－２６グランメイツ関目１０３,0.0,0.0
12133,とも助産院,無床助産所,大阪府大阪市淀川区,08061030711,4,0.7273,maternity_home,2749278007420,ひとみ助産院,大阪府大阪市北区天神橋２丁目１－１８ファーストタウンニュー天神６階,0.0,0.0
12133,とも助産院,無床助産所,大阪府大阪市淀川区,08061030711,5,0.7273,maternity_home,2749278007930,てんと助産院,大阪府寝屋川市東香里園町２３ー１８,0.0,0.0
12115,ゆっこ助産院,有床助産所,大阪府東大阪市御厨5丁目-３－３９,05035535648,1,0.8333,maternity_home,2749278008000,夢っこ助産院,大阪府箕面市西小路４－５－２,34.826778,135.468845
12115,ゆっこ助産院,有床助産所,大阪府東大阪市御厨5丁目-３－３９,05035535648,2,0.7692,maternity_home,2749278002370,あいっこ助産院,大阪府大阪市住吉区墨江１丁目２番２２号,0.0,0.0
12115,ゆっこ助産院,有床助産所,大阪府東大阪市御厨5丁目-３－３９,05035535648,3,0.7273,maternity_home,2749278002540,ゆう助産院,大阪府東大阪市小阪１－４－３７,34.674762,135.591934
12115,ゆっこ助産院,有床助産所,大阪府東大阪市御厨5丁目-３－３９,05035535648,4,0.7273,maternity_home,2749278002770,ゆい助産院,大阪府箕面市桜４－４－８,34.82355,135.463327
12115,ゆっこ助産院,有床助産所,大阪府東大阪市御厨5丁目-３－３９,05035535648,5,0.7273,maternity_home,2749278004330,ゆな助産院,大阪府吹田市千里山高塚２１番２－３号,34.782583,135.512547
11324,津永産婦人科,有床診療所,山口県周南市,0834218255,1,1.0000,clinic,3522355507030,津永産婦人科,山口県周南市川端町２－３０,34.049139,131.810222
11324,津永産婦人科,有床診療所,山口県周南市,0834218255,2,0.6667,clinic,3522355729630,手山産婦人科,山口県防府市栄町１－８－７,34.055583,131.570806
11324,津永産婦人科,有床診療所,山口県周南市,0834218255,3,0.6667,clinic,3522355843350,医療法人社団　しま産婦人科,山口県宇部市島２丁目１－３,33.962361,131.244417
11324,津永産婦人科,有床診療所,山口県周南市,0834218255,4,0.5714,clinic,3522353137550,医療法人社団野口産婦人科医院,山口県下関市梶栗町３丁目７－８,34.014167,130.921056
11315,レディースクリニック山田産婦人科,有床診療所,佐賀県鳥栖市蔵上,0942844656,1,0.9500,clinic,4122415313470,医療法人希望会レディースクリニック山田産婦人科,佐賀県鳥栖市蔵上２ー１８６,33.374067,130.491909
11315,レディースクリニック山田産婦人科,有床診療所,佐賀県鳥栖市蔵上,0942844656,2,0.7778,clinic,4122415521930,久保田レディースクリニック　産婦人科　麻酔科,佐賀県唐津市大石町２４４４－１,0.0,0.0
11315,レディースクリニック山田産婦人科,有床診療所,佐賀県鳥栖市蔵上,0942844656,3,0.7143,clinic,4122415302100,医療法人白水レディースクリニック,佐賀県鳥栖市本通町２丁目８８２番地７,33.371873,130.514796
11315,レディースクリニック山田産婦人科,有床診療所,佐賀県鳥栖市蔵上,0942844656,4,0.7143,clinic,4122415503460,夏秋レディースクリニック,佐賀県唐津市南城内２ー８,33.449993,129.969427
11315,レディースクリニック山田産婦人科,有床診療所,佐賀県鳥栖市蔵上,0942844656,5,0.7143,clinic,4122416007880,大隈レディースクリニック,佐賀県杵島郡江北町山口１３６７－１,33.217667,130.162791
