birth_navi_id,facility_name,facility_type_code,facility_type,prefecture_id,municipality_code,municipality_name,address,is_address_visible,phone_number,is_phone_number_visible,latitude,longitude,prenatal_checkup_listed,delivery_listed,postnatal_care_listed,service_count,service_pattern,source_last_modified_at,source_url
11690,池田功産婦人科医院,2,有床診療所,40,40135,福岡市西区,福岡県福岡市西区野方１丁目２ー２５,True,0928117778,True,33.5620024,130.3104475,0,0,0,0,none,2026-09-14T13:52:20.167Z,https://birth-navi.mhlw.go.jp/facilities/11690
12228,奥尻町国民健康保険病院,1,病院,1,01367,奥尻町,北海道奥尻郡奥尻町字奥尻４６２番地,True,0139723151,True,42.1720256,139.5065886,0,0,0,0,none,2026-09-14T13:55:17.227Z,https://birth-navi.mhlw.go.jp/facilities/12228
12229,北海道立羽幌病院,1,病院,1,01484,羽幌町,北海道苫前郡羽幌町栄町１１０番地,True,0164626060,True,44.3544198,141.6945611,0,0,0,0,none,2026-09-14T13:55:17.532Z,https://birth-navi.mhlw.go.jp/facilities/12229
12230,十和田市立中央病院,1,病院,2,02206,十和田市,青森県十和田市西十二番町１４番８号,True,0176235121,True,40.6121987,141.2024267,0,0,0,0,none,2026-09-14T13:55:17.850Z,https://birth-navi.mhlw.go.jp/facilities/12230
12231,医療法人　佐藤病院,1,病院,5,05210,由利本荘市,秋田県由利本荘市,True,0184226555,True,,,0,0,0,0,none,2026-09-14T12:50:16.368Z,https://birth-navi.mhlw.go.jp/facilities/12231
12232,医療法人社団青空会大町病院,1,病院,7,07212,南相馬市,福島県南相馬市原町区大町３－９７,True,0244242333,True,37.6401976,140.9676203,0,0,0,0,none,2026-09-14T13:55:18.208Z,https://birth-navi.mhlw.go.jp/facilities/12232
12234,埼玉県立小児医療センター,1,病院,11,11105,さいたま市中央区,埼玉県さいたま市中央区新都心１番２,True,0486012200,True,35.8912241,139.6319903,0,0,0,0,none,2026-09-14T13:55:18.903Z,https://birth-navi.mhlw.go.jp/facilities/12234
12235,千葉市立青葉病院,1,病院,12,12101,千葉市中央区,千葉県千葉市中央区青葉町１２７３－２,True,0432271131,True,35.6021205,140.1386149,0,0,0,0,none,2026-09-14T13:55:19.229Z,https://birth-navi.mhlw.go.jp/facilities/12235
12236,千葉県こども病院,1,病院,12,12105,千葉市緑区,千葉県千葉市緑区辺田町５７９－１,True,0432922111,True,35.5579976,140.1908296,0,0,0,0,none,2026-09-14T13:55:19.544Z,https://birth-navi.mhlw.go.jp/facilities/12236
12240,独立行政法人国立病院機構　長良医療センター,1,病院,21,21201,岐阜市,岐阜県岐阜市長良１３００番地７,True,0582327755,True,35.4518454,136.7881982,0,0,0,0,none,2026-09-14T13:55:20.993Z,https://birth-navi.mhlw.go.jp/facilities/12240
12241,愛知県医療療育総合センター中央病院,1,病院,23,23206,春日井市,愛知県春日井市神屋町７１３－８,True,0568880811,True,35.3047503,137.0360339,0,0,0,0,none,2026-09-14T13:55:21.301Z,https://birth-navi.mhlw.go.jp/facilities/12241
12243,独立行政法人労働者健康安全機構　中部労災病院,1,病院,23,23111,名古屋市港区,愛知県名古屋市港区港明１丁目１０番６号,True,0526525511,True,35.1082519,136.8893568,0,0,0,0,none,2026-09-14T13:55:21.969Z,https://birth-navi.mhlw.go.jp/facilities/12243
12244,医療法人　徳洲会　近江草津徳洲会病院,1,病院,25,25206,草津市,滋賀県草津市東矢倉３－３４－５２,True,0775673610,True,35.0013494,135.9571289,0,0,0,0,none,2026-09-14T13:55:22.294Z,https://birth-navi.mhlw.go.jp/facilities/12244
12247,医療法人和倉会　サンタマリア病院,1,病院,27,27211,茨木市,大阪府茨木市新庄町１３番１５号,True,0726273459,True,34.8116658,135.571086,0,0,0,0,none,2026-09-14T13:55:23.386Z,https://birth-navi.mhlw.go.jp/facilities/12247
12248,西宮市立中央病院,1,病院,28,28204,西宮市,兵庫県西宮市林田町８番２４号,True,0798641515,True,34.7573827,135.3622511,0,0,0,0,none,2026-09-14T13:55:23.705Z,https://birth-navi.mhlw.go.jp/facilities/12248
12251,鳥取市立病院,1,病院,31,31201,鳥取市,鳥取県鳥取市的場１ー１,True,0857371522,True,35.4744367,134.234164,0,0,0,0,none,2026-09-14T13:55:24.666Z,https://birth-navi.mhlw.go.jp/facilities/12251
12259,社会医療法人共愛会戸畑共立病院,1,病院,40,40105,北九州市戸畑区,福岡県北九州市戸畑区沢見,True,0938715421,True,,,0,0,0,0,none,2026-09-14T12:50:16.472Z,https://birth-navi.mhlw.go.jp/facilities/12259
12262,大分赤十字病院,1,病院,44,44201,大分市,大分県大分市千代町３丁目２番３７号,True,0975326181,True,33.2438357,131.6042785,0,0,0,0,none,2026-09-14T13:55:27.865Z,https://birth-navi.mhlw.go.jp/facilities/12262
12265,神田産科婦人科クリニック,3,無床診療所,1,01105,札幌市豊平区,北海道札幌市豊平区豊平３条１丁目１－３３,True,0118411103,True,43.0547018,141.3666133,0,0,0,0,none,2026-09-14T13:55:28.919Z,https://birth-navi.mhlw.go.jp/facilities/12265
12270,おびひろＡＲＴクリニック,3,無床診療所,1,01207,帯広市,北海道帯広市東３条南９丁目３番地,True,0155671162,True,42.9228108,143.2097866,0,0,0,0,none,2026-09-14T13:55:30.593Z,https://birth-navi.mhlw.go.jp/facilities/12270
12271,札幌大通西１６丁目はなえみレディースクリニック,3,無床診療所,1,01101,札幌市中央区,北海道札幌市中央区大通西１６丁目１－１０　ＩＴＣセンタービル６階,True,0116338703,True,43.0573679,141.3332802,0,0,0,0,none,2026-09-14T13:55:30.953Z,https://birth-navi.mhlw.go.jp/facilities/12271
12272,たばた産婦人科クリニック,2,有床診療所,1,01101,札幌市中央区,北海道札幌市中央区南３条西２丁目１－１Ｈ＆Ｂプラザ３Ｆ,True,0115225566,True,43.0567467,141.3560643,0,0,0,0,none,2026-09-14T13:55:31.332Z,https://birth-navi.mhlw.go.jp/facilities/12272
12273,ゆめみレディースクリニック,2,有床診療所,1,01107,札幌市西区,北海道札幌市西区琴似2条5丁目1-3北幸ビル2階,True,0116763640,True,43.0759138,141.3025811,0,0,0,0,none,2026-09-14T13:55:31.687Z,https://birth-navi.mhlw.go.jp/facilities/12273
12275,婦人科さかもとともみクリニック,3,無床診療所,2,02202,弘前市,青森県弘前市早稲田３丁目２０－６,True,0172295080,True,40.5979177,140.5103649,0,0,0,0,none,2026-09-14T13:55:32.454Z,https://birth-navi.mhlw.go.jp/facilities/12275
12279,京野アートクリニック盛岡,3,無床診療所,3,03201,盛岡市,岩手県盛岡市盛岡駅前通１５ー５　ワールドインＧＥＮプラザビル３階,True,0196134124,True,39.7028339,141.1365747,0,0,0,0,none,2026-09-14T13:55:33.722Z,https://birth-navi.mhlw.go.jp/facilities/12279
12286,仙台ＡＲＴクリニック,3,無床診療所,4,04102,仙台市宮城野区,宮城県仙台市宮城野区名掛丁２０６ー１３,True,0227918851,True,38.2624043,140.8862055,0,0,0,0,none,2026-09-14T13:55:36.002Z,https://birth-navi.mhlw.go.jp/facilities/12286
12290,まほろばレディースクリニック,3,無床診療所,4,04421,大和町,宮城県黒川郡大和町吉岡まほろば２丁目２－９,True,0227254121,True,38.4369978,140.8766956,0,0,0,0,none,2026-09-14T13:55:37.406Z,https://birth-navi.mhlw.go.jp/facilities/12290
12292,たかはしレディースクリニック,3,無床診療所,5,05202,能代市,秋田県能代市鳥小屋５９－２３,True,0185550033,True,40.1986643,140.0165805,0,0,0,0,none,2026-09-14T13:55:38.045Z,https://birth-navi.mhlw.go.jp/facilities/12292
12295,山形大手町ＡＲＴクリニック川越医院,3,無床診療所,6,06201,山形市,山形県山形市大手町9-25,True,0236416467,True,38.2575512,140.3350154,0,0,0,0,none,2026-09-14T13:55:38.991Z,https://birth-navi.mhlw.go.jp/facilities/12295
12297,アートクリニック産婦人科,3,無床診療所,7,07201,福島市,福島県福島市栄町６番１号エスタビル１２階,True,0245231132,True,37.7541192,140.4615647,0,0,0,0,none,2026-09-14T13:55:39.640Z,https://birth-navi.mhlw.go.jp/facilities/12297
12299,レディースクリニックはらまち,3,無床診療所,7,07212,南相馬市,福島県南相馬市原町区西町２丁目７１－１,True,0244222001,True,37.6349459,140.9527216,0,0,0,0,none,2026-09-14T13:55:40.332Z,https://birth-navi.mhlw.go.jp/facilities/12299
12302,医療法人かたよせウイメンズクリニック,3,無床診療所,7,07204,いわき市,福島県いわき市常磐西郷町金山７０－１,True,0246424135,True,36.98516,140.8565525,0,0,0,0,none,2026-09-14T13:55:41.281Z,https://birth-navi.mhlw.go.jp/facilities/12302
12306,医療法人小塙医院　つくばＡＲＴクリニック,3,無床診療所,8,08220,つくば市,茨城県つくば市竹園１－６－１　つくばビル４階,True,0298636111,True,36.0797843,140.1128922,0,0,0,0,none,2026-09-14T13:55:42.585Z,https://birth-navi.mhlw.go.jp/facilities/12306
12315,医療法人社団新宿レディースクリニック会　さいたまレディースクリニック,3,無床診療所,11,11103,さいたま市大宮区,埼玉県さいたま市大宮区仲町１－５４－３　ビジョナリー３　６階,True,0486441971,True,35.9054715,139.6267603,0,0,0,0,none,2026-09-14T13:55:45.645Z,https://birth-navi.mhlw.go.jp/facilities/12315
12316,医療法人夢乃樹会ウィメンズクリニックふじみ野,3,無床診療所,11,11235,富士見市,埼玉県富士見市ふじみ野西1ｰ17-3 ハピネスビルふじみ野2F・3F,True,0492938210,True,35.8605237,139.5212124,0,0,0,0,none,2026-09-14T13:55:45.996Z,https://birth-navi.mhlw.go.jp/facilities/12316
12318,医療法人社団慈幸会　西船橋こやまウィメンズクリニック,3,無床診療所,12,12204,船橋市,千葉県船橋市印内町６３８番地１,True,0474952050,True,35.7055802,139.9589421,0,0,0,0,none,2026-09-14T13:55:46.624Z,https://birth-navi.mhlw.go.jp/facilities/12318
12321,医療法人社団伸守会　津田沼ＩＶＦクリニック,3,無床診療所,12,12204,船橋市,千葉県船橋市前原西2-17-8,True,0474553111,True,35.6927284,140.0179764,0,0,0,0,none,2026-09-14T13:55:47.632Z,https://birth-navi.mhlw.go.jp/facilities/12321
12322,医療法人社団すずらん会緑が丘ウイメンズクリニック,3,無床診療所,12,12221,八千代市,千葉県八千代市緑が丘２－２－１０　３階,True,0474585000,True,35.7267452,140.070967,0,0,0,0,none,2026-09-14T13:55:47.971Z,https://birth-navi.mhlw.go.jp/facilities/12322
12326,ｍｏｎｅレディースクリニック江戸川,3,無床診療所,13,13123,江戸川区,東京都江戸川区船堀３丁目２－２２ラ・グリシーヌ船堀２階,True,0368088836,True,35.6815622,139.8629652,0,0,0,0,none,2026-09-14T13:55:49.499Z,https://birth-navi.mhlw.go.jp/facilities/12326
12330,黒田インターナショナル　メディカル　リプロダクション,3,無床診療所,13,13102,中央区,東京都中央区新川２－２２－１　いちご新川ビル６Ｆ,True,0335555650,True,35.6744861,139.7818996,0,0,0,0,none,2026-09-14T13:55:51.225Z,https://birth-navi.mhlw.go.jp/facilities/12330
12331,医療法人社団　銀座レディースクリニック,3,無床診療所,13,13102,中央区,東京都中央区銀座４－６－１１　銀座センタービル６Ｆ,True,0335351117,True,35.6711676,139.7654885,0,0,0,0,none,2026-09-14T22:07:40.000Z,https://birth-navi.mhlw.go.jp/facilities/12331
12334,医療法人社団至誠会　横山外科内科,3,無床診療所,13,13109,品川区,東京都品川区二葉２－３－４,True,0337860061,True,35.6052786,139.7256869,0,0,0,0,none,2026-09-14T13:55:52.883Z,https://birth-navi.mhlw.go.jp/facilities/12334
12337,医療法人社団聖仁会　三軒茶屋ウィメンズクリニック,3,無床診療所,13,13112,世田谷区,東京都世田谷区太子堂１－１２－３４　ル・リオン三軒茶屋２Ｆ,True,0357797155,True,35.6446747,139.6740372,0,0,0,0,none,2026-09-14T13:55:54.055Z,https://birth-navi.mhlw.go.jp/facilities/12337
12347,医療法人社団新宿レディースクリニック会　池袋レディースクリニック,3,無床診療所,13,13116,豊島区,東京都豊島区東池袋１－１０－１　住友池袋駅前ビル３Ｆ,True,0369111971,True,35.7302742,139.714305,0,0,0,0,none,2026-09-14T13:55:58.176Z,https://birth-navi.mhlw.go.jp/facilities/12347
12348,慶愛クリニック,3,無床診療所,13,13116,豊島区,東京都豊島区東池袋１－１２－８　富士喜ビル４階,True,0339873090,True,35.7293608,139.7142972,0,0,0,0,none,2026-09-14T13:55:58.577Z,https://birth-navi.mhlw.go.jp/facilities/12348
12350,医療法人社団ひとみ会　臼井医院,2,有床診療所,13,13121,足立区,東京都足立区東和２－１２－１８,True,0336051677,True,35.7683201,139.8416453,0,0,0,0,none,2026-09-14T13:55:59.382Z,https://birth-navi.mhlw.go.jp/facilities/12350
12352,医療法人社団新宿レディースクリニック会　上野レディースクリニック,3,無床診療所,13,13106,台東区,東京都台東区上野２－７－１３　ヒューリック・損保ジャパン上野共同ビル２Ｆ,True,0358121971,True,35.7091191,139.7730455,0,0,0,0,none,2026-09-14T13:56:00.245Z,https://birth-navi.mhlw.go.jp/facilities/12352
12357,医療法人社団アート会　キネマアートクリニック,3,無床診療所,13,13111,大田区,東京都大田区蒲田５－２８－１８　京急醍醐共同開発ビル３階,True,0354801940,True,35.562032,139.7199804,0,0,0,0,none,2026-09-14T13:56:02.486Z,https://birth-navi.mhlw.go.jp/facilities/12357
12362,京野アートクリニック高輪,3,無床診療所,13,13103,港区,東京都港区高輪３－１３－１　高輪コート５Ｆ,True,0364084124,True,35.6310382,139.7363312,0,0,0,0,none,2026-09-14T13:56:04.665Z,https://birth-navi.mhlw.go.jp/facilities/12362
12363,白金高輪海老根ウィメンズクリニック,3,無床診療所,13,13103,港区,東京都港区高輪１－２－１７　高輪梶ビル５－７Ｆ,True,0357892590,True,35.6443691,139.7353268,0,0,0,0,none,2026-09-14T13:56:05.087Z,https://birth-navi.mhlw.go.jp/facilities/12363
12365,東京ＡＭＨクリニック銀座,3,無床診療所,13,13103,港区,東京都港区新橋１－９－５　ＫＤＸ新橋駅前ビル　２Ｆ,True,0335734124,True,35.6671821,139.7600884,0,0,0,0,none,2026-09-14T13:56:05.954Z,https://birth-navi.mhlw.go.jp/facilities/12365
12367,表参道ＡＲＴクリニック,3,無床診療所,13,13103,港区,東京都港区北青山３－１１－７　アオビル１１カイ,True,0364335461,True,35.6638119,139.7106551,0,0,0,0,none,2026-09-14T13:56:06.831Z,https://birth-navi.mhlw.go.jp/facilities/12367
12371,京野アートクリニック品川,3,無床診療所,13,13109,品川区,東京都品川区北品川５－１５－４,True,0364084720,True,35.6217433,139.7336668,0,0,0,0,none,2026-09-14T13:56:08.570Z,https://birth-navi.mhlw.go.jp/facilities/12371
12372,アヴァンセレディースクリニック,3,無床診療所,13,13109,品川区,東京都品川区西五反田２－２８－１１　ＦＰ五反田ビル地下１階,True,0364200016,True,35.624651,139.7209381,0,0,0,0,none,2026-09-14T13:56:09.016Z,https://birth-navi.mhlw.go.jp/facilities/12372
12374,医療法人社団光創会　神田ウイメンズクリニック,3,無床診療所,13,13101,千代田区,東京都千代田区鍛冶町２－８－６　メディカルプライム神田６Ｆ,True,0362060065,True,35.6926111,139.7726534,0,0,0,0,none,2026-09-14T13:56:09.869Z,https://birth-navi.mhlw.go.jp/facilities/12374
12385,銀座こうのとりレディースクリニック,3,無床診療所,13,13102,中央区,東京都中央区銀座１－３－９　マルイト銀座ビル７Ｆ,True,0351592077,True,35.6751452,139.7661964,0,0,0,0,none,2026-09-14T13:56:14.602Z,https://birth-navi.mhlw.go.jp/facilities/12385
12387,青空レディースクリニック,3,無床診療所,13,13201,八王子市,東京都八王子市旭町８－１０　比留間ビル５Ｆ,True,0426498305,True,35.6575497,139.3381524,0,0,0,0,none,2026-09-14T13:56:15.320Z,https://birth-navi.mhlw.go.jp/facilities/12387
12399,神奈川レディースクリニック,3,無床診療所,14,14102,横浜市神奈川区,神奈川県横浜市神奈川区西神奈川１－１１ー５　ＡＲＴＶＩＳＴＡ横浜ビル６階,True,0452908666,True,35.48023,139.6315034,0,0,0,0,none,2026-09-14T13:56:19.719Z,https://birth-navi.mhlw.go.jp/facilities/12399
12401,医療法人日伸会かなこレディースクリニック金沢文庫,3,無床診療所,14,14107,横浜市磯子区,神奈川県横浜市磯子区杉田1-12-23 TSグランデ 4階,True,0457723636,True,35.3839081,139.6179243,0,0,0,0,none,2026-09-14T13:56:20.490Z,https://birth-navi.mhlw.go.jp/facilities/12401
12404,医療法人産婦人科クリニックさくら,3,無床診療所,14,14117,横浜市青葉区,神奈川県横浜市青葉区新石川２－９－３,True,0459119936,True,35.5752223,139.5592835,0,0,0,0,none,2026-09-14T13:56:21.578Z,https://birth-navi.mhlw.go.jp/facilities/12404
12405,ＣＭポートクリニック,3,無床診療所,14,14118,横浜市都筑区,神奈川県横浜市都筑区茅ヶ崎中央50-17　CM-PORTビル B1F,True,0459483761,True,35.5460901,139.575181,0,0,0,0,none,2026-09-14T13:56:21.901Z,https://birth-navi.mhlw.go.jp/facilities/12405
12416,ゆきこレディースクリニック,3,無床診療所,14,14152,相模原市中央区,神奈川県相模原市中央区相生１－３－１６,True,0427074340,True,35.5653034,139.3849561,0,0,0,0,none,2026-09-14T13:56:25.924Z,https://birth-navi.mhlw.go.jp/facilities/12416
12419,メディカルパークみなとみらい,3,無床診療所,14,14104,横浜市中区,神奈川県横浜市中区桜木町１－１－８　日石横浜ビル４Ｆ,True,0452324741,True,35.4537338,139.6301196,0,0,0,0,none,2026-09-14T13:56:26.987Z,https://birth-navi.mhlw.go.jp/facilities/12419
12421,うえだクリニック,3,無床診療所,15,15213,燕市,新潟県燕市井土巻２丁目６０,True,0256665666,True,37.652836,138.9317357,0,0,0,0,none,2026-09-14T13:56:27.627Z,https://birth-navi.mhlw.go.jp/facilities/12421
12426,医療法人　清澄会　ふくい輝クリニック,3,無床診療所,18,18201,福井市,福井県福井市大願寺２丁目９－１６,True,0776502510,True,36.0843548,136.228898,0,0,0,0,none,2026-09-14T13:56:29.255Z,https://birth-navi.mhlw.go.jp/facilities/12426
12428,このはなクリニック,3,無床診療所,20,20209,伊那市,長野県伊那市上新田２４２６,True,0265988814,True,35.8279147,137.9651311,0,0,0,0,none,2026-09-14T13:56:29.865Z,https://birth-navi.mhlw.go.jp/facilities/12428
12433,医療法人社団　啓樹会　西村ウイメンズクリニック,3,無床診療所,22,22138,浜松市中央区,静岡県浜松市中央区上島６－３０－３,True,0534790222,True,34.7449619,137.7377734,0,0,0,0,none,2026-09-14T13:56:31.521Z,https://birth-navi.mhlw.go.jp/facilities/12433
12434,大樹レディースクリニック,3,無床診療所,22,22138,浜松市中央区,静岡県浜松市中央区根洗町５４７ー２,True,0534140700,True,34.7940784,137.6897872,0,0,0,0,none,2026-09-14T13:56:31.841Z,https://birth-navi.mhlw.go.jp/facilities/12434
12436,（医）福間産婦人科クリニック,3,無床診療所,22,22102,静岡市駿河区,静岡県静岡市駿河区中原７３９－１,True,0542857717,True,34.9539689,138.387174,0,0,0,0,none,2026-09-14T13:56:32.484Z,https://birth-navi.mhlw.go.jp/facilities/12436
12437,国東産婦人科医院,3,無床診療所,22,22206,三島市,静岡県三島市南本町１３－３６,True,0559750906,True,35.1134238,138.9144938,0,0,0,0,none,2026-09-14T13:56:32.801Z,https://birth-navi.mhlw.go.jp/facilities/12437
12438,板東レディースクリニック,3,無床診療所,22,22207,富士宮市,静岡県富士宮市杉田１０１６－７,True,0544285800,True,35.2180372,138.6506466,0,0,0,0,none,2026-09-14T13:56:33.114Z,https://birth-navi.mhlw.go.jp/facilities/12438
12442,あかほり女性クリニック,3,無床診療所,22,22214,藤枝市,静岡県藤枝市前島１丁目３番１ホテルオーレ３階,True,0546258668,True,34.8483171,138.2522262,0,0,0,0,none,2026-09-14T13:56:34.448Z,https://birth-navi.mhlw.go.jp/facilities/12442
12449,医療法人裕修会　篠原産婦人科医院,3,無床診療所,23,23212,安城市,愛知県安城市錦町１０－１０,True,0566765456,True,34.952296,137.0852411,0,0,0,0,none,2026-09-14T13:56:36.890Z,https://birth-navi.mhlw.go.jp/facilities/12449
12454,医療法人亜一会　あいこ女性クリニック,3,無床診療所,23,23115,名古屋市名東区,愛知県名古屋市名東区よもぎ台２丁目９０４番地,True,0527778080,True,35.1756514,136.9909772,0,0,0,0,none,2026-09-14T13:56:38.606Z,https://birth-navi.mhlw.go.jp/facilities/12454
12458,なごやＡＲＴクリニック,3,無床診療所,23,23105,名古屋市中村区,愛知県名古屋市中村区太閤通一丁目２０番９号　Ｌ’ＥＮＶＯＬ　ＭＥＩＥＫＩ　３階,True,0524511103,True,35.1666373,136.880431,0,0,0,0,none,2026-09-14T13:56:40.131Z,https://birth-navi.mhlw.go.jp/facilities/12458
12460,栄産婦人科,3,無床診療所,23,23106,名古屋市中区,愛知県名古屋市中区栄５－２２－２２,True,0522515066,True,35.1632878,136.9146438,0,0,0,0,none,2026-09-14T13:56:40.816Z,https://birth-navi.mhlw.go.jp/facilities/12460
12461,なるかわレディースクリニック,3,無床診療所,23,23113,名古屋市守山区,愛知県名古屋市守山区野萩町１３－１４プラザ野萩２Ｆ,True,0527962220,True,35.2029482,136.9854622,0,0,0,0,none,2026-09-14T13:56:41.150Z,https://birth-navi.mhlw.go.jp/facilities/12461
12463,山田医院,3,無床診療所,23,23103,名古屋市北区,愛知県名古屋市北区萩野通２－１０ー２,True,0529812033,True,35.2094537,136.9105339,0,0,0,0,none,2026-09-14T13:56:41.838Z,https://birth-navi.mhlw.go.jp/facilities/12463
12470,とよた星の夢ＡＲＴクリニック,3,無床診療所,23,23211,豊田市,愛知県豊田市喜多町二丁目１６０番地　コモ・スクエアウエスト３階,True,0565373535,True,35.0864767,137.1585947,0,0,0,0,none,2026-09-14T13:56:44.169Z,https://birth-navi.mhlw.go.jp/facilities/12470
12473,医療法人　栄恵会　ＩＶＦ白子クリニック,3,無床診療所,24,24207,鈴鹿市,三重県鈴鹿市南江島町８－２,True,0593882288,True,34.839222,136.59298,0,0,0,0,none,2026-09-14T22:07:40.000Z,https://birth-navi.mhlw.go.jp/facilities/12473
12474,医療法人翡翠会　ひとみウィメンズクリニック,3,無床診療所,24,24341,菰野町,三重県三重郡菰野町大羽根園並木通１０－１,True,0593275400,True,35.0126005,136.4943433,0,0,0,0,none,2026-09-14T13:56:45.451Z,https://birth-navi.mhlw.go.jp/facilities/12474
12475,みのうらレディースクリニック,3,無床診療所,24,24207,鈴鹿市,三重県鈴鹿市磯山３丁目９－１７,True,0593800018,True,34.8169233,136.5706313,0,0,0,0,none,2026-09-14T13:56:45.792Z,https://birth-navi.mhlw.go.jp/facilities/12475
12476,はなだ婦人クリニック,5,無床助産所,25,25208,栗東市,滋賀県栗東市綣三丁目１０－２２,True,0775512175,True,35.0365735,135.9798989,0,0,0,0,none,2026-09-14T13:56:46.110Z,https://birth-navi.mhlw.go.jp/facilities/12476
12477,医療法人　木下レディースクリニック,3,無床診療所,25,25201,大津市,滋賀県大津市打出浜１０－３７,True,0775261451,True,35.0030915,135.878938,0,0,0,0,none,2026-09-14T13:56:46.422Z,https://birth-navi.mhlw.go.jp/facilities/12477
12482,志村ウィメンズクリニック,3,無床診療所,27,27127,大阪市北区,大阪府大阪市北区角田町８－４７　阪急グランドビル２２階,True,0663161132,True,34.7029862,135.4990478,0,0,0,0,none,2026-09-14T13:56:48.093Z,https://birth-navi.mhlw.go.jp/facilities/12482
12483,こおりたクリニック,3,無床診療所,27,27123,大阪市淀川区,大阪府大阪市淀川区東三国５－１５－２７,True,0663940055,True,34.7428525,135.4941686,0,0,0,0,none,2026-09-14T13:56:48.470Z,https://birth-navi.mhlw.go.jp/facilities/12483
12485,猪木産婦人科,2,有床診療所,27,27122,大阪市西成区,大阪府大阪市西成区旭１－１－３,True,0666410162,True,34.6447492,135.496361,0,0,0,0,none,2026-09-14T13:56:49.224Z,https://birth-navi.mhlw.go.jp/facilities/12485
12493,まんだいレディースクリニック,3,無床診療所,27,27219,和泉市,大阪府和泉市肥子町1丁目11-6-2,True,0725406088,True,34.4866295,135.4226786,0,0,0,0,none,2026-09-14T13:56:52.295Z,https://birth-navi.mhlw.go.jp/facilities/12493
12498,元林産婦人科内科,3,無床診療所,27,27126,大阪市平野区,大阪府大阪市平野区長吉出戸８－７－２７,True,0667070010,True,34.6067363,135.5756054,0,0,0,0,none,2026-09-14T13:56:54.229Z,https://birth-navi.mhlw.go.jp/facilities/12498
12502,なかむらレディースクリニック,3,無床診療所,27,27125,大阪市住之江区,大阪府大阪市住之江区西住之江１－１－３１　Ｎ．ＫＬＡＳＳ住ノ江１階,True,0666751211,True,34.6050666,135.4870755,0,0,0,0,none,2026-09-14T13:56:55.875Z,https://birth-navi.mhlw.go.jp/facilities/12502
12503,あかりクリニック,3,無床診療所,27,27203,豊中市,大阪府豊中市岡町北３丁目１－２２,True,0668521050,True,34.7801196,135.4644469,0,0,0,0,none,2026-09-14T13:56:56.278Z,https://birth-navi.mhlw.go.jp/facilities/12503
12509,医療法人　ＦＡＧＷ　のだ女性クリニック,3,無床診療所,27,27210,枚方市,大阪府枚方市岡東町１４番４８号　やまぐちビル４階,True,0728433267,True,34.8143932,135.6487234,0,0,0,0,none,2026-09-14T13:56:58.604Z,https://birth-navi.mhlw.go.jp/facilities/12509
12516,エクラ難波レディースクリニック,3,無床診療所,27,27111,大阪市浪速区,大阪府大阪市浪速区難波中１－６－８ＯｓａｋａＭｅｔｒｏなんばビルウェルビーイングモール２階,True,0666491010,True,34.6646718,135.4992678,0,0,0,0,none,2026-09-14T13:57:01.546Z,https://birth-navi.mhlw.go.jp/facilities/12516
12520,みちもとレディースクリニック,3,無床診療所,28,28106,神戸市長田区,兵庫県神戸市長田区東尻池町２丁目３－１６,True,0786714050,True,34.6614981,135.1565545,0,0,0,0,none,2026-09-14T13:57:03.146Z,https://birth-navi.mhlw.go.jp/facilities/12520
12521,清水クリニック,3,無床診療所,28,28108,神戸市垂水区,兵庫県神戸市垂水区本多聞６丁目２８－２３,True,0787833030,True,34.6525865,135.0493438,0,0,0,0,none,2026-09-14T13:57:03.489Z,https://birth-navi.mhlw.go.jp/facilities/12521
12522,はやし女性クリニック,3,無床診療所,28,28110,神戸市中央区,兵庫県神戸市中央区楠町５丁目１－１３,True,0783511688,True,34.6823744,135.1732954,0,0,0,0,none,2026-09-14T13:57:03.843Z,https://birth-navi.mhlw.go.jp/facilities/12522
12523,医療法人社団ＧＯＫやまなみ会　山辺レディースクリニック,3,無床診療所,28,28110,神戸市中央区,兵庫県神戸市中央区三宮町２丁目５－１三宮ハートビル５階,True,0783350555,True,34.6904937,135.1919127,0,0,0,0,none,2026-09-14T13:57:04.294Z,https://birth-navi.mhlw.go.jp/facilities/12523
12530,久保みずきレディースクリニック,3,無床診療所,28,28203,明石市,兵庫県明石市本町２丁目１－１５　ランテルナＭ２　１Ｆ,True,0789139811,True,34.6473246,134.9899497,0,0,0,0,none,2026-09-14T13:57:06.672Z,https://birth-navi.mhlw.go.jp/facilities/12530
12535,医療法人明日香会　ＡＳＫＡレディースクリニック,3,無床診療所,29,29201,奈良市,奈良県奈良市北登美ケ丘３－３－１７,True,0742517717,True,34.7229942,135.7579621,0,0,0,0,none,2026-09-14T13:57:08.384Z,https://birth-navi.mhlw.go.jp/facilities/12535
12536,ちえクリニック,3,無床診療所,29,29201,奈良市,奈良県奈良市学園北一丁目１４番１３号メディカル学園前３階,True,0742937412,True,34.6996981,135.7506229,0,0,0,0,none,2026-09-14T13:57:08.751Z,https://birth-navi.mhlw.go.jp/facilities/12536
12539,医療法人新生会　岩橋産科婦人科,2,有床診療所,30,30201,和歌山市,和歌山県和歌山市関戸１－６－４４,True,0734444060,True,34.1993073,135.1679857,0,0,0,0,none,2026-09-14T13:57:09.717Z,https://birth-navi.mhlw.go.jp/facilities/12539
12541,レディースクリニック和,3,無床診療所,30,30209,岩出市,和歌山県岩出市中黒１－３,True,0736677336,True,34.267065,135.2950867,0,0,0,0,none,2026-09-14T13:57:10.340Z,https://birth-navi.mhlw.go.jp/facilities/12541
12543,医療法人正誼堂　森本産婦人科医院,2,有床診療所,32,32201,松江市,島根県松江市雑賀町８２,True,0852252250,True,35.458222,133.0571966,0,0,0,0,none,2026-09-14T13:57:10.985Z,https://birth-navi.mhlw.go.jp/facilities/12543
12545,医療法人片山産婦人科,2,有床診療所,33,33204,玉野市,岡山県玉野市長尾２２９－１,True,0863714688,True,34.4961727,133.8867583,0,0,0,0,none,2026-09-14T13:57:11.603Z,https://birth-navi.mhlw.go.jp/facilities/12545
12549,医療法人社団　長谷川産婦人科,3,無床診療所,34,34205,尾道市,広島県尾道市久保１丁目１３番１８号,True,0848377472,True,34.4099704,133.2052165,0,0,0,0,none,2026-09-14T22:07:40.000Z,https://birth-navi.mhlw.go.jp/facilities/12549
12551,さだもりレディースクリニック,3,無床診療所,34,34101,広島市中区,広島県広島市中区大手町２丁目７番２号　Ｂａｌｃｏｍ大手町ビル　４Ｆ,True,0822421132,True,34.3926865,132.4564274,0,0,0,0,none,2026-09-14T13:57:13.720Z,https://birth-navi.mhlw.go.jp/facilities/12551
12553,医療法人　絹谷産婦人科,3,無床診療所,34,34101,広島市中区,広島県広島市中区本通８－２３　本通ヒルズ４Ｆ,True,0822476399,True,34.3929899,132.4587463,0,0,0,0,none,2026-09-14T13:57:14.396Z,https://birth-navi.mhlw.go.jp/facilities/12553
12555,母と子のまきクリニック Mother and Fetus Maki Clinic,3,無床診療所,34,34103,広島市南区,広島県広島市南区京橋町２－２４　ロイヤルエイト広島駅前３Ｆ,True,0822641105,True,34.3953227,132.472098,0,0,0,0,none,2026-09-14T13:57:15.076Z,https://birth-navi.mhlw.go.jp/facilities/12555
12556,笠岡レディースクリニック,3,無床診療所,34,34202,呉市,広島県呉市西中央１－３－９　５Ｆ,True,0823232828,True,34.2466159,132.5559985,0,0,0,0,none,2026-09-14T13:57:15.415Z,https://birth-navi.mhlw.go.jp/facilities/12556
12558,おがさ　まきレディースクリニック,3,無床診療所,35,35206,防府市,山口県防府市植松５５９－１　コスパメディカルビル　２Ｆ,True,0835261107,True,34.04877,131.538184,0,0,0,0,none,2026-09-14T13:57:16.118Z,https://birth-navi.mhlw.go.jp/facilities/12558
12563,武田産婦人科医院,2,有床診療所,38,38201,松山市,愛媛県松山市木屋町１丁目５－１４,True,0899243553,True,33.8484237,132.7599611,0,0,0,0,none,2026-09-14T13:57:17.767Z,https://birth-navi.mhlw.go.jp/facilities/12563
12564,鎌田産婦人科,2,有床診療所,38,38205,新居浜市,愛媛県新居浜市阿島１丁目１番５６号,True,0897453800,True,33.9771638,133.3524855,0,0,0,0,none,2026-09-14T13:57:18.110Z,https://birth-navi.mhlw.go.jp/facilities/12564
12568,かわのレディースクリニック,3,無床診療所,40,40131,福岡市東区,福岡県福岡市東区千早３丁目６番３７号　ガーデンズ千早２階,True,0926655110,True,33.6506338,130.4357924,0,0,0,0,none,2026-09-14T13:57:19.456Z,https://birth-navi.mhlw.go.jp/facilities/12568
12571,医療法人　中央レディスクリニック,3,無床診療所,40,40133,福岡市中央区,福岡県福岡市中央区天神２－４－３８ー６階,True,0927363355,True,33.5878166,130.3982731,0,0,0,0,none,2026-09-14T13:57:20.503Z,https://birth-navi.mhlw.go.jp/facilities/12571
12582,医療法人　井上善レディースクリニック,3,無床診療所,40,40133,福岡市中央区,福岡県福岡市中央区天神１−２−１２　メットライフ天神ビル６階,True,0924065302,True,33.5890182,130.4029531,0,0,0,0,none,2026-09-14T13:57:24.422Z,https://birth-navi.mhlw.go.jp/facilities/12582
12584,稗田産婦人科クリニック,3,無床診療所,41,41207,鹿島市,佐賀県鹿島市高津原４０４５ー２,True,0954633309,True,33.1146231,130.0960082,0,0,0,0,none,2026-09-14T13:57:25.133Z,https://birth-navi.mhlw.go.jp/facilities/12584
12586,医療法人雄大会よしだレディースクリニック,3,無床診療所,42,42205,大村市,長崎県大村市富の原２丁目３６６ー３,True,0957562227,True,32.9425921,129.9388889,0,0,0,0,none,2026-09-14T13:57:25.798Z,https://birth-navi.mhlw.go.jp/facilities/12586
12591,井上産婦人科医院,3,無床診療所,43,43208,山鹿市,熊本県山鹿市大橋通５０３―１,True,0968446615,True,33.0144245,130.6901535,0,0,0,0,none,2026-09-14T13:57:27.424Z,https://birth-navi.mhlw.go.jp/facilities/12591
12592,医療法人ブレス　本田レディースクリニック,3,無床診療所,43,43205,水俣市,熊本県水俣市浜町３ー６ー２１,True,0966632019,True,32.2126475,130.401232,0,0,0,0,none,2026-09-14T13:57:27.745Z,https://birth-navi.mhlw.go.jp/facilities/12592
12595,ＡＲＴレディスクリニックやまうち,3,無床診療所,45,45201,宮崎市,宮崎県宮崎市高千穂通２−５−５　とえだビル３Ｆ,True,0985320511,True,31.9164944,131.4290073,0,0,0,0,none,2026-09-14T13:57:28.770Z,https://birth-navi.mhlw.go.jp/facilities/12595
12596,鹿児島市夜間急病センター,3,無床診療所,46,46201,鹿児島市,鹿児島県鹿児島市鴨池２丁目２２－１８,True,0992143350,True,31.5638158,130.5511112,0,0,0,0,none,2026-09-14T13:57:29.119Z,https://birth-navi.mhlw.go.jp/facilities/12596
12914,日本赤十字社福島赤十字病院,100,,7,07201,福島市,福島市八島町7番7号,True,0245346101,True,37.7689717,140.4840779,0,0,0,0,none,2026-09-14T13:58:40.804Z,https://birth-navi.mhlw.go.jp/facilities/12914
12967,マタニティ・ケア・伊藤,100,,8,08215,北茨城市,北茨城市中郷町小野矢指２６－６,True,0293432012,True,36.7558012,140.7327953,0,0,0,0,none,2026-10-01T07:27:42.803Z,https://birth-navi.mhlw.go.jp/facilities/12967
12998,かえで助産院,100,,8,08235,つくばみらい市,,False,,False,,,0,0,0,0,none,2026-09-14T12:56:53.041Z,https://birth-navi.mhlw.go.jp/facilities/12998
12999,うえむら母乳育児相談室,100,,8,08235,つくばみらい市,,False,,False,,,0,0,0,0,none,2026-09-14T12:56:53.041Z,https://birth-navi.mhlw.go.jp/facilities/12999
13033,上都賀総合病院,100,,9,09214,さくら市,鹿沼市下田町1-1033,True,0289656066,True,36.5616936,139.7506766,0,0,0,0,none,2026-10-01T07:27:54.726Z,https://birth-navi.mhlw.go.jp/facilities/13033
13073,アルモア助産院,100,,10,10212,みどり市,みどり市大間々町桐原364－1,True,0277730330,True,36.4362192,139.2694208,0,0,0,0,none,2026-10-01T07:28:05.459Z,https://birth-navi.mhlw.go.jp/facilities/13073
13101,行田中央総合病院,100,,11,11206,行田市,行田市富士見町2-17-17,True,,False,36.147971,139.4751946,0,0,0,0,none,2026-10-01T07:28:13.130Z,https://birth-navi.mhlw.go.jp/facilities/13101
13153,竹内助産院,100,,11,11232,久喜市,幸手市南2-4-18,True,0480424787,True,36.0690774,139.7110082,0,0,0,0,none,2026-10-01T07:28:24.020Z,https://birth-navi.mhlw.go.jp/facilities/13153
13168,コメッコハウス,100,,11,11246,白岡市,白岡市西4-9-26,True,09032289791,True,36.0197364,139.6545157,0,0,0,0,none,2026-10-01T07:28:27.586Z,https://birth-navi.mhlw.go.jp/facilities/13168
13227,ウェルネスサロン よしたか助産院,100,,12,12231,印西市,印西市吉高１８８６－１０２,True,09090538889,True,35.7893238,140.2255558,0,0,0,0,none,2026-10-01T07:28:38.867Z,https://birth-navi.mhlw.go.jp/facilities/13227
13240,とりこえ助産院,100,,13,13101,千代田区,,False,,False,,,0,0,0,0,none,2026-09-14T12:56:53.041Z,https://birth-navi.mhlw.go.jp/facilities/13240
13508,あまね助産院,100,,14,14204,鎌倉市,,False,08080418962,True,,,0,0,0,0,none,2026-09-14T12:56:53.041Z,https://birth-navi.mhlw.go.jp/facilities/13508
13605,亀田第一病院,100,,15,15218,五泉市,新潟市江南区西町２丁目5-22,True,0253823111,True,37.8747192,139.104208,0,0,0,0,none,2026-10-01T07:29:57.864Z,https://birth-navi.mhlw.go.jp/facilities/13605
13902,ママ・ベビーサポートおくむら,100,,21,21303,笠松町,羽島郡笠松町清住町４１番地の３,True,09091789998,True,35.3691856,136.7570975,0,0,0,0,none,2026-10-01T07:30:50.052Z,https://birth-navi.mhlw.go.jp/facilities/13902
13955,ウィメンズケア助産院midori,100,,22,22209,島田市,藤枝市大洲2-30-6,True,0543742754,True,34.8278195,138.2470216,0,0,0,0,none,2026-10-01T07:31:01.032Z,https://birth-navi.mhlw.go.jp/facilities/13955
14002,M.ウェルネスクリニック覚王山,100,,23,23100,名古屋市,,False,07054425506,True,,,0,0,0,0,none,2026-09-14T12:56:53.041Z,https://birth-navi.mhlw.go.jp/facilities/14002
14072,ひまわり助産院,100,,23,23212,安城市,安城市井杭山町一本木3-13,True,0566774384,True,34.9767343,137.0577173,0,0,0,0,none,2026-10-01T07:31:19.620Z,https://birth-navi.mhlw.go.jp/facilities/14072
14167,まこと助産院,100,,26,26100,京都市,京都市山科区安朱中小路町28-1,True,0755955317,True,34.9939619,135.8181626,0,0,0,0,none,2026-10-01T07:31:38.261Z,https://birth-navi.mhlw.go.jp/facilities/14167
14174,くくう助産院,100,,26,26201,福知山市,,False,,False,,,0,0,0,0,none,2026-09-14T12:56:53.041Z,https://birth-navi.mhlw.go.jp/facilities/14174
14176,訪問看護ステーションcoco,100,,26,26201,福知山市,,False,,False,,,0,0,0,0,none,2026-09-14T12:56:53.041Z,https://birth-navi.mhlw.go.jp/facilities/14176
14196,井出産婦人科,100,,26,26207,城陽市,京田辺市東西神屋43,True,0774654433,True,34.8203334,135.7788682,0,0,0,0,none,2026-10-01T07:31:43.337Z,https://birth-navi.mhlw.go.jp/facilities/14196
14207,浜中産婦人科,100,,27,27140,堺市,堺市南区赤坂台3丁10番5号,True,0722983636,True,34.4864176,135.4740591,0,0,0,0,none,2026-10-01T07:31:46.321Z,https://birth-navi.mhlw.go.jp/facilities/14207
14211,青空助産所,100,,27,27140,堺市,,False,07055706420,True,,,0,0,0,0,none,2026-09-14T12:56:53.041Z,https://birth-navi.mhlw.go.jp/facilities/14211
14212,岩本助産院,100,,27,27140,堺市,,False,09059645903,True,,,0,0,0,0,none,2026-09-14T12:56:53.041Z,https://birth-navi.mhlw.go.jp/facilities/14212
14218,せきもと助産院,100,,27,27140,堺市,,False,0723637576,True,,,0,0,0,0,none,2026-09-14T12:56:53.041Z,https://birth-navi.mhlw.go.jp/facilities/14218
14331,庄村助産院,100,,28,28202,尼崎市,尼崎市昭和南通3丁目12番2号402,True,0664181943,True,34.7205232,135.4169101,0,0,0,0,none,2026-10-01T07:32:16.197Z,https://birth-navi.mhlw.go.jp/facilities/14331
14333,にじいろ助産院,100,,28,28202,尼崎市,大阪府大阪市淀川区十三東４丁目３番４９号,True,09082665634,True,34.7241901,135.4863537,0,0,0,0,none,2026-10-01T07:32:16.922Z,https://birth-navi.mhlw.go.jp/facilities/14333
14416,母乳育児相談はぐはぐ,100,,30,30201,和歌山市,和歌山市古屋507－170,True,09020668896,True,34.2486723,135.1188154,0,0,0,0,none,2026-10-01T07:32:33.124Z,https://birth-navi.mhlw.go.jp/facilities/14416
14569,にしだ助産所,100,,34,34207,福山市,福山市駅家町近田209-1,True,0849995238,True,34.5437093,133.3174499,0,0,0,0,none,2026-10-01T07:33:07.171Z,https://birth-navi.mhlw.go.jp/facilities/14569
14575,医療法人明和会　北広島病院,100,,34,34369,北広島町,北広島町壬生433-4,True,0826722050,True,34.6807177,132.551843,0,0,0,0,none,2026-10-01T07:33:08.743Z,https://birth-navi.mhlw.go.jp/facilities/14575
14590,針間産婦人科,100,,35,35203,山口市,宇部市常盤町2-1-44,True,0836212373,True,33.9508851,131.2498788,0,0,0,0,none,2026-10-01T07:33:11.176Z,https://birth-navi.mhlw.go.jp/facilities/14590
14595,助産院ぽわんと,100,,35,35203,山口市,山口市小郡上郷,True,08029220568,True,,,0,0,0,0,none,2026-09-14T12:56:53.041Z,https://birth-navi.mhlw.go.jp/facilities/14595
14598,いそはま助産所,100,,35,35203,山口市,周南市本町,True,09079492603,True,,,0,0,0,0,none,2026-09-14T12:56:53.041Z,https://birth-navi.mhlw.go.jp/facilities/14598
14603,マミーズハウス,100,,35,35203,山口市,岩国市南岩国町,True,09041060730,True,,,0,0,0,0,none,2026-09-14T12:56:53.041Z,https://birth-navi.mhlw.go.jp/facilities/14603
14609,いそはま助産院,100,,35,35206,防府市,周南市本町,True,08077411692,True,,,0,0,0,0,none,2026-09-14T12:56:53.041Z,https://birth-navi.mhlw.go.jp/facilities/14609
14611,とよしま助産院,100,,35,35206,防府市,萩市大字堀内,True,09075443902,True,,,0,0,0,0,none,2026-09-14T12:56:53.041Z,https://birth-navi.mhlw.go.jp/facilities/14611
14616,あさのみ助産院,100,,35,35208,岩国市,愛媛県新居浜市,True,09031826795,True,,,0,0,0,0,none,2026-09-14T12:56:53.041Z,https://birth-navi.mhlw.go.jp/facilities/14616
14844,きはら母乳育児相談室,100,,40,40223,古賀市,福岡市東区若宮3-7-36,True,0926731239,True,33.6376609,130.4503986,0,0,0,0,none,2026-10-01T07:33:56.824Z,https://birth-navi.mhlw.go.jp/facilities/14844
14847,助産院てくてく,100,,40,40224,福津市,,False,,False,,,0,0,0,0,none,2026-09-14T12:56:53.041Z,https://birth-navi.mhlw.go.jp/facilities/14847
14848,助産院いとむすび,100,,40,40224,福津市,福津市本木1325-1,True,09071520938,True,33.7590504,130.5234493,0,0,0,0,none,2026-10-01T07:33:57.456Z,https://birth-navi.mhlw.go.jp/facilities/14848
14889,田中産婦人科,100,,41,41201,佐賀市,佐賀市兵庫南1-19-42,True,0952261188,True,33.2610976,130.317606,0,0,0,0,none,2026-10-01T07:34:01.386Z,https://birth-navi.mhlw.go.jp/facilities/14889
15016,下川産婦人科医院,100,,43,43367,南関町,,False,,False,,,0,0,0,0,none,2026-09-14T12:56:53.041Z,https://birth-navi.mhlw.go.jp/facilities/15016
15023,マミーズMORI,100,,43,43404,菊陽町,菊陽町光の森１丁目８番７号,True,08083645867,True,32.8581596,130.7771938,0,0,0,0,none,2026-10-01T07:34:31.700Z,https://birth-navi.mhlw.go.jp/facilities/15023
15026,ちが産婦人科医院,100,,43,43433,南阿蘇村,熊本県菊池郡菊陽町原水2951番1,True,0962329031,True,32.875792,130.851472,0,0,0,0,none,2026-10-01T07:34:32.639Z,https://birth-navi.mhlw.go.jp/facilities/15026
15037,球磨郡公立多良木病院企業団,100,,43,43505,多良木町,多良木町大字多良木4210,True,0966422560,True,32.2544811,130.926316,0,0,0,0,none,2026-10-01T07:34:36.171Z,https://birth-navi.mhlw.go.jp/facilities/15037
15088,一般社団法人日本いのち心アカデミー協会　Mama’s　wing,100,,45,45203,延岡市,延岡市沖田町2637‐20,True,08039900723,True,32.5490842,131.6668698,0,0,0,0,none,2026-10-01T07:34:45.547Z,https://birth-navi.mhlw.go.jp/facilities/15088
15142,出張専門助産院 Mom Tomoni,100,,46,46225,姶良市,鹿児島市,True,,False,,,0,0,0,0,none,2026-09-14T12:56:53.041Z,https://birth-navi.mhlw.go.jp/facilities/15142
15270,いまえだ助産院,100,,25,25201,大津市,大津市南比良549－1,True,08063165390,True,35.2182719,135.9369748,0,0,0,0,none,2026-10-01T07:35:22.153Z,https://birth-navi.mhlw.go.jp/facilities/15270
15307,助産所まるまる,100,,28,28201,姫路市,神戸市長田区宮川町4-29,True,0786913228,True,34.672613,135.1456311,0,0,0,0,none,2026-10-01T07:35:30.527Z,https://birth-navi.mhlw.go.jp/facilities/15307
15327,"公立学校共済組合
近畿中央病院",100,,28,28201,姫路市,伊丹市車塚3－1,True,0727813712,True,34.7626433,135.4008561,0,0,0,0,none,2026-10-01T07:35:33.803Z,https://birth-navi.mhlw.go.jp/facilities/15327
15341,むすひ助産院,100,,28,28201,姫路市,小野市上本町176－7,True,09020187757,True,34.8493644,134.9348388,0,0,0,0,none,2026-10-01T07:35:35.089Z,https://birth-navi.mhlw.go.jp/facilities/15341
